{"type":"FeatureCollection","features":[{"type":"Feature","geometry":{"type":"Polygon","coordinates":[[[103.713832,1.341192],[103.715809,1.341192],[103.715809,1.343181],[103.713832,1.343181],[103.713832,1.341192]]]},"properties":{"id":"c48_55","score":54.2,"land":87,"power":0,"fibre":55,"community":64,"dSub":4824,"dDc":2233,"cx":103.71482,"cy":1.342187}},{"type":"Feature","geometry":{"type":"Polygon","coordinates":[[[103.754267,1.33667],[103.756244,1.33667],[103.756244,1.33866],[103.754267,1.33866],[103.754267,1.33667]]]},"properties":{"id":"c66_53","score":66.9,"land":84,"power":21,"fibre":70,"community":91,"dSub":2378,"dDc":1514,"cx":103.755256,"cy":1.337665}},{"type":"Feature","geometry":{"type":"Polygon","coordinates":[[[103.754267,1.3118],[103.756244,1.3118],[103.756244,1.313789],[103.754267,1.313789],[103.754267,1.3118]]]},"properties":{"id":"c66_42","score":46.7,"land":21,"power":65,"fibre":61,"community":55,"dSub":1056,"dDc":1950,"cx":103.755256,"cy":1.312794}},{"type":"Feature","geometry":{"type":"Polygon","coordinates":[[[103.747528,1.363801],[103.749505,1.363801],[103.749505,1.365791],[103.747528,1.365791],[103.747528,1.363801]]]},"properties":{"id":"c63_65","score":42.8,"land":11,"power":89,"fibre":50,"community":34,"dSub":329,"dDc":2500,"cx":103.748516,"cy":1.364796}},{"type":"Feature","geometry":{"type":"Polygon","coordinates":[[[103.756514,1.40902],[103.758491,1.40902],[103.758491,1.411009],[103.756514,1.411009],[103.756514,1.40902]]]},"properties":{"id":"c67_85","score":52.0,"land":86,"power":0,"fibre":11,"community":99,"dSub":4814,"dDc":4444,"cx":103.757502,"cy":1.410014}},{"type":"Feature","geometry":{"type":"Polygon","coordinates":[[[103.747528,1.320843],[103.749505,1.320843],[103.749505,1.322833],[103.747528,1.322833],[103.747528,1.320843]]]},"properties":{"id":"c63_46","score":63.3,"land":57,"power":43,"fibre":86,"community":78,"dSub":1712,"dDc":711,"cx":103.748516,"cy":1.321838}},{"type":"Feature","geometry":{"type":"Polygon","coordinates":[[[103.745282,1.406759],[103.747259,1.406759],[103.747259,1.408748],[103.745282,1.408748],[103.745282,1.406759]]]},"properties":{"id":"c62_84","score":54.1,"land":100,"power":0,"fibre":0,"community":95,"dSub":4523,"dDc":5435,"cx":103.74627,"cy":1.407754}},{"type":"Feature","geometry":{"type":"Polygon","coordinates":[[[103.716078,1.300495],[103.718055,1.300495],[103.718055,1.302485],[103.716078,1.302485],[103.716078,1.300495]]]},"properties":{"id":"c49_37","score":65.7,"land":100,"power":0,"fibre":53,"community":100,"dSub":5457,"dDc":2334,"cx":103.717067,"cy":1.30149}},{"type":"Feature","geometry":{"type":"Polygon","coordinates":[[[103.769992,1.406759],[103.771969,1.406759],[103.771969,1.408748],[103.769992,1.408748],[103.769992,1.406759]]]},"properties":{"id":"c73_84","score":56.3,"land":100,"power":0,"fibre":23,"community":84,"dSub":5047,"dDc":3872,"cx":103.770981,"cy":1.407754}},{"type":"Feature","geometry":{"type":"Polygon","coordinates":[[[103.736296,1.402237],[103.738273,1.402237],[103.738273,1.404226],[103.736296,1.404226],[103.736296,1.402237]]]},"properties":{"id":"c58_82","score":41.6,"land":66,"power":0,"fibre":0,"community":92,"dSub":4259,"dDc":5107,"cx":103.737284,"cy":1.403232}},{"type":"Feature","geometry":{"type":"Polygon","coordinates":[[[103.695861,1.377367],[103.697838,1.377367],[103.697838,1.379356],[103.695861,1.379356],[103.695861,1.377367]]]},"properties":{"id":"c40_71","score":41.5,"land":59,"power":0,"fibre":19,"community":85,"dSub":6093,"dDc":4030,"cx":103.696849,"cy":1.378361}},{"type":"Feature","geometry":{"type":"Polygon","coordinates":[[[103.785717,1.298234],[103.787694,1.298234],[103.787694,1.300224],[103.785717,1.300224],[103.785717,1.298234]]]},"properties":{"id":"c80_36","score":45.5,"land":26,"power":0,"fibre":89,"community":94,"dSub":3296,"dDc":566,"cx":103.786705,"cy":1.299229}},{"type":"Feature","geometry":{"type":"Polygon","coordinates":[[[103.761006,1.422585],[103.762983,1.422585],[103.762983,1.424575],[103.761006,1.424575],[103.761006,1.422585]]]},"properties":{"id":"c69_91","score":59.1,"land":91,"power":0,"fibre":41,"community":95,"dSub":6381,"dDc":2961,"cx":103.761995,"cy":1.42358}},{"type":"Feature","geometry":{"type":"Polygon","coordinates":[[[103.738542,1.402237],[103.740519,1.402237],[103.740519,1.404226],[103.738542,1.404226],[103.738542,1.402237]]]},"properties":{"id":"c59_82","score":53.3,"land":98,"power":0,"fibre":0,"community":95,"dSub":4180,"dDc":5169,"cx":103.739531,"cy":1.403232}},{"type":"Feature","geometry":{"type":"Polygon","coordinates":[[[103.73405,1.406759],[103.736027,1.406759],[103.736027,1.408748],[103.73405,1.408748],[103.73405,1.406759]]]},"properties":{"id":"c57_84","score":51.1,"land":92,"power":0,"fibre":0,"community":95,"dSub":4815,"dDc":5550,"cx":103.735038,"cy":1.407754}},{"type":"Feature","geometry":{"type":"Polygon","coordinates":[[[103.707093,1.354757],[103.70907,1.354757],[103.70907,1.356747],[103.707093,1.356747],[103.707093,1.354757]]]},"properties":{"id":"c45_61","score":66.5,"land":100,"power":0,"fibre":57,"community":100,"dSub":4876,"dDc":2126,"cx":103.708081,"cy":1.355752}},{"type":"Feature","geometry":{"type":"Polygon","coordinates":[[[103.709339,1.352496],[103.711316,1.352496],[103.711316,1.354486],[103.709339,1.354486],[103.709339,1.352496]]]},"properties":{"id":"c46_60","score":66.2,"land":100,"power":0,"fibre":61,"community":94,"dSub":4709,"dDc":1930,"cx":103.710328,"cy":1.353491}},{"type":"Feature","geometry":{"type":"Polygon","coordinates":[[[103.761006,1.332148],[103.762983,1.332148],[103.762983,1.334138],[103.761006,1.334138],[103.761006,1.332148]]]},"properties":{"id":"c69_51","score":42.7,"land":3,"power":43,"fibre":62,"community":91,"dSub":1707,"dDc":1888,"cx":103.761995,"cy":1.333143}},{"type":"Feature","geometry":{"type":"Polygon","coordinates":[[[103.763253,1.325365],[103.76523,1.325365],[103.76523,1.327355],[103.763253,1.327355],[103.763253,1.325365]]]},"properties":{"id":"c70_48","score":71.2,"land":80,"power":68,"fibre":59,"community":73,"dSub":956,"dDc":2045,"cx":103.764241,"cy":1.32636}},{"type":"Feature","geometry":{"type":"Polygon","coordinates":[[[103.761006,1.329887],[103.762983,1.329887],[103.762983,1.331877],[103.761006,1.331877],[103.761006,1.329887]]]},"properties":{"id":"c69_50","score":48.2,"land":13,"power":51,"fibre":64,"community":90,"dSub":1459,"dDc":1824,"cx":103.761995,"cy":1.330882}},{"type":"Feature","geometry":{"type":"Polygon","coordinates":[[[103.716078,1.316322],[103.718055,1.316322],[103.718055,1.318311],[103.716078,1.318311],[103.716078,1.316322]]]},"properties":{"id":"c49_44","score":52.9,"land":56,"power":0,"fibre":69,"community":98,"dSub":5152,"dDc":1564,"cx":103.717067,"cy":1.317316}},{"type":"Feature","geometry":{"type":"Polygon","coordinates":[[[103.718325,1.3118],[103.720302,1.3118],[103.720302,1.313789],[103.718325,1.313789],[103.718325,1.3118]]]},"properties":{"id":"c50_42","score":66.9,"land":100,"power":0,"fibre":62,"community":97,"dSub":4933,"dDc":1877,"cx":103.719313,"cy":1.312794}},{"type":"Feature","geometry":{"type":"Polygon","coordinates":[[[103.720571,1.3118],[103.722548,1.3118],[103.722548,1.313789],[103.720571,1.313789],[103.720571,1.3118]]]},"properties":{"id":"c51_42","score":66.1,"land":100,"power":0,"fibre":58,"community":98,"dSub":4684,"dDc":2119,"cx":103.72156,"cy":1.312794}},{"type":"Feature","geometry":{"type":"Polygon","coordinates":[[[103.720571,1.307278],[103.722548,1.307278],[103.722548,1.309267],[103.720571,1.309267],[103.720571,1.307278]]]},"properties":{"id":"c51_40","score":61.5,"land":89,"power":0,"fibre":54,"community":97,"dSub":4769,"dDc":2285,"cx":103.72156,"cy":1.308273}},{"type":"Feature","geometry":{"type":"Polygon","coordinates":[[[103.720571,1.314061],[103.722548,1.314061],[103.722548,1.31605],[103.720571,1.31605],[103.720571,1.314061]]]},"properties":{"id":"c51_43","score":58.4,"land":77,"power":0,"fibre":58,"community":99,"dSub":4662,"dDc":2077,"cx":103.72156,"cy":1.315055}},{"type":"Feature","geometry":{"type":"Polygon","coordinates":[[[103.722818,1.314061],[103.724794,1.314061],[103.724794,1.31605],[103.722818,1.31605],[103.722818,1.314061]]]},"properties":{"id":"c52_43","score":58.3,"land":79,"power":0,"fibre":53,"community":99,"dSub":4412,"dDc":2325,"cx":103.723806,"cy":1.315055}},{"type":"Feature","geometry":{"type":"Polygon","coordinates":[[[103.749774,1.33667],[103.751751,1.33667],[103.751751,1.33866],[103.749774,1.33866],[103.749774,1.33667]]]},"properties":{"id":"c64_53","score":72.5,"land":100,"power":13,"fibre":75,"community":96,"dSub":2609,"dDc":1226,"cx":103.750763,"cy":1.337665}},{"type":"Feature","geometry":{"type":"Polygon","coordinates":[[[103.749774,1.338931],[103.751751,1.338931],[103.751751,1.34092],[103.749774,1.34092],[103.749774,1.338931]]]},"properties":{"id":"c64_54","score":62.5,"land":79,"power":6,"fibre":71,"community":96,"dSub":2823,"dDc":1454,"cx":103.750763,"cy":1.339926}},{"type":"Feature","geometry":{"type":"Polygon","coordinates":[[[103.736296,1.300495],[103.738273,1.300495],[103.738273,1.302485],[103.736296,1.302485],[103.736296,1.300495]]]},"properties":{"id":"c58_37","score":55.8,"land":84,"power":0,"fibre":39,"community":93,"dSub":3414,"dDc":3055,"cx":103.737284,"cy":1.30149}},{"type":"Feature","geometry":{"type":"Polygon","coordinates":[[[103.736296,1.302756],[103.738273,1.302756],[103.738273,1.304746],[103.736296,1.304746],[103.736296,1.302756]]]},"properties":{"id":"c58_38","score":61.0,"land":96,"power":0,"fibre":44,"community":94,"dSub":3290,"dDc":2818,"cx":103.737284,"cy":1.303751}},{"type":"Feature","geometry":{"type":"Polygon","coordinates":[[[103.73405,1.307278],[103.736027,1.307278],[103.736027,1.309267],[103.73405,1.309267],[103.73405,1.307278]]]},"properties":{"id":"c57_40","score":63.4,"land":96,"power":0,"fibre":51,"community":99,"dSub":3322,"dDc":2467,"cx":103.735038,"cy":1.308273}},{"type":"Feature","geometry":{"type":"Polygon","coordinates":[[[103.747528,1.298234],[103.749505,1.298234],[103.749505,1.300224],[103.747528,1.300224],[103.747528,1.298234]]]},"properties":{"id":"c63_36","score":61.2,"land":90,"power":12,"fibre":37,"community":96,"dSub":2632,"dDc":3163,"cx":103.748516,"cy":1.299229}},{"type":"Feature","geometry":{"type":"Polygon","coordinates":[[[103.749774,1.302756],[103.751751,1.302756],[103.751751,1.304746],[103.749774,1.304746],[103.749774,1.302756]]]},"properties":{"id":"c64_38","score":67.5,"land":90,"power":30,"fibre":46,"community":96,"dSub":2089,"dDc":2704,"cx":103.750763,"cy":1.303751}},{"type":"Feature","geometry":{"type":"Polygon","coordinates":[[[103.749774,1.300495],[103.751751,1.300495],[103.751751,1.302485],[103.749774,1.302485],[103.749774,1.300495]]]},"properties":{"id":"c64_37","score":61.7,"land":80,"power":24,"fibre":41,"community":97,"dSub":2281,"dDc":2949,"cx":103.750763,"cy":1.30149}},{"type":"Feature","geometry":{"type":"Polygon","coordinates":[[[103.704846,1.354757],[103.706823,1.354757],[103.706823,1.356747],[103.704846,1.356747],[103.704846,1.354757]]]},"properties":{"id":"c44_61","score":62.4,"land":97,"power":0,"fibre":53,"community":91,"dSub":5118,"dDc":2374,"cx":103.705835,"cy":1.355752}},{"type":"Feature","geometry":{"type":"Polygon","coordinates":[[[103.75876,1.406759],[103.760737,1.406759],[103.760737,1.408748],[103.75876,1.408748],[103.75876,1.406759]]]},"properties":{"id":"c68_84","score":56.8,"land":100,"power":0,"fibre":10,"community":99,"dSub":4618,"dDc":4519,"cx":103.759749,"cy":1.407754}},{"type":"Feature","geometry":{"type":"Polygon","coordinates":[[[103.711586,1.3118],[103.713562,1.3118],[103.713562,1.313789],[103.711586,1.313789],[103.711586,1.3118]]]},"properties":{"id":"c47_42","score":69.6,"land":100,"power":0,"fibre":77,"community":96,"dSub":5679,"dDc":1168,"cx":103.712574,"cy":1.312794}},{"type":"Feature","geometry":{"type":"Polygon","coordinates":[[[103.718325,1.370584],[103.720302,1.370584],[103.720302,1.372573],[103.718325,1.372573],[103.718325,1.370584]]]},"properties":{"id":"c50_68","score":40.3,"land":25,"power":0,"fibre":66,"community":92,"dSub":3499,"dDc":1709,"cx":103.719313,"cy":1.371579}},{"type":"Feature","geometry":{"type":"Polygon","coordinates":[[[103.698107,1.316322],[103.700084,1.316322],[103.700084,1.318311],[103.698107,1.318311],[103.698107,1.316322]]]},"properties":{"id":"c41_44","score":73.6,"land":99,"power":0,"fibre":95,"community":99,"dSub":7152,"dDc":274,"cx":103.699096,"cy":1.317316}},{"type":"Feature","geometry":{"type":"Polygon","coordinates":[[[103.700354,1.318582],[103.70233,1.318582],[103.70233,1.320572],[103.700354,1.320572],[103.700354,1.318582]]]},"properties":{"id":"c42_45","score":68.4,"land":84,"power":0,"fibre":96,"community":99,"dSub":6905,"dDc":197,"cx":103.701342,"cy":1.319577}},{"type":"Feature","geometry":{"type":"Polygon","coordinates":[[[103.698107,1.320843],[103.700084,1.320843],[103.700084,1.322833],[103.698107,1.322833],[103.698107,1.320843]]]},"properties":{"id":"c41_46","score":66.4,"land":79,"power":0,"fibre":95,"community":99,"dSub":7166,"dDc":257,"cx":103.699096,"cy":1.321838}},{"type":"Feature","geometry":{"type":"Polygon","coordinates":[[[103.698107,1.318582],[103.700084,1.318582],[103.700084,1.320572],[103.698107,1.320572],[103.698107,1.318582]]]},"properties":{"id":"c41_45","score":73.6,"land":100,"power":0,"fibre":94,"community":99,"dSub":7155,"dDc":320,"cx":103.699096,"cy":1.319577}},{"type":"Feature","geometry":{"type":"Polygon","coordinates":[[[103.776731,1.291451],[103.778708,1.291451],[103.778708,1.293441],[103.776731,1.293441],[103.776731,1.291451]]]},"properties":{"id":"c76_33","score":51.3,"land":59,"power":0,"fibre":73,"community":81,"dSub":3223,"dDc":1361,"cx":103.77772,"cy":1.292446}},{"type":"Feature","geometry":{"type":"Polygon","coordinates":[[[103.754267,1.406759],[103.756244,1.406759],[103.756244,1.408748],[103.754267,1.408748],[103.754267,1.406759]]]},"properties":{"id":"c66_84","score":53.5,"land":94,"power":0,"fibre":4,"community":100,"dSub":4532,"dDc":4792,"cx":103.755256,"cy":1.407754}},{"type":"Feature","geometry":{"type":"Polygon","coordinates":[[[103.772238,1.293712],[103.774215,1.293712],[103.774215,1.295702],[103.772238,1.295702],[103.772238,1.293712]]]},"properties":{"id":"c74_34","score":40.2,"land":34,"power":7,"fibre":63,"community":69,"dSub":2776,"dDc":1830,"cx":103.773227,"cy":1.294707}},{"type":"Feature","geometry":{"type":"Polygon","coordinates":[[[103.761006,1.320843],[103.762983,1.320843],[103.762983,1.322833],[103.761006,1.322833],[103.761006,1.320843]]]},"properties":{"id":"c69_46","score":42.8,"land":5,"power":84,"fibre":62,"community":39,"dSub":476,"dDc":1904,"cx":103.761995,"cy":1.321838}},{"type":"Feature","geometry":{"type":"Polygon","coordinates":[[[103.763253,1.323104],[103.76523,1.323104],[103.76523,1.325094],[103.763253,1.325094],[103.763253,1.323104]]]},"properties":{"id":"c70_47","score":44.3,"land":9,"power":76,"fibre":58,"community":52,"dSub":708,"dDc":2078,"cx":103.764241,"cy":1.324099}},{"type":"Feature","geometry":{"type":"Polygon","coordinates":[[[103.745282,1.334409],[103.747259,1.334409],[103.747259,1.336399],[103.745282,1.336399],[103.745282,1.334409]]]},"properties":{"id":"c62_52","score":44.7,"land":21,"power":9,"fibre":83,"community":92,"dSub":2724,"dDc":851,"cx":103.74627,"cy":1.335404}},{"type":"Feature","geometry":{"type":"Polygon","coordinates":[[[103.747528,1.325365],[103.749505,1.325365],[103.749505,1.327355],[103.747528,1.327355],[103.747528,1.325365]]]},"properties":{"id":"c63_48","score":57.4,"land":27,"power":36,"fibre":93,"community":100,"dSub":1906,"dDc":326,"cx":103.748516,"cy":1.32636}},{"type":"Feature","geometry":{"type":"Polygon","coordinates":[[[103.767746,1.440673],[103.769723,1.440673],[103.769723,1.442662],[103.767746,1.442662],[103.767746,1.440673]]]},"properties":{"id":"c72_99","score":66.7,"land":100,"power":0,"fibre":74,"community":84,"dSub":8497,"dDc":1296,"cx":103.768734,"cy":1.441667}},{"type":"Feature","geometry":{"type":"Polygon","coordinates":[[[103.776731,1.359279],[103.778708,1.359279],[103.778708,1.361269],[103.776731,1.361269],[103.776731,1.359279]]]},"properties":{"id":"c76_63","score":41.7,"land":79,"power":0,"fibre":0,"community":70,"dSub":3128,"dDc":5049,"cx":103.77772,"cy":1.360274}},{"type":"Feature","geometry":{"type":"Polygon","coordinates":[[[103.785717,1.293712],[103.787694,1.293712],[103.787694,1.295702],[103.785717,1.295702],[103.785717,1.293712]]]},"properties":{"id":"c80_34","score":63.9,"land":69,"power":5,"fibre":93,"community":99,"dSub":2856,"dDc":332,"cx":103.786705,"cy":1.294707}},{"type":"Feature","geometry":{"type":"Polygon","coordinates":[[[103.707093,1.323104],[103.70907,1.323104],[103.70907,1.325094],[103.707093,1.325094],[103.707093,1.323104]]]},"properties":{"id":"c45_47","score":71.6,"land":100,"power":0,"fibre":84,"community":99,"dSub":6192,"dDc":808,"cx":103.708081,"cy":1.324099}},{"type":"Feature","geometry":{"type":"Polygon","coordinates":[[[103.704846,1.320843],[103.706823,1.320843],[103.706823,1.322833],[103.704846,1.322833],[103.704846,1.320843]]]},"properties":{"id":"c44_46","score":71.4,"land":96,"power":0,"fibre":90,"community":98,"dSub":6418,"dDc":502,"cx":103.705835,"cy":1.321838}},{"type":"Feature","geometry":{"type":"Polygon","coordinates":[[[103.7026,1.323104],[103.704577,1.323104],[103.704577,1.325094],[103.7026,1.325094],[103.7026,1.323104]]]},"properties":{"id":"c43_47","score":66.6,"land":82,"power":0,"fibre":92,"community":98,"dSub":6689,"dDc":392,"cx":103.703588,"cy":1.324099}},{"type":"Feature","geometry":{"type":"Polygon","coordinates":[[[103.698107,1.323104],[103.700084,1.323104],[103.700084,1.325094],[103.698107,1.325094],[103.698107,1.323104]]]},"properties":{"id":"c41_47","score":57.6,"land":55,"power":0,"fibre":92,"community":99,"dSub":7186,"dDc":393,"cx":103.699096,"cy":1.324099}},{"type":"Feature","geometry":{"type":"Polygon","coordinates":[[[103.707093,1.320843],[103.70907,1.320843],[103.70907,1.322833],[103.707093,1.322833],[103.707093,1.320843]]]},"properties":{"id":"c45_46","score":71.5,"land":100,"power":0,"fibre":85,"community":98,"dSub":6168,"dDc":751,"cx":103.708081,"cy":1.321838}},{"type":"Feature","geometry":{"type":"Polygon","coordinates":[[[103.781224,1.286929],[103.783201,1.286929],[103.783201,1.288919],[103.781224,1.288919],[103.781224,1.286929]]]},"properties":{"id":"c78_31","score":53.5,"land":46,"power":14,"fibre":77,"community":94,"dSub":2594,"dDc":1146,"cx":103.782213,"cy":1.287924}},{"type":"Feature","geometry":{"type":"Polygon","coordinates":[[[103.778978,1.282408],[103.780955,1.282408],[103.780955,1.284397],[103.778978,1.284397],[103.778978,1.282408]]]},"properties":{"id":"c77_29","score":44.8,"land":28,"power":16,"fibre":66,"community":89,"dSub":2512,"dDc":1683,"cx":103.779966,"cy":1.283402}},{"type":"Feature","geometry":{"type":"Polygon","coordinates":[[[103.772238,1.300495],[103.774215,1.300495],[103.774215,1.302485],[103.772238,1.302485],[103.772238,1.300495]]]},"properties":{"id":"c74_37","score":57.6,"land":61,"power":30,"fibre":61,"community":83,"dSub":2108,"dDc":1963,"cx":103.773227,"cy":1.30149}},{"type":"Feature","geometry":{"type":"Polygon","coordinates":[[[103.769992,1.298234],[103.771969,1.298234],[103.771969,1.300224],[103.769992,1.300224],[103.769992,1.298234]]]},"properties":{"id":"c73_36","score":45.5,"land":34,"power":26,"fibre":57,"community":78,"dSub":2218,"dDc":2130,"cx":103.770981,"cy":1.299229}},{"type":"Feature","geometry":{"type":"Polygon","coordinates":[[[103.772238,1.298234],[103.774215,1.298234],[103.774215,1.300224],[103.772238,1.300224],[103.772238,1.298234]]]},"properties":{"id":"c74_36","score":46.6,"land":33,"power":23,"fibre":62,"community":84,"dSub":2325,"dDc":1887,"cx":103.773227,"cy":1.299229}},{"type":"Feature","geometry":{"type":"Polygon","coordinates":[[[103.774485,1.300495],[103.776462,1.300495],[103.776462,1.302485],[103.774485,1.302485],[103.774485,1.300495]]]},"properties":{"id":"c75_37","score":58.5,"land":63,"power":25,"fibre":65,"community":85,"dSub":2248,"dDc":1732,"cx":103.775473,"cy":1.30149}},{"type":"Feature","geometry":{"type":"Polygon","coordinates":[[[103.763253,1.316322],[103.76523,1.316322],[103.76523,1.318311],[103.763253,1.318311],[103.763253,1.316322]]]},"properties":{"id":"c70_44","score":52.0,"land":31,"power":96,"fibre":53,"community":33,"dSub":110,"dDc":2341,"cx":103.764241,"cy":1.317316}},{"type":"Feature","geometry":{"type":"Polygon","coordinates":[[[103.772238,1.332148],[103.774215,1.332148],[103.774215,1.334138],[103.772238,1.334138],[103.772238,1.332148]]]},"properties":{"id":"c74_51","score":50.2,"land":57,"power":33,"fibre":38,"community":74,"dSub":2024,"dDc":3098,"cx":103.773227,"cy":1.333143}},{"type":"Feature","geometry":{"type":"Polygon","coordinates":[[[103.774485,1.329887],[103.776462,1.329887],[103.776462,1.331877],[103.774485,1.331877],[103.774485,1.329887]]]},"properties":{"id":"c75_50","score":47.8,"land":41,"power":34,"fibre":34,"community":91,"dSub":1980,"dDc":3308,"cx":103.775473,"cy":1.330882}},{"type":"Feature","geometry":{"type":"Polygon","coordinates":[[[103.769992,1.332148],[103.771969,1.332148],[103.771969,1.334138],[103.769992,1.334138],[103.769992,1.332148]]]},"properties":{"id":"c73_51","score":44.3,"land":42,"power":37,"fibre":43,"community":60,"dSub":1900,"dDc":2853,"cx":103.770981,"cy":1.333143}},{"type":"Feature","geometry":{"type":"Polygon","coordinates":[[[103.720571,1.343453],[103.722548,1.343453],[103.722548,1.345442],[103.720571,1.345442],[103.720571,1.343453]]]},"properties":{"id":"c51_56","score":50.1,"land":77,"power":0,"fibre":67,"community":49,"dSub":4071,"dDc":1639,"cx":103.72156,"cy":1.344448}},{"type":"Feature","geometry":{"type":"Polygon","coordinates":[[[103.745282,1.327626],[103.747259,1.327626],[103.747259,1.329616],[103.745282,1.329616],[103.745282,1.327626]]]},"properties":{"id":"c62_49","score":80.6,"land":100,"power":25,"fibre":98,"community":99,"dSub":2249,"dDc":108,"cx":103.74627,"cy":1.328621}},{"type":"Feature","geometry":{"type":"Polygon","coordinates":[[[103.740789,1.327626],[103.742766,1.327626],[103.742766,1.329616],[103.740789,1.329616],[103.740789,1.327626]]]},"properties":{"id":"c60_49","score":42.9,"land":6,"power":10,"fibre":91,"community":99,"dSub":2685,"dDc":471,"cx":103.741777,"cy":1.328621}},{"type":"Feature","geometry":{"type":"Polygon","coordinates":[[[103.747528,1.329887],[103.749505,1.329887],[103.749505,1.331877],[103.747528,1.331877],[103.747528,1.329887]]]},"properties":{"id":"c63_50","score":52.5,"land":22,"power":27,"fibre":91,"community":100,"dSub":2199,"dDc":455,"cx":103.748516,"cy":1.330882}},{"type":"Feature","geometry":{"type":"Polygon","coordinates":[[[103.747528,1.332148],[103.749505,1.332148],[103.749505,1.334138],[103.747528,1.334138],[103.747528,1.332148]]]},"properties":{"id":"c63_51","score":67.3,"land":71,"power":21,"fibre":87,"community":99,"dSub":2371,"dDc":667,"cx":103.748516,"cy":1.333143}},{"type":"Feature","geometry":{"type":"Polygon","coordinates":[[[103.747528,1.334409],[103.749505,1.334409],[103.749505,1.336399],[103.747528,1.336399],[103.747528,1.334409]]]},"properties":{"id":"c63_52","score":74.3,"land":100,"power":15,"fibre":82,"community":96,"dSub":2556,"dDc":898,"cx":103.748516,"cy":1.335404}},{"type":"Feature","geometry":{"type":"Polygon","coordinates":[[[103.745282,1.329887],[103.747259,1.329887],[103.747259,1.331877],[103.745282,1.331877],[103.745282,1.329887]]]},"properties":{"id":"c62_50","score":78.5,"land":100,"power":20,"fibre":93,"community":99,"dSub":2392,"dDc":353,"cx":103.74627,"cy":1.330882}},{"type":"Feature","geometry":{"type":"Polygon","coordinates":[[[103.765499,1.309539],[103.767476,1.309539],[103.767476,1.311528],[103.765499,1.311528],[103.765499,1.309539]]]},"properties":{"id":"c71_41","score":44.4,"land":34,"power":71,"fibre":41,"community":33,"dSub":872,"dDc":2975,"cx":103.766488,"cy":1.310534}},{"type":"Feature","geometry":{"type":"Polygon","coordinates":[[[103.738542,1.325365],[103.740519,1.325365],[103.740519,1.327355],[103.738542,1.327355],[103.738542,1.325365]]]},"properties":{"id":"c59_48","score":68.5,"land":99,"power":6,"fibre":85,"community":76,"dSub":2817,"dDc":726,"cx":103.739531,"cy":1.32636}},{"type":"Feature","geometry":{"type":"Polygon","coordinates":[[[103.740789,1.323104],[103.742766,1.323104],[103.742766,1.325094],[103.740789,1.325094],[103.740789,1.323104]]]},"properties":{"id":"c60_47","score":51.4,"land":56,"power":17,"fibre":88,"community":50,"dSub":2502,"dDc":610,"cx":103.741777,"cy":1.324099}},{"type":"Feature","geometry":{"type":"Polygon","coordinates":[[[103.725064,1.325365],[103.727041,1.325365],[103.727041,1.327355],[103.725064,1.327355],[103.725064,1.325365]]]},"properties":{"id":"c53_48","score":40.5,"land":49,"power":0,"fibre":56,"community":61,"dSub":4259,"dDc":2216,"cx":103.726052,"cy":1.32636}},{"type":"Feature","geometry":{"type":"Polygon","coordinates":[[[103.720571,1.325365],[103.722548,1.325365],[103.722548,1.327355],[103.720571,1.327355],[103.720571,1.325365]]]},"properties":{"id":"c51_48","score":41.9,"land":49,"power":0,"fibre":54,"community":70,"dSub":4748,"dDc":2301,"cx":103.72156,"cy":1.32636}},{"type":"Feature","geometry":{"type":"Polygon","coordinates":[[[103.718325,1.323104],[103.720302,1.323104],[103.720302,1.325094],[103.718325,1.325094],[103.718325,1.323104]]]},"properties":{"id":"c50_47","score":66.0,"land":100,"power":0,"fibre":61,"community":94,"dSub":4952,"dDc":1969,"cx":103.719313,"cy":1.324099}},{"type":"Feature","geometry":{"type":"Polygon","coordinates":[[[103.778978,1.307278],[103.780955,1.307278],[103.780955,1.309267],[103.778978,1.309267],[103.778978,1.307278]]]},"properties":{"id":"c77_40","score":46.7,"land":31,"power":29,"fibre":64,"community":78,"dSub":2125,"dDc":1809,"cx":103.779966,"cy":1.308273}},{"type":"Feature","geometry":{"type":"Polygon","coordinates":[[[103.776731,1.309539],[103.778708,1.309539],[103.778708,1.311528],[103.776731,1.311528],[103.776731,1.309539]]]},"properties":{"id":"c76_41","score":45.6,"land":24,"power":40,"fibre":57,"community":79,"dSub":1787,"dDc":2162,"cx":103.77772,"cy":1.310534}},{"type":"Feature","geometry":{"type":"Polygon","coordinates":[[[103.774485,1.309539],[103.776462,1.309539],[103.776462,1.311528],[103.774485,1.311528],[103.774485,1.309539]]]},"properties":{"id":"c75_41","score":52.2,"land":36,"power":48,"fibre":53,"community":85,"dSub":1567,"dDc":2328,"cx":103.775473,"cy":1.310534}},{"type":"Feature","geometry":{"type":"Polygon","coordinates":[[[103.763253,1.309539],[103.76523,1.309539],[103.76523,1.311528],[103.763253,1.311528],[103.763253,1.309539]]]},"properties":{"id":"c70_41","score":53.0,"land":53,"power":73,"fibre":44,"community":37,"dSub":805,"dDc":2787,"cx":103.764241,"cy":1.310534}},{"type":"Feature","geometry":{"type":"Polygon","coordinates":[[[103.752021,1.327626],[103.753998,1.327626],[103.753998,1.329616],[103.752021,1.329616],[103.752021,1.327626]]]},"properties":{"id":"c65_49","score":60.4,"land":37,"power":45,"fibre":84,"community":97,"dSub":1664,"dDc":796,"cx":103.753009,"cy":1.328621}},{"type":"Feature","geometry":{"type":"Polygon","coordinates":[[[103.778978,1.305017],[103.780955,1.305017],[103.780955,1.307007],[103.778978,1.307007],[103.778978,1.305017]]]},"properties":{"id":"c77_39","score":48.9,"land":39,"power":25,"fibre":68,"community":78,"dSub":2259,"dDc":1621,"cx":103.779966,"cy":1.306012}},{"type":"Feature","geometry":{"type":"Polygon","coordinates":[[[103.778978,1.309539],[103.780955,1.309539],[103.780955,1.311528],[103.778978,1.311528],[103.778978,1.309539]]]},"properties":{"id":"c77_41","score":50.5,"land":47,"power":33,"fibre":60,"community":69,"dSub":2014,"dDc":2001,"cx":103.779966,"cy":1.310534}},{"type":"Feature","geometry":{"type":"Polygon","coordinates":[[[103.75876,1.451977],[103.760737,1.451977],[103.760737,1.453967],[103.75876,1.453967],[103.75876,1.451977]]]},"properties":{"id":"c68_104","score":64.7,"land":100,"power":0,"fibre":49,"community":99,"dSub":9556,"dDc":2540,"cx":103.759749,"cy":1.452972}},{"type":"Feature","geometry":{"type":"Polygon","coordinates":[[[103.747528,1.323104],[103.749505,1.323104],[103.749505,1.325094],[103.747528,1.325094],[103.747528,1.323104]]]},"properties":{"id":"c63_47","score":56.3,"land":27,"power":40,"fibre":90,"community":93,"dSub":1794,"dDc":493,"cx":103.748516,"cy":1.324099}},{"type":"Feature","geometry":{"type":"Polygon","coordinates":[[[103.745282,1.320843],[103.747259,1.320843],[103.747259,1.322833],[103.745282,1.322833],[103.745282,1.320843]]]},"properties":{"id":"c62_46","score":69.0,"land":80,"power":35,"fibre":87,"community":75,"dSub":1955,"dDc":651,"cx":103.74627,"cy":1.321838}},{"type":"Feature","geometry":{"type":"Polygon","coordinates":[[[103.783471,1.291451],[103.785447,1.291451],[103.785447,1.293441],[103.783471,1.293441],[103.783471,1.291451]]]},"properties":{"id":"c79_33","score":41.1,"land":6,"power":7,"fibre":87,"community":99,"dSub":2788,"dDc":649,"cx":103.784459,"cy":1.292446}},{"type":"Feature","geometry":{"type":"Polygon","coordinates":[[[103.7026,1.436151],[103.704577,1.436151],[103.704577,1.43814],[103.7026,1.43814],[103.7026,1.436151]]]},"properties":{"id":"c43_97","score":49.7,"land":98,"power":0,"fibre":0,"community":76,"dSub":9340,"dDc":8562,"cx":103.703588,"cy":1.437146}},{"type":"Feature","geometry":{"type":"Polygon","coordinates":[[[103.720571,1.440673],[103.722548,1.440673],[103.722548,1.442662],[103.720571,1.442662],[103.720571,1.440673]]]},"properties":{"id":"c51_99","score":42.1,"land":79,"power":0,"fibre":0,"community":72,"dSub":8853,"dDc":6540,"cx":103.72156,"cy":1.441667}},{"type":"Feature","geometry":{"type":"Polygon","coordinates":[[[103.716078,1.436151],[103.718055,1.436151],[103.718055,1.43814],[103.716078,1.43814],[103.716078,1.436151]]]},"properties":{"id":"c49_97","score":40.5,"land":79,"power":0,"fibre":0,"community":64,"dSub":8593,"dDc":7068,"cx":103.717067,"cy":1.437146}},{"type":"Feature","geometry":{"type":"Polygon","coordinates":[[[103.716078,1.320843],[103.718055,1.320843],[103.718055,1.322833],[103.716078,1.322833],[103.716078,1.320843]]]},"properties":{"id":"c49_46","score":61.4,"land":80,"power":0,"fibre":67,"community":100,"dSub":5172,"dDc":1647,"cx":103.717067,"cy":1.321838}},{"type":"Feature","geometry":{"type":"Polygon","coordinates":[[[103.695861,1.323104],[103.697838,1.323104],[103.697838,1.325094],[103.695861,1.325094],[103.695861,1.323104]]]},"properties":{"id":"c40_47","score":69.4,"land":91,"power":0,"fibre":88,"community":99,"dSub":7435,"dDc":585,"cx":103.696849,"cy":1.324099}},{"type":"Feature","geometry":{"type":"Polygon","coordinates":[[[103.700354,1.323104],[103.70233,1.323104],[103.70233,1.325094],[103.700354,1.325094],[103.700354,1.323104]]]},"properties":{"id":"c42_47","score":58.0,"land":56,"power":0,"fibre":94,"community":99,"dSub":6937,"dDc":303,"cx":103.701342,"cy":1.324099}},{"type":"Feature","geometry":{"type":"Polygon","coordinates":[[[103.718325,1.320843],[103.720302,1.320843],[103.720302,1.322833],[103.718325,1.322833],[103.718325,1.320843]]]},"properties":{"id":"c50_46","score":63.9,"land":90,"power":0,"fibre":62,"community":100,"dSub":4923,"dDc":1886,"cx":103.719313,"cy":1.321838}},{"type":"Feature","geometry":{"type":"Polygon","coordinates":[[[103.713832,1.320843],[103.715809,1.320843],[103.715809,1.322833],[103.713832,1.322833],[103.713832,1.320843]]]},"properties":{"id":"c48_46","score":53.9,"land":56,"power":0,"fibre":72,"community":100,"dSub":5421,"dDc":1412,"cx":103.71482,"cy":1.321838}},{"type":"Feature","geometry":{"type":"Polygon","coordinates":[[[103.718325,1.327626],[103.720302,1.327626],[103.720302,1.329616],[103.718325,1.329616],[103.718325,1.327626]]]},"properties":{"id":"c50_49","score":50.7,"land":65,"power":0,"fibre":57,"community":83,"dSub":5047,"dDc":2154,"cx":103.719313,"cy":1.328621}},{"type":"Feature","geometry":{"type":"Polygon","coordinates":[[[103.711586,1.338931],[103.713562,1.338931],[103.713562,1.34092],[103.711586,1.34092],[103.711586,1.338931]]]},"properties":{"id":"c47_54","score":63.2,"land":100,"power":0,"fibre":52,"community":89,"dSub":5172,"dDc":2403,"cx":103.712574,"cy":1.339926}},{"type":"Feature","geometry":{"type":"Polygon","coordinates":[[[103.711586,1.334409],[103.713562,1.334409],[103.713562,1.336399],[103.711586,1.336399],[103.711586,1.334409]]]},"properties":{"id":"c47_52","score":56.7,"land":72,"power":0,"fibre":60,"community":98,"dSub":5478,"dDc":1992,"cx":103.712574,"cy":1.335404}},{"type":"Feature","geometry":{"type":"Polygon","coordinates":[[[103.713832,1.334409],[103.715809,1.334409],[103.715809,1.336399],[103.713832,1.336399],[103.713832,1.334409]]]},"properties":{"id":"c48_52","score":64.6,"land":96,"power":0,"fibre":57,"community":99,"dSub":5288,"dDc":2158,"cx":103.71482,"cy":1.335404}},{"type":"Feature","geometry":{"type":"Polygon","coordinates":[[[103.716078,1.329887],[103.718055,1.329887],[103.718055,1.331877],[103.716078,1.331877],[103.716078,1.329887]]]},"properties":{"id":"c49_50","score":58.0,"land":76,"power":0,"fibre":59,"community":98,"dSub":5352,"dDc":2041,"cx":103.717067,"cy":1.330882}},{"type":"Feature","geometry":{"type":"Polygon","coordinates":[[[103.716078,1.368323],[103.718055,1.368323],[103.718055,1.370313],[103.716078,1.370313],[103.716078,1.368323]]]},"properties":{"id":"c49_67","score":66.4,"land":99,"power":0,"fibre":67,"community":92,"dSub":3722,"dDc":1654,"cx":103.717067,"cy":1.369318}},{"type":"Feature","geometry":{"type":"Polygon","coordinates":[[[103.718325,1.329887],[103.720302,1.329887],[103.720302,1.331877],[103.718325,1.331877],[103.718325,1.329887]]]},"properties":{"id":"c50_50","score":61.6,"land":100,"power":0,"fibre":55,"community":78,"dSub":5112,"dDc":2259,"cx":103.719313,"cy":1.330882}},{"type":"Feature","geometry":{"type":"Polygon","coordinates":[[[103.709339,1.338931],[103.711316,1.338931],[103.711316,1.34092],[103.709339,1.34092],[103.709339,1.338931]]]},"properties":{"id":"c46_54","score":59.0,"land":92,"power":0,"fibre":54,"community":80,"dSub":5378,"dDc":2283,"cx":103.710328,"cy":1.339926}},{"type":"Feature","geometry":{"type":"Polygon","coordinates":[[[103.716078,1.327626],[103.718055,1.327626],[103.718055,1.329616],[103.716078,1.329616],[103.716078,1.327626]]]},"properties":{"id":"c49_49","score":66.9,"land":100,"power":0,"fibre":62,"community":98,"dSub":5290,"dDc":1924,"cx":103.717067,"cy":1.328621}},{"type":"Feature","geometry":{"type":"Polygon","coordinates":[[[103.713832,1.338931],[103.715809,1.338931],[103.715809,1.34092],[103.713832,1.34092],[103.713832,1.338931]]]},"properties":{"id":"c48_54","score":61.5,"land":99,"power":0,"fibre":51,"community":82,"dSub":4971,"dDc":2436,"cx":103.71482,"cy":1.339926}},{"type":"Feature","geometry":{"type":"Polygon","coordinates":[[[103.713832,1.33667],[103.715809,1.33667],[103.715809,1.33866],[103.713832,1.33866],[103.713832,1.33667]]]},"properties":{"id":"c48_53","score":42.9,"land":38,"power":0,"fibre":53,"community":94,"dSub":5126,"dDc":2344,"cx":103.71482,"cy":1.337665}},{"type":"Feature","geometry":{"type":"Polygon","coordinates":[[[103.781224,1.440673],[103.783201,1.440673],[103.783201,1.442662],[103.781224,1.442662],[103.781224,1.440673]]]},"properties":{"id":"c78_99","score":70.6,"land":100,"power":0,"fibre":95,"community":83,"dSub":7600,"dDc":258,"cx":103.782213,"cy":1.441667}},{"type":"Feature","geometry":{"type":"Polygon","coordinates":[[[103.778978,1.440673],[103.780955,1.440673],[103.780955,1.442662],[103.778978,1.442662],[103.778978,1.440673]]]},"properties":{"id":"c77_99","score":63.4,"land":90,"power":0,"fibre":97,"community":62,"dSub":7747,"dDc":152,"cx":103.779966,"cy":1.441667}},{"type":"Feature","geometry":{"type":"Polygon","coordinates":[[[103.783471,1.440673],[103.785447,1.440673],[103.785447,1.442662],[103.783471,1.442662],[103.783471,1.440673]]]},"properties":{"id":"c79_99","score":68.6,"land":98,"power":0,"fibre":90,"community":82,"dSub":7458,"dDc":485,"cx":103.784459,"cy":1.441667}},{"type":"Feature","geometry":{"type":"Polygon","coordinates":[[[103.707093,1.332148],[103.70907,1.332148],[103.70907,1.334138],[103.707093,1.334138],[103.707093,1.332148]]]},"properties":{"id":"c45_51","score":54.5,"land":62,"power":0,"fibre":70,"community":93,"dSub":6023,"dDc":1502,"cx":103.708081,"cy":1.333143}},{"type":"Feature","geometry":{"type":"Polygon","coordinates":[[[103.743035,1.323104],[103.745012,1.323104],[103.745012,1.325094],[103.743035,1.325094],[103.743035,1.323104]]]},"properties":{"id":"c61_47","score":74.9,"land":100,"power":25,"fibre":91,"community":78,"dSub":2263,"dDc":452,"cx":103.744024,"cy":1.324099}},{"type":"Feature","geometry":{"type":"Polygon","coordinates":[[[103.709339,1.332148],[103.711316,1.332148],[103.711316,1.334138],[103.709339,1.334138],[103.709339,1.332148]]]},"properties":{"id":"c46_51","score":48.6,"land":45,"power":0,"fibre":67,"community":98,"dSub":5830,"dDc":1641,"cx":103.710328,"cy":1.333143}},{"type":"Feature","geometry":{"type":"Polygon","coordinates":[[[103.707093,1.316322],[103.70907,1.316322],[103.70907,1.318311],[103.707093,1.318311],[103.707093,1.316322]]]},"properties":{"id":"c45_44","score":58.6,"land":61,"power":0,"fibre":89,"community":97,"dSub":6152,"dDc":564,"cx":103.708081,"cy":1.317316}},{"type":"Feature","geometry":{"type":"Polygon","coordinates":[[[103.704846,1.318582],[103.706823,1.318582],[103.706823,1.320572],[103.704846,1.320572],[103.704846,1.318582]]]},"properties":{"id":"c44_45","score":68.5,"land":87,"power":0,"fibre":92,"community":98,"dSub":6405,"dDc":412,"cx":103.705835,"cy":1.319577}},{"type":"Feature","geometry":{"type":"Polygon","coordinates":[[[103.720571,1.305017],[103.722548,1.305017],[103.722548,1.307007],[103.720571,1.307007],[103.720571,1.305017]]]},"properties":{"id":"c51_39","score":65.1,"land":100,"power":0,"fibre":52,"community":98,"dSub":4830,"dDc":2403,"cx":103.72156,"cy":1.306012}},{"type":"Feature","geometry":{"type":"Polygon","coordinates":[[[103.729557,1.309539],[103.731534,1.309539],[103.731534,1.311528],[103.729557,1.311528],[103.729557,1.309539]]]},"properties":{"id":"c55_41","score":64.2,"land":99,"power":0,"fibre":49,"community":99,"dSub":3738,"dDc":2556,"cx":103.730545,"cy":1.310534}},{"type":"Feature","geometry":{"type":"Polygon","coordinates":[[[103.722818,1.307278],[103.724794,1.307278],[103.724794,1.309267],[103.722818,1.309267],[103.722818,1.307278]]]},"properties":{"id":"c52_40","score":60.2,"land":88,"power":0,"fibre":50,"community":98,"dSub":4525,"dDc":2513,"cx":103.723806,"cy":1.308273}},{"type":"Feature","geometry":{"type":"Polygon","coordinates":[[[103.725064,1.302756],[103.727041,1.302756],[103.727041,1.304746],[103.725064,1.304746],[103.725064,1.302756]]]},"properties":{"id":"c53_38","score":63.1,"land":100,"power":0,"fibre":41,"community":100,"dSub":4432,"dDc":2961,"cx":103.726052,"cy":1.303751}},{"type":"Feature","geometry":{"type":"Polygon","coordinates":[[[103.720571,1.302756],[103.722548,1.302756],[103.722548,1.304746],[103.720571,1.304746],[103.720571,1.302756]]]},"properties":{"id":"c51_38","score":64.8,"land":100,"power":0,"fibre":49,"community":100,"dSub":4903,"dDc":2541,"cx":103.72156,"cy":1.303751}},{"type":"Feature","geometry":{"type":"Polygon","coordinates":[[[103.72731,1.309539],[103.729287,1.309539],[103.729287,1.311528],[103.72731,1.311528],[103.72731,1.309539]]]},"properties":{"id":"c54_41","score":63.5,"land":99,"power":0,"fibre":45,"community":99,"dSub":3983,"dDc":2730,"cx":103.728299,"cy":1.310534}},{"type":"Feature","geometry":{"type":"Polygon","coordinates":[[[103.718325,1.298234],[103.720302,1.298234],[103.720302,1.300224],[103.718325,1.300224],[103.718325,1.298234]]]},"properties":{"id":"c50_36","score":64.3,"land":100,"power":0,"fibre":46,"community":100,"dSub":5313,"dDc":2687,"cx":103.719313,"cy":1.299229}},{"type":"Feature","geometry":{"type":"Polygon","coordinates":[[[103.731803,1.314061],[103.73378,1.314061],[103.73378,1.31605],[103.731803,1.31605],[103.731803,1.314061]]]},"properties":{"id":"c56_43","score":66.0,"land":99,"power":0,"fibre":60,"community":97,"dSub":3415,"dDc":2023,"cx":103.732792,"cy":1.315055}},{"type":"Feature","geometry":{"type":"Polygon","coordinates":[[[103.718325,1.307278],[103.720302,1.307278],[103.720302,1.309267],[103.718325,1.309267],[103.718325,1.307278]]]},"properties":{"id":"c50_40","score":65.6,"land":100,"power":0,"fibre":59,"community":94,"dSub":5013,"dDc":2062,"cx":103.719313,"cy":1.308273}},{"type":"Feature","geometry":{"type":"Polygon","coordinates":[[[103.722818,1.305017],[103.724794,1.305017],[103.724794,1.307007],[103.722818,1.307007],[103.722818,1.305017]]]},"properties":{"id":"c52_39","score":64.2,"land":100,"power":0,"fibre":48,"community":98,"dSub":4590,"dDc":2621,"cx":103.723806,"cy":1.306012}},{"type":"Feature","geometry":{"type":"Polygon","coordinates":[[[103.729557,1.305017],[103.731534,1.305017],[103.731534,1.307007],[103.729557,1.307007],[103.729557,1.305017]]]},"properties":{"id":"c55_39","score":59.4,"land":91,"power":0,"fibre":41,"community":96,"dSub":3876,"dDc":2947,"cx":103.730545,"cy":1.306012}},{"type":"Feature","geometry":{"type":"Polygon","coordinates":[[[103.725064,1.300495],[103.727041,1.300495],[103.727041,1.302485],[103.725064,1.302485],[103.725064,1.300495]]]},"properties":{"id":"c53_37","score":62.6,"land":100,"power":0,"fibre":38,"community":100,"dSub":4525,"dDc":3094,"cx":103.726052,"cy":1.30149}},{"type":"Feature","geometry":{"type":"Polygon","coordinates":[[[103.722818,1.302756],[103.724794,1.302756],[103.724794,1.304746],[103.722818,1.304746],[103.722818,1.302756]]]},"properties":{"id":"c52_38","score":64.0,"land":100,"power":0,"fibre":45,"community":100,"dSub":4667,"dDc":2748,"cx":103.723806,"cy":1.303751}},{"type":"Feature","geometry":{"type":"Polygon","coordinates":[[[103.716078,1.307278],[103.718055,1.307278],[103.718055,1.309267],[103.716078,1.309267],[103.716078,1.307278]]]},"properties":{"id":"c49_40","score":65.8,"land":98,"power":0,"fibre":63,"community":94,"dSub":5258,"dDc":1846,"cx":103.717067,"cy":1.308273}},{"type":"Feature","geometry":{"type":"Polygon","coordinates":[[[103.722818,1.309539],[103.724794,1.309539],[103.724794,1.311528],[103.722818,1.311528],[103.722818,1.309539]]]},"properties":{"id":"c52_41","score":55.1,"land":73,"power":0,"fibre":51,"community":97,"dSub":4474,"dDc":2427,"cx":103.723806,"cy":1.310534}},{"type":"Feature","geometry":{"type":"Polygon","coordinates":[[[103.713832,1.309539],[103.715809,1.309539],[103.715809,1.311528],[103.713832,1.311528],[103.713832,1.309539]]]},"properties":{"id":"c48_41","score":68.3,"land":100,"power":0,"fibre":70,"community":97,"dSub":5461,"dDc":1504,"cx":103.71482,"cy":1.310534}},{"type":"Feature","geometry":{"type":"Polygon","coordinates":[[[103.713832,1.307278],[103.715809,1.307278],[103.715809,1.309267],[103.713832,1.309267],[103.713832,1.307278]]]},"properties":{"id":"c48_40","score":67.3,"land":100,"power":0,"fibre":67,"community":94,"dSub":5503,"dDc":1640,"cx":103.71482,"cy":1.308273}},{"type":"Feature","geometry":{"type":"Polygon","coordinates":[[[103.718325,1.305017],[103.720302,1.305017],[103.720302,1.307007],[103.718325,1.307007],[103.718325,1.305017]]]},"properties":{"id":"c50_39","score":65.8,"land":100,"power":0,"fibre":56,"community":98,"dSub":5071,"dDc":2193,"cx":103.719313,"cy":1.306012}},{"type":"Feature","geometry":{"type":"Polygon","coordinates":[[[103.729557,1.307278],[103.731534,1.307278],[103.731534,1.309267],[103.729557,1.309267],[103.729557,1.307278]]]},"properties":{"id":"c55_40","score":57.4,"land":82,"power":0,"fibre":45,"community":98,"dSub":3800,"dDc":2747,"cx":103.730545,"cy":1.308273}},{"type":"Feature","geometry":{"type":"Polygon","coordinates":[[[103.729557,1.314061],[103.731534,1.314061],[103.731534,1.31605],[103.729557,1.31605],[103.729557,1.314061]]]},"properties":{"id":"c55_43","score":65.5,"land":100,"power":0,"fibre":56,"community":97,"dSub":3664,"dDc":2210,"cx":103.730545,"cy":1.315055}},{"type":"Feature","geometry":{"type":"Polygon","coordinates":[[[103.72731,1.3118],[103.729287,1.3118],[103.729287,1.313789],[103.72731,1.313789],[103.72731,1.3118]]]},"properties":{"id":"c54_42","score":53.3,"land":67,"power":0,"fibre":49,"community":100,"dSub":3940,"dDc":2562,"cx":103.728299,"cy":1.312794}},{"type":"Feature","geometry":{"type":"Polygon","coordinates":[[[103.695861,1.305017],[103.697838,1.305017],[103.697838,1.307007],[103.695861,1.307007],[103.695861,1.305017]]]},"properties":{"id":"c40_39","score":52.9,"land":56,"power":0,"fibre":74,"community":92,"dSub":7515,"dDc":1289,"cx":103.696849,"cy":1.306012}},{"type":"Feature","geometry":{"type":"Polygon","coordinates":[[[103.695861,1.302756],[103.697838,1.302756],[103.697838,1.304746],[103.695861,1.304746],[103.695861,1.302756]]]},"properties":{"id":"c40_38","score":59.7,"land":76,"power":0,"fibre":70,"community":96,"dSub":7562,"dDc":1521,"cx":103.696849,"cy":1.303751}},{"type":"Feature","geometry":{"type":"Polygon","coordinates":[[[103.698107,1.300495],[103.700084,1.300495],[103.700084,1.302485],[103.698107,1.302485],[103.698107,1.300495]]]},"properties":{"id":"c41_37","score":67.8,"land":100,"power":0,"fibre":66,"community":98,"dSub":7375,"dDc":1702,"cx":103.699096,"cy":1.30149}},{"type":"Feature","geometry":{"type":"Polygon","coordinates":[[[103.695861,1.300495],[103.697838,1.300495],[103.697838,1.302485],[103.695861,1.302485],[103.695861,1.300495]]]},"properties":{"id":"c40_37","score":67.5,"land":100,"power":0,"fibre":65,"community":98,"dSub":7617,"dDc":1759,"cx":103.696849,"cy":1.30149}},{"type":"Feature","geometry":{"type":"Polygon","coordinates":[[[103.698107,1.302756],[103.700084,1.302756],[103.700084,1.304746],[103.698107,1.304746],[103.698107,1.302756]]]},"properties":{"id":"c41_38","score":49.2,"land":45,"power":0,"fibre":71,"community":95,"dSub":7318,"dDc":1456,"cx":103.699096,"cy":1.303751}},{"type":"Feature","geometry":{"type":"Polygon","coordinates":[[[103.7026,1.302756],[103.704577,1.302756],[103.704577,1.304746],[103.7026,1.304746],[103.7026,1.302756]]]},"properties":{"id":"c43_38","score":58.2,"land":70,"power":0,"fibre":71,"community":97,"dSub":6830,"dDc":1451,"cx":103.703588,"cy":1.303751}},{"type":"Feature","geometry":{"type":"Polygon","coordinates":[[[103.695861,1.307278],[103.697838,1.307278],[103.697838,1.309267],[103.695861,1.309267],[103.695861,1.307278]]]},"properties":{"id":"c40_40","score":51.5,"land":49,"power":0,"fibre":79,"community":94,"dSub":7476,"dDc":1065,"cx":103.696849,"cy":1.308273}},{"type":"Feature","geometry":{"type":"Polygon","coordinates":[[[103.7026,1.3118],[103.704577,1.3118],[103.704577,1.313789],[103.7026,1.313789],[103.7026,1.3118]]]},"properties":{"id":"c43_42","score":70.3,"land":94,"power":0,"fibre":90,"community":97,"dSub":6675,"dDc":487,"cx":103.703588,"cy":1.312794}},{"type":"Feature","geometry":{"type":"Polygon","coordinates":[[[103.707093,1.307278],[103.70907,1.307278],[103.70907,1.309267],[103.707093,1.309267],[103.707093,1.307278]]]},"properties":{"id":"c45_40","score":70.0,"land":100,"power":0,"fibre":77,"community":98,"dSub":6241,"dDc":1133,"cx":103.708081,"cy":1.308273}},{"type":"Feature","geometry":{"type":"Polygon","coordinates":[[[103.704846,1.3118],[103.706823,1.3118],[103.706823,1.313789],[103.704846,1.313789],[103.704846,1.3118]]]},"properties":{"id":"c44_42","score":69.0,"land":91,"power":0,"fibre":88,"community":98,"dSub":6425,"dDc":575,"cx":103.705835,"cy":1.312794}},{"type":"Feature","geometry":{"type":"Polygon","coordinates":[[[103.704846,1.302756],[103.706823,1.302756],[103.706823,1.304746],[103.704846,1.304746],[103.704846,1.302756]]]},"properties":{"id":"c44_38","score":46.3,"land":37,"power":0,"fibre":70,"community":97,"dSub":6587,"dDc":1512,"cx":103.705835,"cy":1.303751}},{"type":"Feature","geometry":{"type":"Polygon","coordinates":[[[103.707093,1.309539],[103.70907,1.309539],[103.70907,1.311528],[103.707093,1.311528],[103.707093,1.309539]]]},"properties":{"id":"c45_41","score":69.2,"land":96,"power":0,"fibre":82,"community":97,"dSub":6204,"dDc":924,"cx":103.708081,"cy":1.310534}},{"type":"Feature","geometry":{"type":"Polygon","coordinates":[[[103.698107,1.305017],[103.700084,1.305017],[103.700084,1.307007],[103.698107,1.307007],[103.698107,1.305017]]]},"properties":{"id":"c41_39","score":51.6,"land":49,"power":0,"fibre":76,"community":96,"dSub":7269,"dDc":1211,"cx":103.699096,"cy":1.306012}},{"type":"Feature","geometry":{"type":"Polygon","coordinates":[[[103.707093,1.3118],[103.70907,1.3118],[103.70907,1.313789],[103.707093,1.313789],[103.707093,1.3118]]]},"properties":{"id":"c45_42","score":65.8,"land":84,"power":0,"fibre":85,"community":96,"dSub":6176,"dDc":742,"cx":103.708081,"cy":1.312794}},{"type":"Feature","geometry":{"type":"Polygon","coordinates":[[[103.7026,1.307278],[103.704577,1.307278],[103.704577,1.309267],[103.7026,1.309267],[103.7026,1.307278]]]},"properties":{"id":"c43_40","score":40.4,"land":14,"power":0,"fibre":81,"community":98,"dSub":6734,"dDc":961,"cx":103.703588,"cy":1.308273}},{"type":"Feature","geometry":{"type":"Polygon","coordinates":[[[103.7026,1.305017],[103.704577,1.305017],[103.704577,1.307007],[103.7026,1.307007],[103.7026,1.305017]]]},"properties":{"id":"c43_39","score":59.5,"land":71,"power":0,"fibre":76,"community":98,"dSub":6778,"dDc":1205,"cx":103.703588,"cy":1.306012}},{"type":"Feature","geometry":{"type":"Polygon","coordinates":[[[103.711586,1.309539],[103.713562,1.309539],[103.713562,1.311528],[103.711586,1.311528],[103.711586,1.309539]]]},"properties":{"id":"c47_41","score":60.8,"land":76,"power":0,"fibre":74,"community":97,"dSub":5708,"dDc":1291,"cx":103.712574,"cy":1.310534}},{"type":"Feature","geometry":{"type":"Polygon","coordinates":[[[103.720571,1.309539],[103.722548,1.309539],[103.722548,1.311528],[103.720571,1.311528],[103.720571,1.309539]]]},"properties":{"id":"c51_41","score":40.2,"land":27,"power":0,"fibre":56,"community":97,"dSub":4720,"dDc":2190,"cx":103.72156,"cy":1.310534}},{"type":"Feature","geometry":{"type":"Polygon","coordinates":[[[103.716078,1.3118],[103.718055,1.3118],[103.718055,1.313789],[103.716078,1.313789],[103.716078,1.3118]]]},"properties":{"id":"c49_42","score":47.7,"land":43,"power":0,"fibre":67,"community":96,"dSub":5181,"dDc":1636,"cx":103.717067,"cy":1.312794}},{"type":"Feature","geometry":{"type":"Polygon","coordinates":[[[103.725064,1.3118],[103.727041,1.3118],[103.727041,1.313789],[103.725064,1.313789],[103.725064,1.3118]]]},"properties":{"id":"c53_42","score":41.7,"land":35,"power":0,"fibre":48,"community":99,"dSub":4188,"dDc":2608,"cx":103.726052,"cy":1.312794}},{"type":"Feature","geometry":{"type":"Polygon","coordinates":[[[103.709339,1.307278],[103.711316,1.307278],[103.711316,1.309267],[103.709339,1.309267],[103.709339,1.307278]]]},"properties":{"id":"c46_40","score":69.4,"land":100,"power":0,"fibre":74,"community":97,"dSub":5994,"dDc":1275,"cx":103.710328,"cy":1.308273}},{"type":"Feature","geometry":{"type":"Polygon","coordinates":[[[103.698107,1.325365],[103.700084,1.325365],[103.700084,1.327355],[103.698107,1.327355],[103.698107,1.325365]]]},"properties":{"id":"c41_48","score":58.8,"land":61,"power":0,"fibre":88,"community":99,"dSub":7215,"dDc":607,"cx":103.699096,"cy":1.32636}},{"type":"Feature","geometry":{"type":"Polygon","coordinates":[[[103.695861,1.325365],[103.697838,1.325365],[103.697838,1.327355],[103.695861,1.327355],[103.695861,1.325365]]]},"properties":{"id":"c40_48","score":71.3,"land":99,"power":0,"fibre":85,"community":98,"dSub":7463,"dDc":746,"cx":103.696849,"cy":1.32636}},{"type":"Feature","geometry":{"type":"Polygon","coordinates":[[[103.7026,1.320843],[103.704577,1.320843],[103.704577,1.322833],[103.7026,1.322833],[103.7026,1.320843]]]},"properties":{"id":"c43_46","score":45.6,"land":20,"power":0,"fibre":95,"community":98,"dSub":6667,"dDc":254,"cx":103.703588,"cy":1.321838}},{"type":"Feature","geometry":{"type":"Polygon","coordinates":[[[103.700354,1.325365],[103.70233,1.325365],[103.70233,1.327355],[103.700354,1.327355],[103.700354,1.325365]]]},"properties":{"id":"c42_48","score":47.8,"land":30,"power":0,"fibre":89,"community":98,"dSub":6967,"dDc":553,"cx":103.701342,"cy":1.32636}},{"type":"Feature","geometry":{"type":"Polygon","coordinates":[[[103.7026,1.325365],[103.704577,1.325365],[103.704577,1.327355],[103.7026,1.327355],[103.7026,1.325365]]]},"properties":{"id":"c43_48","score":60.4,"land":67,"power":0,"fibre":88,"community":97,"dSub":6720,"dDc":606,"cx":103.703588,"cy":1.32636}},{"type":"Feature","geometry":{"type":"Polygon","coordinates":[[[103.704846,1.327626],[103.706823,1.327626],[103.706823,1.329616],[103.704846,1.329616],[103.704846,1.327626]]]},"properties":{"id":"c44_49","score":65.8,"land":87,"power":0,"fibre":81,"community":96,"dSub":6514,"dDc":945,"cx":103.705835,"cy":1.328621}},{"type":"Feature","geometry":{"type":"Polygon","coordinates":[[[103.7026,1.327626],[103.704577,1.327626],[103.704577,1.329616],[103.7026,1.329616],[103.7026,1.327626]]]},"properties":{"id":"c43_49","score":53.3,"land":50,"power":0,"fibre":83,"community":96,"dSub":6726,"dDc":840,"cx":103.703588,"cy":1.328621}},{"type":"Feature","geometry":{"type":"Polygon","coordinates":[[[103.704846,1.329887],[103.706823,1.329887],[103.706823,1.331877],[103.704846,1.331877],[103.704846,1.329887]]]},"properties":{"id":"c44_50","score":44.8,"land":31,"power":0,"fibre":77,"community":94,"dSub":6375,"dDc":1165,"cx":103.705835,"cy":1.330882}},{"type":"Feature","geometry":{"type":"Polygon","coordinates":[[[103.7026,1.329887],[103.704577,1.329887],[103.704577,1.331877],[103.7026,1.331877],[103.7026,1.329887]]]},"properties":{"id":"c43_50","score":42.3,"land":22,"power":0,"fibre":78,"community":95,"dSub":6571,"dDc":1082,"cx":103.703588,"cy":1.330882}},{"type":"Feature","geometry":{"type":"Polygon","coordinates":[[[103.704846,1.323104],[103.706823,1.323104],[103.706823,1.325094],[103.704846,1.325094],[103.704846,1.323104]]]},"properties":{"id":"c44_47","score":57.1,"land":56,"power":0,"fibre":88,"community":98,"dSub":6440,"dDc":583,"cx":103.705835,"cy":1.324099}},{"type":"Feature","geometry":{"type":"Polygon","coordinates":[[[103.704846,1.325365],[103.706823,1.325365],[103.706823,1.327355],[103.704846,1.327355],[103.704846,1.325365]]]},"properties":{"id":"c44_48","score":62.3,"land":74,"power":0,"fibre":85,"community":98,"dSub":6472,"dDc":744,"cx":103.705835,"cy":1.32636}},{"type":"Feature","geometry":{"type":"Polygon","coordinates":[[[103.707093,1.325365],[103.70907,1.325365],[103.70907,1.327355],[103.707093,1.327355],[103.707093,1.325365]]]},"properties":{"id":"c45_48","score":48.2,"land":35,"power":0,"fibre":81,"community":99,"dSub":6225,"dDc":931,"cx":103.708081,"cy":1.32636}},{"type":"Feature","geometry":{"type":"Polygon","coordinates":[[[103.707093,1.327626],[103.70907,1.327626],[103.70907,1.329616],[103.707093,1.329616],[103.707093,1.327626]]]},"properties":{"id":"c45_49","score":70.1,"land":100,"power":0,"fibre":78,"community":97,"dSub":6268,"dDc":1098,"cx":103.708081,"cy":1.328621}},{"type":"Feature","geometry":{"type":"Polygon","coordinates":[[[103.695861,1.329887],[103.697838,1.329887],[103.697838,1.331877],[103.695861,1.331877],[103.695861,1.329887]]]},"properties":{"id":"c40_50","score":52.1,"land":50,"power":0,"fibre":77,"community":96,"dSub":7181,"dDc":1166,"cx":103.696849,"cy":1.330882}},{"type":"Feature","geometry":{"type":"Polygon","coordinates":[[[103.695861,1.327626],[103.697838,1.327626],[103.697838,1.329616],[103.695861,1.329616],[103.695861,1.327626]]]},"properties":{"id":"c40_49","score":69.4,"land":97,"power":0,"fibre":81,"community":97,"dSub":7323,"dDc":946,"cx":103.696849,"cy":1.328621}},{"type":"Feature","geometry":{"type":"Polygon","coordinates":[[[103.698107,1.327626],[103.700084,1.327626],[103.700084,1.329616],[103.698107,1.329616],[103.698107,1.327626]]]},"properties":{"id":"c41_49","score":56.0,"land":56,"power":0,"fibre":83,"community":99,"dSub":7121,"dDc":841,"cx":103.699096,"cy":1.328621}},{"type":"Feature","geometry":{"type":"Polygon","coordinates":[[[103.700354,1.327626],[103.70233,1.327626],[103.70233,1.329616],[103.700354,1.329616],[103.700354,1.327626]]]},"properties":{"id":"c42_49","score":52.8,"land":47,"power":0,"fibre":84,"community":97,"dSub":6922,"dDc":803,"cx":103.701342,"cy":1.328621}},{"type":"Feature","geometry":{"type":"Polygon","coordinates":[[[103.700354,1.329887],[103.70233,1.329887],[103.70233,1.331877],[103.700354,1.331877],[103.700354,1.329887]]]},"properties":{"id":"c42_50","score":57.0,"land":63,"power":0,"fibre":79,"community":96,"dSub":6771,"dDc":1053,"cx":103.701342,"cy":1.330882}},{"type":"Feature","geometry":{"type":"Polygon","coordinates":[[[103.700354,1.332148],[103.70233,1.332148],[103.70233,1.334138],[103.700354,1.334138],[103.700354,1.332148]]]},"properties":{"id":"c42_51","score":66.9,"land":100,"power":0,"fibre":74,"community":86,"dSub":6627,"dDc":1303,"cx":103.701342,"cy":1.333143}},{"type":"Feature","geometry":{"type":"Polygon","coordinates":[[[103.7026,1.332148],[103.704577,1.332148],[103.704577,1.334138],[103.7026,1.334138],[103.7026,1.332148]]]},"properties":{"id":"c43_51","score":53.4,"land":60,"power":0,"fibre":73,"community":88,"dSub":6422,"dDc":1326,"cx":103.703588,"cy":1.333143}},{"type":"Feature","geometry":{"type":"Polygon","coordinates":[[[103.704846,1.332148],[103.706823,1.332148],[103.706823,1.334138],[103.704846,1.334138],[103.704846,1.332148]]]},"properties":{"id":"c44_51","score":53.8,"land":62,"power":0,"fibre":72,"community":88,"dSub":6221,"dDc":1395,"cx":103.705835,"cy":1.333143}},{"type":"Feature","geometry":{"type":"Polygon","coordinates":[[[103.707093,1.329887],[103.70907,1.329887],[103.70907,1.331877],[103.707093,1.331877],[103.707093,1.329887]]]},"properties":{"id":"c45_50","score":49.7,"land":45,"power":0,"fibre":74,"community":96,"dSub":6182,"dDc":1292,"cx":103.708081,"cy":1.330882}},{"type":"Feature","geometry":{"type":"Polygon","coordinates":[[[103.709339,1.329887],[103.711316,1.329887],[103.711316,1.331877],[103.709339,1.331877],[103.709339,1.329887]]]},"properties":{"id":"c46_50","score":66.7,"land":95,"power":0,"fibre":71,"community":97,"dSub":5994,"dDc":1451,"cx":103.710328,"cy":1.330882}},{"type":"Feature","geometry":{"type":"Polygon","coordinates":[[[103.709339,1.334409],[103.711316,1.334409],[103.711316,1.336399],[103.709339,1.336399],[103.709339,1.334409]]]},"properties":{"id":"c46_52","score":61.9,"land":85,"power":0,"fibre":63,"community":98,"dSub":5672,"dDc":1846,"cx":103.710328,"cy":1.335404}},{"type":"Feature","geometry":{"type":"Polygon","coordinates":[[[103.709339,1.327626],[103.711316,1.327626],[103.711316,1.329616],[103.709339,1.329616],[103.709339,1.327626]]]},"properties":{"id":"c46_49","score":58.9,"land":70,"power":0,"fibre":74,"community":98,"dSub":6023,"dDc":1281,"cx":103.710328,"cy":1.328621}},{"type":"Feature","geometry":{"type":"Polygon","coordinates":[[[103.756514,1.305017],[103.758491,1.305017],[103.758491,1.307007],[103.756514,1.307007],[103.756514,1.305017]]]},"properties":{"id":"c67_39","score":65.2,"land":73,"power":52,"fibre":46,"community":88,"dSub":1454,"dDc":2724,"cx":103.757502,"cy":1.306012}},{"type":"Feature","geometry":{"type":"Polygon","coordinates":[[[103.75876,1.302756],[103.760737,1.302756],[103.760737,1.304746],[103.75876,1.304746],[103.75876,1.302756]]]},"properties":{"id":"c68_38","score":69.3,"land":97,"power":47,"fibre":39,"community":80,"dSub":1601,"dDc":3064,"cx":103.759749,"cy":1.303751}},{"type":"Feature","geometry":{"type":"Polygon","coordinates":[[[103.707093,1.334409],[103.70907,1.334409],[103.70907,1.336399],[103.707093,1.336399],[103.707093,1.334409]]]},"properties":{"id":"c45_52","score":58.7,"land":77,"power":0,"fibre":66,"community":94,"dSub":5871,"dDc":1724,"cx":103.708081,"cy":1.335404}},{"type":"Feature","geometry":{"type":"Polygon","coordinates":[[[103.709339,1.33667],[103.711316,1.33667],[103.711316,1.33866],[103.709339,1.33866],[103.709339,1.33667]]]},"properties":{"id":"c46_53","score":41.3,"land":30,"power":0,"fibre":59,"community":96,"dSub":5521,"dDc":2061,"cx":103.710328,"cy":1.337665}},{"type":"Feature","geometry":{"type":"Polygon","coordinates":[[[103.774485,1.327626],[103.776462,1.327626],[103.776462,1.329616],[103.774485,1.329616],[103.774485,1.327626]]]},"properties":{"id":"c75_49","score":56.3,"land":60,"power":40,"fibre":34,"community":92,"dSub":1805,"dDc":3291,"cx":103.775473,"cy":1.328621}},{"type":"Feature","geometry":{"type":"Polygon","coordinates":[[[103.731803,1.309539],[103.73378,1.309539],[103.73378,1.311528],[103.731803,1.311528],[103.731803,1.309539]]]},"properties":{"id":"c56_41","score":57.0,"land":76,"power":0,"fibre":52,"community":100,"dSub":3495,"dDc":2396,"cx":103.732792,"cy":1.310534}},{"type":"Feature","geometry":{"type":"Polygon","coordinates":[[[103.745282,1.300495],[103.747259,1.300495],[103.747259,1.302485],[103.745282,1.302485],[103.745282,1.300495]]]},"properties":{"id":"c62_37","score":59.8,"land":85,"power":13,"fibre":42,"community":93,"dSub":2618,"dDc":2900,"cx":103.74627,"cy":1.30149}},{"type":"Feature","geometry":{"type":"Polygon","coordinates":[[[103.738542,1.305017],[103.740519,1.305017],[103.740519,1.307007],[103.738542,1.307007],[103.738542,1.305017]]]},"properties":{"id":"c59_39","score":57.4,"land":80,"power":2,"fibre":50,"community":96,"dSub":2953,"dDc":2503,"cx":103.739531,"cy":1.306012}},{"type":"Feature","geometry":{"type":"Polygon","coordinates":[[[103.731803,1.302756],[103.73378,1.302756],[103.73378,1.304746],[103.731803,1.304746],[103.731803,1.302756]]]},"properties":{"id":"c56_38","score":49.6,"land":66,"power":0,"fibre":39,"community":92,"dSub":3738,"dDc":3025,"cx":103.732792,"cy":1.303751}},{"type":"Feature","geometry":{"type":"Polygon","coordinates":[[[103.738542,1.298234],[103.740519,1.298234],[103.740519,1.300224],[103.738542,1.300224],[103.738542,1.298234]]]},"properties":{"id":"c59_36","score":61.4,"land":100,"power":0,"fibre":35,"community":97,"dSub":3351,"dDc":3229,"cx":103.739531,"cy":1.299229}},{"type":"Feature","geometry":{"type":"Polygon","coordinates":[[[103.745282,1.298234],[103.747259,1.298234],[103.747259,1.300224],[103.745282,1.300224],[103.745282,1.298234]]]},"properties":{"id":"c62_36","score":41.0,"land":37,"power":7,"fibre":37,"community":94,"dSub":2796,"dDc":3150,"cx":103.74627,"cy":1.299229}},{"type":"Feature","geometry":{"type":"Polygon","coordinates":[[[103.743035,1.302756],[103.745012,1.302756],[103.745012,1.304746],[103.743035,1.304746],[103.743035,1.302756]]]},"properties":{"id":"c61_38","score":60.8,"land":85,"power":12,"fibre":47,"community":94,"dSub":2652,"dDc":2658,"cx":103.744024,"cy":1.303751}},{"type":"Feature","geometry":{"type":"Polygon","coordinates":[[[103.736296,1.305017],[103.738273,1.305017],[103.738273,1.307007],[103.736296,1.307007],[103.736296,1.305017]]]},"properties":{"id":"c58_39","score":41.9,"land":37,"power":0,"fibre":48,"community":96,"dSub":3180,"dDc":2585,"cx":103.737284,"cy":1.306012}},{"type":"Feature","geometry":{"type":"Polygon","coordinates":[[[103.740789,1.302756],[103.742766,1.302756],[103.742766,1.304746],[103.740789,1.304746],[103.740789,1.302756]]]},"properties":{"id":"c60_38","score":46.8,"land":50,"power":5,"fibre":46,"community":94,"dSub":2858,"dDc":2689,"cx":103.741777,"cy":1.303751}},{"type":"Feature","geometry":{"type":"Polygon","coordinates":[[[103.738542,1.300495],[103.740519,1.300495],[103.740519,1.302485],[103.738542,1.302485],[103.738542,1.300495]]]},"properties":{"id":"c59_37","score":55.0,"land":80,"power":0,"fibre":40,"community":95,"dSub":3205,"dDc":2985,"cx":103.739531,"cy":1.30149}},{"type":"Feature","geometry":{"type":"Polygon","coordinates":[[[103.731803,1.307278],[103.73378,1.307278],[103.73378,1.309267],[103.731803,1.309267],[103.731803,1.307278]]]},"properties":{"id":"c56_40","score":64.3,"land":100,"power":0,"fibre":48,"community":99,"dSub":3560,"dDc":2599,"cx":103.732792,"cy":1.308273}},{"type":"Feature","geometry":{"type":"Polygon","coordinates":[[[103.736296,1.298234],[103.738273,1.298234],[103.738273,1.300224],[103.736296,1.300224],[103.736296,1.298234]]]},"properties":{"id":"c58_36","score":48.7,"land":65,"power":0,"fibre":34,"community":96,"dSub":3553,"dDc":3293,"cx":103.737284,"cy":1.299229}},{"type":"Feature","geometry":{"type":"Polygon","coordinates":[[[103.752021,1.298234],[103.753998,1.298234],[103.753998,1.300224],[103.752021,1.300224],[103.752021,1.298234]]]},"properties":{"id":"c65_36","score":65.2,"land":95,"power":22,"fibre":35,"community":98,"dSub":2351,"dDc":3247,"cx":103.753009,"cy":1.299229}},{"type":"Feature","geometry":{"type":"Polygon","coordinates":[[[103.752021,1.302756],[103.753998,1.302756],[103.753998,1.304746],[103.752021,1.304746],[103.752021,1.302756]]]},"properties":{"id":"c65_38","score":49.7,"land":35,"power":36,"fibre":45,"community":98,"dSub":1931,"dDc":2765,"cx":103.753009,"cy":1.303751}},{"type":"Feature","geometry":{"type":"Polygon","coordinates":[[[103.749774,1.298234],[103.751751,1.298234],[103.751751,1.300224],[103.749774,1.300224],[103.749774,1.298234]]]},"properties":{"id":"c64_36","score":57.1,"land":75,"power":17,"fibre":36,"community":97,"dSub":2483,"dDc":3195,"cx":103.750763,"cy":1.299229}},{"type":"Feature","geometry":{"type":"Polygon","coordinates":[[[103.754267,1.298234],[103.756244,1.298234],[103.756244,1.300224],[103.754267,1.300224],[103.754267,1.298234]]]},"properties":{"id":"c66_36","score":65.6,"land":94,"power":25,"fibre":34,"community":98,"dSub":2239,"dDc":3317,"cx":103.755256,"cy":1.299229}},{"type":"Feature","geometry":{"type":"Polygon","coordinates":[[[103.749774,1.305017],[103.751751,1.305017],[103.751751,1.307007],[103.749774,1.307007],[103.749774,1.305017]]]},"properties":{"id":"c64_39","score":66.1,"land":79,"power":36,"fibre":51,"community":95,"dSub":1911,"dDc":2460,"cx":103.750763,"cy":1.306012}},{"type":"Feature","geometry":{"type":"Polygon","coordinates":[[[103.752021,1.300495],[103.753998,1.300495],[103.753998,1.302485],[103.752021,1.302485],[103.752021,1.300495]]]},"properties":{"id":"c65_37","score":56.8,"land":63,"power":29,"fibre":40,"community":98,"dSub":2136,"dDc":3005,"cx":103.753009,"cy":1.30149}},{"type":"Feature","geometry":{"type":"Polygon","coordinates":[[[103.743035,1.298234],[103.745012,1.298234],[103.745012,1.300224],[103.743035,1.300224],[103.743035,1.298234]]]},"properties":{"id":"c61_36","score":45.3,"land":54,"power":1,"fibre":37,"community":94,"dSub":2972,"dDc":3157,"cx":103.744024,"cy":1.299229}},{"type":"Feature","geometry":{"type":"Polygon","coordinates":[[[103.749774,1.295973],[103.751751,1.295973],[103.751751,1.297963],[103.749774,1.297963],[103.749774,1.295973]]]},"properties":{"id":"c64_35","score":58.7,"land":87,"power":10,"fibre":31,"community":97,"dSub":2693,"dDc":3442,"cx":103.750763,"cy":1.296968}},{"type":"Feature","geometry":{"type":"Polygon","coordinates":[[[103.752021,1.295973],[103.753998,1.295973],[103.753998,1.297963],[103.752021,1.297963],[103.752021,1.295973]]]},"properties":{"id":"c65_35","score":47.3,"land":53,"power":14,"fibre":30,"community":96,"dSub":2572,"dDc":3490,"cx":103.753009,"cy":1.296968}},{"type":"Feature","geometry":{"type":"Polygon","coordinates":[[[103.747528,1.300495],[103.749505,1.300495],[103.749505,1.302485],[103.747528,1.302485],[103.747528,1.300495]]]},"properties":{"id":"c63_37","score":63.7,"land":90,"power":19,"fibre":42,"community":96,"dSub":2443,"dDc":2914,"cx":103.748516,"cy":1.30149}},{"type":"Feature","geometry":{"type":"Polygon","coordinates":[[[103.747528,1.302756],[103.749505,1.302756],[103.749505,1.304746],[103.747528,1.304746],[103.747528,1.302756]]]},"properties":{"id":"c63_38","score":65.5,"land":88,"power":25,"fibre":47,"community":96,"dSub":2265,"dDc":2665,"cx":103.748516,"cy":1.303751}},{"type":"Feature","geometry":{"type":"Polygon","coordinates":[[[103.749774,1.307278],[103.751751,1.307278],[103.751751,1.309267],[103.749774,1.309267],[103.749774,1.307278]]]},"properties":{"id":"c64_40","score":48.4,"land":21,"power":42,"fibre":56,"community":97,"dSub":1751,"dDc":2216,"cx":103.750763,"cy":1.308273}},{"type":"Feature","geometry":{"type":"Polygon","coordinates":[[[103.736296,1.309539],[103.738273,1.309539],[103.738273,1.311528],[103.736296,1.311528],[103.736296,1.309539]]]},"properties":{"id":"c58_41","score":53.6,"land":63,"power":0,"fibre":57,"community":100,"dSub":3010,"dDc":2129,"cx":103.737284,"cy":1.310534}},{"type":"Feature","geometry":{"type":"Polygon","coordinates":[[[103.736296,1.307278],[103.738273,1.307278],[103.738273,1.309267],[103.736296,1.309267],[103.736296,1.307278]]]},"properties":{"id":"c58_40","score":48.9,"land":53,"power":0,"fibre":53,"community":99,"dSub":3086,"dDc":2354,"cx":103.737284,"cy":1.308273}},{"type":"Feature","geometry":{"type":"Polygon","coordinates":[[[103.73405,1.305017],[103.736027,1.305017],[103.736027,1.307007],[103.73405,1.307007],[103.73405,1.305017]]]},"properties":{"id":"c57_39","score":44.2,"land":44,"power":0,"fibre":46,"community":97,"dSub":3409,"dDc":2688,"cx":103.735038,"cy":1.306012}},{"type":"Feature","geometry":{"type":"Polygon","coordinates":[[[103.738542,1.307278],[103.740519,1.307278],[103.740519,1.309267],[103.738542,1.309267],[103.738542,1.307278]]]},"properties":{"id":"c59_40","score":66.9,"land":100,"power":5,"fibre":55,"community":99,"dSub":2852,"dDc":2264,"cx":103.739531,"cy":1.308273}},{"type":"Feature","geometry":{"type":"Polygon","coordinates":[[[103.73405,1.309539],[103.736027,1.309539],[103.736027,1.311528],[103.73405,1.311528],[103.73405,1.309539]]]},"properties":{"id":"c57_41","score":65.9,"land":100,"power":0,"fibre":55,"community":100,"dSub":3252,"dDc":2252,"cx":103.735038,"cy":1.310534}},{"type":"Feature","geometry":{"type":"Polygon","coordinates":[[[103.736296,1.325365],[103.738273,1.325365],[103.738273,1.327355],[103.736296,1.327355],[103.736296,1.325365]]]},"properties":{"id":"c58_48","score":58.3,"land":86,"power":0,"fibre":81,"community":61,"dSub":3054,"dDc":972,"cx":103.737284,"cy":1.32636}},{"type":"Feature","geometry":{"type":"Polygon","coordinates":[[[103.729557,1.316322],[103.731534,1.316322],[103.731534,1.318311],[103.729557,1.318311],[103.729557,1.316322]]]},"properties":{"id":"c55_44","score":51.2,"land":58,"power":0,"fibre":59,"community":96,"dSub":3652,"dDc":2061,"cx":103.730545,"cy":1.317316}},{"type":"Feature","geometry":{"type":"Polygon","coordinates":[[[103.73405,1.3118],[103.736027,1.3118],[103.736027,1.313789],[103.73405,1.313789],[103.73405,1.3118]]]},"properties":{"id":"c57_42","score":66.7,"land":100,"power":0,"fibre":59,"community":99,"dSub":3199,"dDc":2046,"cx":103.735038,"cy":1.312794}},{"type":"Feature","geometry":{"type":"Polygon","coordinates":[[[103.731803,1.3118],[103.73378,1.3118],[103.73378,1.313789],[103.731803,1.313789],[103.731803,1.3118]]]},"properties":{"id":"c56_42","score":65.2,"land":97,"power":0,"fibre":56,"community":100,"dSub":3446,"dDc":2203,"cx":103.732792,"cy":1.312794}},{"type":"Feature","geometry":{"type":"Polygon","coordinates":[[[103.73405,1.314061],[103.736027,1.314061],[103.736027,1.31605],[103.73405,1.31605],[103.73405,1.314061]]]},"properties":{"id":"c57_43","score":66.8,"land":100,"power":0,"fibre":63,"community":96,"dSub":3166,"dDc":1850,"cx":103.735038,"cy":1.315055}},{"type":"Feature","geometry":{"type":"Polygon","coordinates":[[[103.731803,1.316322],[103.73378,1.316322],[103.73378,1.318311],[103.731803,1.318311],[103.731803,1.316322]]]},"properties":{"id":"c56_44","score":47.3,"land":44,"power":0,"fibre":63,"community":96,"dSub":3402,"dDc":1859,"cx":103.732792,"cy":1.317316}},{"type":"Feature","geometry":{"type":"Polygon","coordinates":[[[103.73405,1.320843],[103.736027,1.320843],[103.736027,1.322833],[103.73405,1.322833],[103.73405,1.320843]]]},"properties":{"id":"c57_46","score":63.9,"land":100,"power":0,"fibre":73,"community":72,"dSub":3184,"dDc":1374,"cx":103.735038,"cy":1.321838}},{"type":"Feature","geometry":{"type":"Polygon","coordinates":[[[103.729557,1.3118],[103.731534,1.3118],[103.731534,1.313789],[103.729557,1.313789],[103.729557,1.3118]]]},"properties":{"id":"c55_42","score":52.4,"land":63,"power":0,"fibre":52,"community":99,"dSub":3693,"dDc":2376,"cx":103.730545,"cy":1.312794}},{"type":"Feature","geometry":{"type":"Polygon","coordinates":[[[103.754267,1.307278],[103.756244,1.307278],[103.756244,1.309267],[103.754267,1.309267],[103.754267,1.307278]]]},"properties":{"id":"c66_40","score":62.3,"land":56,"power":54,"fibre":52,"community":95,"dSub":1384,"dDc":2388,"cx":103.755256,"cy":1.308273}},{"type":"Feature","geometry":{"type":"Polygon","coordinates":[[[103.754267,1.305017],[103.756244,1.305017],[103.756244,1.307007],[103.754267,1.307007],[103.754267,1.305017]]]},"properties":{"id":"c66_39","score":69.5,"land":82,"power":47,"fibre":48,"community":98,"dSub":1582,"dDc":2615,"cx":103.755256,"cy":1.306012}},{"type":"Feature","geometry":{"type":"Polygon","coordinates":[[[103.756514,1.307278],[103.758491,1.307278],[103.758491,1.309267],[103.756514,1.309267],[103.756514,1.307278]]]},"properties":{"id":"c67_40","score":57.2,"land":48,"power":59,"fibre":50,"community":79,"dSub":1235,"dDc":2507,"cx":103.757502,"cy":1.308273}},{"type":"Feature","geometry":{"type":"Polygon","coordinates":[[[103.756514,1.300495],[103.758491,1.300495],[103.758491,1.302485],[103.756514,1.302485],[103.756514,1.300495]]]},"properties":{"id":"c67_37","score":62.8,"land":77,"power":36,"fibre":37,"community":98,"dSub":1914,"dDc":3173,"cx":103.757502,"cy":1.30149}},{"type":"Feature","geometry":{"type":"Polygon","coordinates":[[[103.761006,1.300495],[103.762983,1.300495],[103.762983,1.302485],[103.761006,1.302485],[103.761006,1.300495]]]},"properties":{"id":"c69_37","score":52.3,"land":63,"power":40,"fibre":37,"community":64,"dSub":1806,"dDc":3161,"cx":103.761995,"cy":1.30149}},{"type":"Feature","geometry":{"type":"Polygon","coordinates":[[[103.75876,1.300495],[103.760737,1.300495],[103.760737,1.302485],[103.75876,1.302485],[103.75876,1.300495]]]},"properties":{"id":"c68_37","score":51.7,"land":50,"power":39,"fibre":34,"community":89,"dSub":1844,"dDc":3283,"cx":103.759749,"cy":1.30149}},{"type":"Feature","geometry":{"type":"Polygon","coordinates":[[[103.756514,1.302756],[103.758491,1.302756],[103.758491,1.304746],[103.756514,1.304746],[103.756514,1.302756]]]},"properties":{"id":"c67_38","score":72.8,"land":99,"power":44,"fibre":41,"community":95,"dSub":1681,"dDc":2947,"cx":103.757502,"cy":1.303751}},{"type":"Feature","geometry":{"type":"Polygon","coordinates":[[[103.752021,1.309539],[103.753998,1.309539],[103.753998,1.311528],[103.752021,1.311528],[103.752021,1.309539]]]},"properties":{"id":"c65_41","score":64.6,"land":60,"power":53,"fibre":59,"community":93,"dSub":1402,"dDc":2057,"cx":103.753009,"cy":1.310534}},{"type":"Feature","geometry":{"type":"Polygon","coordinates":[[[103.754267,1.309539],[103.756244,1.309539],[103.756244,1.311528],[103.754267,1.311528],[103.754267,1.309539]]]},"properties":{"id":"c66_41","score":72.8,"land":88,"power":60,"fibre":57,"community":79,"dSub":1205,"dDc":2165,"cx":103.755256,"cy":1.310534}},{"type":"Feature","geometry":{"type":"Polygon","coordinates":[[[103.752021,1.3118],[103.753998,1.3118],[103.753998,1.313789],[103.752021,1.313789],[103.752021,1.3118]]]},"properties":{"id":"c65_42","score":63.0,"land":55,"power":57,"fibre":63,"community":84,"dSub":1276,"dDc":1829,"cx":103.753009,"cy":1.312794}},{"type":"Feature","geometry":{"type":"Polygon","coordinates":[[[103.749774,1.309539],[103.751751,1.309539],[103.751751,1.311528],[103.749774,1.311528],[103.749774,1.309539]]]},"properties":{"id":"c64_41","score":71.8,"land":82,"power":46,"fibre":61,"community":98,"dSub":1614,"dDc":1975,"cx":103.750763,"cy":1.310534}},{"type":"Feature","geometry":{"type":"Polygon","coordinates":[[[103.752021,1.307278],[103.753998,1.307278],[103.753998,1.309267],[103.752021,1.309267],[103.752021,1.307278]]]},"properties":{"id":"c65_40","score":77.6,"land":100,"power":48,"fibre":54,"community":99,"dSub":1558,"dDc":2290,"cx":103.753009,"cy":1.308273}},{"type":"Feature","geometry":{"type":"Polygon","coordinates":[[[103.749774,1.3118],[103.751751,1.3118],[103.751751,1.313789],[103.749774,1.313789],[103.749774,1.3118]]]},"properties":{"id":"c64_42","score":71.2,"land":76,"power":50,"fibre":65,"community":95,"dSub":1506,"dDc":1736,"cx":103.750763,"cy":1.312794}},{"type":"Feature","geometry":{"type":"Polygon","coordinates":[[[103.747528,1.3118],[103.749505,1.3118],[103.749505,1.313789],[103.747528,1.313789],[103.747528,1.3118]]]},"properties":{"id":"c63_42","score":61.7,"land":52,"power":42,"fibre":67,"community":98,"dSub":1741,"dDc":1675,"cx":103.748516,"cy":1.312794}},{"type":"Feature","geometry":{"type":"Polygon","coordinates":[[[103.749774,1.314061],[103.751751,1.314061],[103.751751,1.31605],[103.749774,1.31605],[103.749774,1.314061]]]},"properties":{"id":"c64_43","score":66.8,"land":63,"power":52,"fibre":70,"community":88,"dSub":1434,"dDc":1500,"cx":103.750763,"cy":1.315055}},{"type":"Feature","geometry":{"type":"Polygon","coordinates":[[[103.747528,1.314061],[103.749505,1.314061],[103.749505,1.31605],[103.747528,1.31605],[103.747528,1.314061]]]},"properties":{"id":"c63_43","score":59.1,"land":41,"power":44,"fibre":71,"community":98,"dSub":1679,"dDc":1429,"cx":103.748516,"cy":1.315055}},{"type":"Feature","geometry":{"type":"Polygon","coordinates":[[[103.752021,1.314061],[103.753998,1.314061],[103.753998,1.31605],[103.752021,1.31605],[103.752021,1.314061]]]},"properties":{"id":"c65_43","score":60.2,"land":53,"power":60,"fibre":68,"community":64,"dSub":1190,"dDc":1607,"cx":103.753009,"cy":1.315055}},{"type":"Feature","geometry":{"type":"Polygon","coordinates":[[[103.749774,1.316322],[103.751751,1.316322],[103.751751,1.318311],[103.749774,1.318311],[103.749774,1.316322]]]},"properties":{"id":"c64_44","score":76.0,"land":100,"power":53,"fibre":75,"community":64,"dSub":1403,"dDc":1270,"cx":103.750763,"cy":1.317316}},{"type":"Feature","geometry":{"type":"Polygon","coordinates":[[[103.709339,1.318582],[103.711316,1.318582],[103.711316,1.320572],[103.709339,1.320572],[103.709339,1.318582]]]},"properties":{"id":"c46_45","score":69.1,"land":94,"power":0,"fibre":83,"community":98,"dSub":5905,"dDc":856,"cx":103.710328,"cy":1.319577}},{"type":"Feature","geometry":{"type":"Polygon","coordinates":[[[103.713832,1.318582],[103.715809,1.318582],[103.715809,1.320572],[103.713832,1.320572],[103.713832,1.318582]]]},"properties":{"id":"c48_45","score":55.8,"land":61,"power":0,"fibre":73,"community":99,"dSub":5406,"dDc":1340,"cx":103.71482,"cy":1.319577}},{"type":"Feature","geometry":{"type":"Polygon","coordinates":[[[103.711586,1.320843],[103.713562,1.320843],[103.713562,1.322833],[103.711586,1.322833],[103.711586,1.320843]]]},"properties":{"id":"c47_46","score":68.3,"land":95,"power":0,"fibre":76,"community":99,"dSub":5670,"dDc":1183,"cx":103.712574,"cy":1.321838}},{"type":"Feature","geometry":{"type":"Polygon","coordinates":[[[103.716078,1.318582],[103.718055,1.318582],[103.718055,1.320572],[103.716078,1.320572],[103.716078,1.318582]]]},"properties":{"id":"c49_45","score":68.4,"land":100,"power":0,"fibre":68,"community":99,"dSub":5156,"dDc":1586,"cx":103.717067,"cy":1.319577}},{"type":"Feature","geometry":{"type":"Polygon","coordinates":[[[103.711586,1.318582],[103.713562,1.318582],[103.713562,1.320572],[103.711586,1.320572],[103.711586,1.318582]]]},"properties":{"id":"c47_45","score":59.6,"land":70,"power":0,"fibre":78,"community":98,"dSub":5655,"dDc":1097,"cx":103.712574,"cy":1.319577}},{"type":"Feature","geometry":{"type":"Polygon","coordinates":[[[103.718325,1.314061],[103.720302,1.314061],[103.720302,1.31605],[103.718325,1.31605],[103.718325,1.314061]]]},"properties":{"id":"c50_43","score":56.8,"land":69,"power":0,"fibre":63,"community":99,"dSub":4911,"dDc":1828,"cx":103.719313,"cy":1.315055}},{"type":"Feature","geometry":{"type":"Polygon","coordinates":[[[103.718325,1.318582],[103.720302,1.318582],[103.720302,1.320572],[103.718325,1.320572],[103.718325,1.318582]]]},"properties":{"id":"c50_45","score":47.6,"land":43,"power":0,"fibre":63,"community":99,"dSub":4906,"dDc":1833,"cx":103.719313,"cy":1.319577}},{"type":"Feature","geometry":{"type":"Polygon","coordinates":[[[103.713832,1.316322],[103.715809,1.316322],[103.715809,1.318311],[103.713832,1.318311],[103.713832,1.316322]]]},"properties":{"id":"c48_44","score":51.8,"land":49,"power":0,"fibre":74,"community":99,"dSub":5402,"dDc":1314,"cx":103.71482,"cy":1.317316}},{"type":"Feature","geometry":{"type":"Polygon","coordinates":[[[103.718325,1.316322],[103.720302,1.316322],[103.720302,1.318311],[103.718325,1.318311],[103.718325,1.316322]]]},"properties":{"id":"c50_44","score":60.8,"land":81,"power":0,"fibre":64,"community":99,"dSub":4902,"dDc":1814,"cx":103.719313,"cy":1.317316}},{"type":"Feature","geometry":{"type":"Polygon","coordinates":[[[103.709339,1.316322],[103.711316,1.316322],[103.711316,1.318311],[103.709339,1.318311],[103.709339,1.316322]]]},"properties":{"id":"c46_44","score":71.1,"land":100,"power":0,"fibre":84,"community":97,"dSub":5902,"dDc":814,"cx":103.710328,"cy":1.317316}},{"type":"Feature","geometry":{"type":"Polygon","coordinates":[[[103.720571,1.316322],[103.722548,1.316322],[103.722548,1.318311],[103.720571,1.318311],[103.720571,1.316322]]]},"properties":{"id":"c51_44","score":55.2,"land":68,"power":0,"fibre":59,"community":98,"dSub":4652,"dDc":2064,"cx":103.72156,"cy":1.317316}},{"type":"Feature","geometry":{"type":"Polygon","coordinates":[[[103.725064,1.314061],[103.727041,1.314061],[103.727041,1.31605],[103.725064,1.31605],[103.725064,1.314061]]]},"properties":{"id":"c53_43","score":40.9,"land":33,"power":0,"fibre":49,"community":99,"dSub":4163,"dDc":2574,"cx":103.726052,"cy":1.315055}},{"type":"Feature","geometry":{"type":"Polygon","coordinates":[[[103.722818,1.316322],[103.724794,1.316322],[103.724794,1.318311],[103.722818,1.318311],[103.722818,1.316322]]]},"properties":{"id":"c52_44","score":65.6,"land":100,"power":0,"fibre":54,"community":99,"dSub":4402,"dDc":2314,"cx":103.723806,"cy":1.317316}},{"type":"Feature","geometry":{"type":"Polygon","coordinates":[[[103.722818,1.318582],[103.724794,1.318582],[103.724794,1.320572],[103.722818,1.320572],[103.722818,1.318582]]]},"properties":{"id":"c52_45","score":46.5,"land":46,"power":0,"fibre":53,"community":99,"dSub":4406,"dDc":2329,"cx":103.723806,"cy":1.319577}},{"type":"Feature","geometry":{"type":"Polygon","coordinates":[[[103.725064,1.316322],[103.727041,1.316322],[103.727041,1.318311],[103.725064,1.318311],[103.725064,1.316322]]]},"properties":{"id":"c53_44","score":61.4,"land":90,"power":0,"fibre":50,"community":99,"dSub":4152,"dDc":2492,"cx":103.726052,"cy":1.317316}},{"type":"Feature","geometry":{"type":"Polygon","coordinates":[[[103.720571,1.320843],[103.722548,1.320843],[103.722548,1.322833],[103.720571,1.322833],[103.720571,1.320843]]]},"properties":{"id":"c51_46","score":66.3,"land":100,"power":0,"fibre":57,"community":99,"dSub":4674,"dDc":2127,"cx":103.72156,"cy":1.321838}},{"type":"Feature","geometry":{"type":"Polygon","coordinates":[[[103.720571,1.318582],[103.722548,1.318582],[103.722548,1.320572],[103.720571,1.320572],[103.720571,1.318582]]]},"properties":{"id":"c51_45","score":58.3,"land":77,"power":0,"fibre":58,"community":98,"dSub":4656,"dDc":2081,"cx":103.72156,"cy":1.319577}},{"type":"Feature","geometry":{"type":"Polygon","coordinates":[[[103.72731,1.320843],[103.729287,1.320843],[103.729287,1.322833],[103.72731,1.322833],[103.72731,1.320843]]]},"properties":{"id":"c54_46","score":54.3,"land":69,"power":0,"fibre":59,"community":92,"dSub":3928,"dDc":2065,"cx":103.728299,"cy":1.321838}},{"type":"Feature","geometry":{"type":"Polygon","coordinates":[[[103.725064,1.320843],[103.727041,1.320843],[103.727041,1.322833],[103.725064,1.322833],[103.725064,1.320843]]]},"properties":{"id":"c53_46","score":43.4,"land":39,"power":0,"fibre":54,"community":95,"dSub":4176,"dDc":2304,"cx":103.726052,"cy":1.321838}},{"type":"Feature","geometry":{"type":"Polygon","coordinates":[[[103.772238,1.327626],[103.774215,1.327626],[103.774215,1.329616],[103.772238,1.329616],[103.772238,1.327626]]]},"properties":{"id":"c74_49","score":72.5,"land":99,"power":46,"fibre":39,"community":94,"dSub":1627,"dDc":3041,"cx":103.773227,"cy":1.328621}},{"type":"Feature","geometry":{"type":"Polygon","coordinates":[[[103.769992,1.329887],[103.771969,1.329887],[103.771969,1.331877],[103.769992,1.331877],[103.769992,1.329887]]]},"properties":{"id":"c73_50","score":57.9,"land":68,"power":44,"fibre":44,"community":71,"dSub":1680,"dDc":2811,"cx":103.770981,"cy":1.330882}},{"type":"Feature","geometry":{"type":"Polygon","coordinates":[[[103.774485,1.325365],[103.776462,1.325365],[103.776462,1.327355],[103.774485,1.327355],[103.774485,1.325365]]]},"properties":{"id":"c75_48","score":70.5,"land":100,"power":45,"fibre":34,"community":87,"dSub":1650,"dDc":3293,"cx":103.775473,"cy":1.32636}},{"type":"Feature","geometry":{"type":"Polygon","coordinates":[[[103.752021,1.341192],[103.753998,1.341192],[103.753998,1.343181],[103.752021,1.343181],[103.752021,1.341192]]]},"properties":{"id":"c65_55","score":62.7,"land":88,"power":8,"fibre":64,"community":85,"dSub":2765,"dDc":1785,"cx":103.753009,"cy":1.342187}},{"type":"Feature","geometry":{"type":"Polygon","coordinates":[[[103.749774,1.341192],[103.751751,1.341192],[103.751751,1.343181],[103.749774,1.343181],[103.749774,1.341192]]]},"properties":{"id":"c64_55","score":53.9,"land":58,"power":8,"fibre":66,"community":91,"dSub":2751,"dDc":1689,"cx":103.750763,"cy":1.342187}},{"type":"Feature","geometry":{"type":"Polygon","coordinates":[[[103.752021,1.343453],[103.753998,1.343453],[103.753998,1.345442],[103.752021,1.345442],[103.752021,1.343453]]]},"properties":{"id":"c65_56","score":47.4,"land":51,"power":16,"fibre":60,"community":67,"dSub":2517,"dDc":2012,"cx":103.753009,"cy":1.344448}},{"type":"Feature","geometry":{"type":"Polygon","coordinates":[[[103.749774,1.332148],[103.751751,1.332148],[103.751751,1.334138],[103.749774,1.334138],[103.749774,1.332148]]]},"properties":{"id":"c64_51","score":75.8,"land":94,"power":27,"fibre":84,"community":98,"dSub":2204,"dDc":807,"cx":103.750763,"cy":1.333143}},{"type":"Feature","geometry":{"type":"Polygon","coordinates":[[[103.747528,1.33667],[103.749505,1.33667],[103.749505,1.33866],[103.747528,1.33866],[103.747528,1.33667]]]},"properties":{"id":"c63_53","score":55.6,"land":58,"power":8,"fibre":77,"community":88,"dSub":2752,"dDc":1138,"cx":103.748516,"cy":1.337665}},{"type":"Feature","geometry":{"type":"Polygon","coordinates":[[[103.749774,1.334409],[103.751751,1.334409],[103.751751,1.336399],[103.749774,1.336399],[103.749774,1.334409]]]},"properties":{"id":"c64_52","score":60.6,"land":57,"power":20,"fibre":80,"community":98,"dSub":2402,"dDc":1007,"cx":103.750763,"cy":1.335404}},{"type":"Feature","geometry":{"type":"Polygon","coordinates":[[[103.749774,1.363801],[103.751751,1.363801],[103.751751,1.365791],[103.749774,1.365791],[103.749774,1.363801]]]},"properties":{"id":"c64_65","score":45.0,"land":16,"power":92,"fibre":45,"community":37,"dSub":253,"dDc":2740,"cx":103.750763,"cy":1.364796}},{"type":"Feature","geometry":{"type":"Polygon","coordinates":[[[103.720571,1.384149],[103.722548,1.384149],[103.722548,1.386139],[103.720571,1.386139],[103.720571,1.384149]]]},"properties":{"id":"c51_74","score":47.5,"land":67,"power":0,"fibre":39,"community":81,"dSub":3785,"dDc":3040,"cx":103.72156,"cy":1.385144}},{"type":"Feature","geometry":{"type":"Polygon","coordinates":[[[103.772238,1.307278],[103.774215,1.307278],[103.774215,1.309267],[103.772238,1.309267],[103.772238,1.307278]]]},"properties":{"id":"c74_40","score":43.0,"land":26,"power":49,"fibre":53,"community":54,"dSub":1519,"dDc":2341,"cx":103.773227,"cy":1.308273}},{"type":"Feature","geometry":{"type":"Polygon","coordinates":[[[103.769992,1.305017],[103.771969,1.305017],[103.771969,1.307007],[103.769992,1.307007],[103.769992,1.305017]]]},"properties":{"id":"c73_39","score":48.5,"land":36,"power":48,"fibre":52,"community":68,"dSub":1552,"dDc":2406,"cx":103.770981,"cy":1.306012}},{"type":"Feature","geometry":{"type":"Polygon","coordinates":[[[103.754267,1.436151],[103.756244,1.436151],[103.756244,1.43814],[103.754267,1.43814],[103.754267,1.436151]]]},"properties":{"id":"c66_97","score":53.8,"land":74,"power":0,"fibre":43,"community":97,"dSub":7768,"dDc":2862,"cx":103.755256,"cy":1.437146}},{"type":"Feature","geometry":{"type":"Polygon","coordinates":[[[103.754267,1.43389],[103.756244,1.43389],[103.756244,1.435879],[103.754267,1.435879],[103.754267,1.43389]]]},"properties":{"id":"c66_96","score":42.6,"land":43,"power":0,"fibre":41,"community":97,"dSub":7519,"dDc":2929,"cx":103.755256,"cy":1.434885}},{"type":"Feature","geometry":{"type":"Polygon","coordinates":[[[103.756514,1.43389],[103.758491,1.43389],[103.758491,1.435879],[103.756514,1.435879],[103.756514,1.43389]]]},"properties":{"id":"c67_96","score":52.5,"land":67,"power":0,"fibre":46,"community":98,"dSub":7541,"dDc":2692,"cx":103.757502,"cy":1.434885}},{"type":"Feature","geometry":{"type":"Polygon","coordinates":[[[103.776731,1.350235],[103.778708,1.350235],[103.778708,1.352225],[103.776731,1.352225],[103.776731,1.350235]]]},"properties":{"id":"c76_59","score":48.5,"land":100,"power":0,"fibre":12,"community":56,"dSub":3505,"dDc":4392,"cx":103.77772,"cy":1.35123}},{"type":"Feature","geometry":{"type":"Polygon","coordinates":[[[103.7026,1.28919],[103.704577,1.28919],[103.704577,1.29118],[103.7026,1.29118],[103.7026,1.28919]]]},"properties":{"id":"c43_32","score":61.8,"land":100,"power":0,"fibre":41,"community":93,"dSub":7318,"dDc":2941,"cx":103.703588,"cy":1.290185}},{"type":"Feature","geometry":{"type":"Polygon","coordinates":[[[103.704846,1.291451],[103.706823,1.291451],[103.706823,1.293441],[103.704846,1.293441],[103.704846,1.291451]]]},"properties":{"id":"c44_33","score":62.4,"land":100,"power":0,"fibre":45,"community":91,"dSub":6987,"dDc":2725,"cx":103.705835,"cy":1.292446}},{"type":"Feature","geometry":{"type":"Polygon","coordinates":[[[103.704846,1.438412],[103.706823,1.438412],[103.706823,1.440401],[103.704846,1.440401],[103.704846,1.438412]]]},"properties":{"id":"c44_98","score":41.4,"land":65,"power":0,"fibre":0,"community":92,"dSub":9414,"dDc":8297,"cx":103.705835,"cy":1.439407}},{"type":"Feature","geometry":{"type":"Polygon","coordinates":[[[103.704846,1.440673],[103.706823,1.440673],[103.706823,1.442662],[103.704846,1.442662],[103.704846,1.440673]]]},"properties":{"id":"c44_99","score":51.4,"land":92,"power":0,"fibre":0,"community":97,"dSub":9628,"dDc":8289,"cx":103.705835,"cy":1.441667}},{"type":"Feature","geometry":{"type":"Polygon","coordinates":[[[103.783471,1.393193],[103.785447,1.393193],[103.785447,1.395183],[103.783471,1.395183],[103.783471,1.393193]]]},"properties":{"id":"c79_78","score":58.3,"land":100,"power":0,"fibre":16,"community":100,"dSub":4244,"dDc":4177,"cx":103.784459,"cy":1.394188}},{"type":"Feature","geometry":{"type":"Polygon","coordinates":[[[103.785717,1.295973],[103.787694,1.295973],[103.787694,1.297963],[103.785717,1.297963],[103.785717,1.295973]]]},"properties":{"id":"c80_35","score":70.7,"land":93,"power":0,"fibre":92,"community":100,"dSub":3074,"dDc":391,"cx":103.786705,"cy":1.296968}},{"type":"Feature","geometry":{"type":"Polygon","coordinates":[[[103.778978,1.418063],[103.780955,1.418063],[103.780955,1.420053],[103.778978,1.420053],[103.778978,1.418063]]]},"properties":{"id":"c77_89","score":64.1,"land":97,"power":0,"fibre":53,"community":99,"dSub":5935,"dDc":2345,"cx":103.779966,"cy":1.419058}},{"type":"Feature","geometry":{"type":"Polygon","coordinates":[[[103.781224,1.418063],[103.783201,1.418063],[103.783201,1.420053],[103.781224,1.420053],[103.781224,1.418063]]]},"properties":{"id":"c78_89","score":66.2,"land":100,"power":0,"fibre":57,"community":99,"dSub":5742,"dDc":2129,"cx":103.782213,"cy":1.419058}},{"type":"Feature","geometry":{"type":"Polygon","coordinates":[[[103.776731,1.442934],[103.778708,1.442934],[103.778708,1.444923],[103.776731,1.444923],[103.776731,1.442934]]]},"properties":{"id":"c76_100","score":53.3,"land":61,"power":0,"fibre":94,"community":66,"dSub":8097,"dDc":306,"cx":103.77772,"cy":1.443928}},{"type":"Feature","geometry":{"type":"Polygon","coordinates":[[[103.749774,1.343453],[103.751751,1.343453],[103.751751,1.345442],[103.749774,1.345442],[103.749774,1.343453]]]},"properties":{"id":"c64_56","score":47.0,"land":49,"power":17,"fibre":61,"community":68,"dSub":2501,"dDc":1927,"cx":103.750763,"cy":1.344448}},{"type":"Feature","geometry":{"type":"Polygon","coordinates":[[[103.747528,1.354757],[103.749505,1.354757],[103.749505,1.356747],[103.747528,1.356747],[103.747528,1.354757]]]},"properties":{"id":"c63_61","score":65.2,"land":100,"power":58,"fibre":52,"community":27,"dSub":1268,"dDc":2407,"cx":103.748516,"cy":1.355752}},{"type":"Feature","geometry":{"type":"Polygon","coordinates":[[[103.718325,1.368323],[103.720302,1.368323],[103.720302,1.370313],[103.718325,1.370313],[103.718325,1.368323]]]},"properties":{"id":"c50_67","score":59.2,"land":76,"power":0,"fibre":70,"community":92,"dSub":3472,"dDc":1498,"cx":103.719313,"cy":1.369318}},{"type":"Feature","geometry":{"type":"Polygon","coordinates":[[[103.781224,1.300495],[103.783201,1.300495],[103.783201,1.302485],[103.781224,1.302485],[103.781224,1.300495]]]},"properties":{"id":"c78_37","score":40.3,"land":17,"power":8,"fibre":78,"community":84,"dSub":2764,"dDc":1092,"cx":103.782213,"cy":1.30149}},{"type":"Feature","geometry":{"type":"Polygon","coordinates":[[[103.747528,1.327626],[103.749505,1.327626],[103.749505,1.329616],[103.747528,1.329616],[103.747528,1.327626]]]},"properties":{"id":"c63_49","score":67.9,"land":61,"power":32,"fibre":94,"community":99,"dSub":2042,"dDc":306,"cx":103.748516,"cy":1.328621}},{"type":"Feature","geometry":{"type":"Polygon","coordinates":[[[103.749774,1.325365],[103.751751,1.325365],[103.751751,1.327355],[103.749774,1.327355],[103.749774,1.325365]]]},"properties":{"id":"c64_48","score":80.6,"land":93,"power":44,"fibre":89,"community":97,"dSub":1694,"dDc":560,"cx":103.750763,"cy":1.32636}},{"type":"Feature","geometry":{"type":"Polygon","coordinates":[[[103.769992,1.307278],[103.771969,1.307278],[103.771969,1.309267],[103.769992,1.309267],[103.769992,1.307278]]]},"properties":{"id":"c73_40","score":64.8,"land":89,"power":55,"fibre":49,"community":51,"dSub":1349,"dDc":2541,"cx":103.770981,"cy":1.308273}},{"type":"Feature","geometry":{"type":"Polygon","coordinates":[[[103.749774,1.366062],[103.751751,1.366062],[103.751751,1.368052],[103.749774,1.368052],[103.749774,1.366062]]]},"properties":{"id":"c64_66","score":67.1,"land":70,"power":99,"fibre":44,"community":45,"dSub":37,"dDc":2817,"cx":103.750763,"cy":1.367057}},{"type":"Feature","geometry":{"type":"Polygon","coordinates":[[[103.747528,1.366062],[103.749505,1.366062],[103.749505,1.368052],[103.747528,1.368052],[103.747528,1.366062]]]},"properties":{"id":"c63_66","score":52.6,"land":24,"power":93,"fibre":48,"community":56,"dSub":213,"dDc":2584,"cx":103.748516,"cy":1.367057}},{"type":"Feature","geometry":{"type":"Polygon","coordinates":[[[103.749774,1.372845],[103.751751,1.372845],[103.751751,1.374834],[103.749774,1.374834],[103.749774,1.372845]]]},"properties":{"id":"c64_69","score":47.8,"land":25,"power":75,"fibre":37,"community":65,"dSub":751,"dDc":3157,"cx":103.750763,"cy":1.37384}},{"type":"Feature","geometry":{"type":"Polygon","coordinates":[[[103.785717,1.442934],[103.787694,1.442934],[103.787694,1.444923],[103.785717,1.444923],[103.785717,1.442934]]]},"properties":{"id":"c80_100","score":49.0,"land":50,"power":0,"fibre":86,"community":71,"dSub":7536,"dDc":719,"cx":103.786705,"cy":1.443928}},{"type":"Feature","geometry":{"type":"Polygon","coordinates":[[[103.785717,1.445195],[103.787694,1.445195],[103.787694,1.447184],[103.785717,1.447184],[103.785717,1.445195]]]},"properties":{"id":"c80_101","score":49.8,"land":50,"power":0,"fibre":84,"community":78,"dSub":7751,"dDc":795,"cx":103.786705,"cy":1.446189}},{"type":"Feature","geometry":{"type":"Polygon","coordinates":[[[103.776731,1.352496],[103.778708,1.352496],[103.778708,1.354486],[103.776731,1.354486],[103.776731,1.352496]]]},"properties":{"id":"c76_60","score":56.8,"land":100,"power":0,"fibre":9,"community":100,"dSub":3387,"dDc":4545,"cx":103.77772,"cy":1.353491}},{"type":"Feature","geometry":{"type":"Polygon","coordinates":[[[103.743035,1.436151],[103.745012,1.436151],[103.745012,1.43814],[103.743035,1.43814],[103.743035,1.436151]]]},"properties":{"id":"c61_97","score":52.5,"land":83,"power":0,"fibre":18,"community":99,"dSub":7782,"dDc":4090,"cx":103.744024,"cy":1.437146}},{"type":"Feature","geometry":{"type":"Polygon","coordinates":[[[103.745282,1.436151],[103.747259,1.436151],[103.747259,1.43814],[103.745282,1.43814],[103.745282,1.436151]]]},"properties":{"id":"c62_97","score":52.6,"land":80,"power":0,"fibre":23,"community":99,"dSub":7763,"dDc":3843,"cx":103.74627,"cy":1.437146}},{"type":"Feature","geometry":{"type":"Polygon","coordinates":[[[103.785717,1.427107],[103.787694,1.427107],[103.787694,1.429097],[103.785717,1.429097],[103.785717,1.427107]]]},"properties":{"id":"c80_93","score":50.5,"land":77,"power":0,"fibre":74,"community":44,"dSub":6103,"dDc":1313,"cx":103.786705,"cy":1.428102}},{"type":"Feature","geometry":{"type":"Polygon","coordinates":[[[103.729557,1.334409],[103.731534,1.334409],[103.731534,1.336399],[103.729557,1.336399],[103.729557,1.334409]]]},"properties":{"id":"c55_52","score":40.2,"land":33,"power":0,"fibre":62,"community":82,"dSub":4140,"dDc":1910,"cx":103.730545,"cy":1.335404}},{"type":"Feature","geometry":{"type":"Polygon","coordinates":[[[103.781224,1.438412],[103.783201,1.438412],[103.783201,1.440401],[103.781224,1.440401],[103.781224,1.438412]]]},"properties":{"id":"c78_98","score":62.8,"land":92,"power":0,"fibre":91,"community":63,"dSub":7397,"dDc":451,"cx":103.782213,"cy":1.439407}},{"type":"Feature","geometry":{"type":"Polygon","coordinates":[[[103.781224,1.442934],[103.783201,1.442934],[103.783201,1.444923],[103.781224,1.444923],[103.781224,1.442934]]]},"properties":{"id":"c78_100","score":70.4,"land":92,"power":0,"fibre":95,"community":96,"dSub":7805,"dDc":236,"cx":103.782213,"cy":1.443928}},{"type":"Feature","geometry":{"type":"Polygon","coordinates":[[[103.783471,1.438412],[103.785447,1.438412],[103.785447,1.440401],[103.783471,1.440401],[103.783471,1.438412]]]},"properties":{"id":"c79_98","score":53.2,"land":64,"power":0,"fibre":88,"community":66,"dSub":7252,"dDc":610,"cx":103.784459,"cy":1.439407}},{"type":"Feature","geometry":{"type":"Polygon","coordinates":[[[103.776731,1.445195],[103.778708,1.445195],[103.778708,1.447184],[103.776731,1.447184],[103.776731,1.445195]]]},"properties":{"id":"c76_101","score":55.2,"land":60,"power":0,"fibre":91,"community":79,"dSub":8298,"dDc":455,"cx":103.77772,"cy":1.446189}},{"type":"Feature","geometry":{"type":"Polygon","coordinates":[[[103.774485,1.445195],[103.776462,1.445195],[103.776462,1.447184],[103.774485,1.447184],[103.774485,1.445195]]]},"properties":{"id":"c75_101","score":65.4,"land":100,"power":0,"fibre":87,"community":65,"dSub":8447,"dDc":643,"cx":103.775473,"cy":1.446189}},{"type":"Feature","geometry":{"type":"Polygon","coordinates":[[[103.765499,1.427107],[103.767476,1.427107],[103.767476,1.429097],[103.765499,1.429097],[103.765499,1.427107]]]},"properties":{"id":"c71_93","score":65.8,"land":100,"power":0,"fibre":55,"community":99,"dSub":6982,"dDc":2254,"cx":103.766488,"cy":1.428102}},{"type":"Feature","geometry":{"type":"Polygon","coordinates":[[[103.761006,1.424846],[103.762983,1.424846],[103.762983,1.426836],[103.761006,1.426836],[103.761006,1.424846]]]},"properties":{"id":"c69_92","score":63.8,"land":100,"power":0,"fibre":44,"community":100,"dSub":6626,"dDc":2785,"cx":103.761995,"cy":1.425841}},{"type":"Feature","geometry":{"type":"Polygon","coordinates":[[[103.720571,1.277886],[103.722548,1.277886],[103.722548,1.279875],[103.720571,1.279875],[103.720571,1.277886]]]},"properties":{"id":"c51_27","score":55.9,"land":100,"power":0,"fibre":6,"community":99,"dSub":6334,"dDc":4709,"cx":103.72156,"cy":1.278881}},{"type":"Feature","geometry":{"type":"Polygon","coordinates":[[[103.749774,1.329887],[103.751751,1.329887],[103.751751,1.331877],[103.749774,1.331877],[103.749774,1.329887]]]},"properties":{"id":"c64_50","score":76.3,"land":89,"power":33,"fibre":87,"community":98,"dSub":2017,"dDc":643,"cx":103.750763,"cy":1.330882}},{"type":"Feature","geometry":{"type":"Polygon","coordinates":[[[103.756514,1.329887],[103.758491,1.329887],[103.758491,1.331877],[103.756514,1.331877],[103.756514,1.329887]]]},"properties":{"id":"c67_50","score":66.1,"land":60,"power":47,"fibre":73,"community":94,"dSub":1590,"dDc":1336,"cx":103.757502,"cy":1.330882}},{"type":"Feature","geometry":{"type":"Polygon","coordinates":[[[103.756514,1.327626],[103.758491,1.327626],[103.758491,1.329616],[103.756514,1.329616],[103.756514,1.327626]]]},"properties":{"id":"c67_49","score":79.0,"land":92,"power":54,"fibre":74,"community":92,"dSub":1366,"dDc":1293,"cx":103.757502,"cy":1.328621}},{"type":"Feature","geometry":{"type":"Polygon","coordinates":[[[103.704846,1.314061],[103.706823,1.314061],[103.706823,1.31605],[103.704846,1.31605],[103.704846,1.314061]]]},"properties":{"id":"c44_43","score":73.0,"land":100,"power":0,"fibre":92,"community":98,"dSub":6409,"dDc":390,"cx":103.705835,"cy":1.315055}},{"type":"Feature","geometry":{"type":"Polygon","coordinates":[[[103.7026,1.314061],[103.704577,1.314061],[103.704577,1.31605],[103.7026,1.31605],[103.7026,1.314061]]]},"properties":{"id":"c43_43","score":73.7,"land":100,"power":0,"fibre":95,"community":98,"dSub":6659,"dDc":241,"cx":103.703588,"cy":1.315055}},{"type":"Feature","geometry":{"type":"Polygon","coordinates":[[[103.707093,1.314061],[103.70907,1.314061],[103.70907,1.31605],[103.707093,1.31605],[103.707093,1.314061]]]},"properties":{"id":"c45_43","score":71.4,"land":98,"power":0,"fibre":88,"community":97,"dSub":6159,"dDc":610,"cx":103.708081,"cy":1.315055}},{"type":"Feature","geometry":{"type":"Polygon","coordinates":[[[103.7026,1.318582],[103.704577,1.318582],[103.704577,1.320572],[103.7026,1.320572],[103.7026,1.318582]]]},"properties":{"id":"c43_45","score":69.4,"land":88,"power":0,"fibre":94,"community":98,"dSub":6655,"dDc":275,"cx":103.703588,"cy":1.319577}},{"type":"Feature","geometry":{"type":"Polygon","coordinates":[[[103.704846,1.316322],[103.706823,1.316322],[103.706823,1.318311],[103.704846,1.318311],[103.704846,1.316322]]]},"properties":{"id":"c44_44","score":71.3,"land":95,"power":0,"fibre":94,"community":97,"dSub":6402,"dDc":314,"cx":103.705835,"cy":1.317316}},{"type":"Feature","geometry":{"type":"Polygon","coordinates":[[[103.707093,1.318582],[103.70907,1.318582],[103.70907,1.320572],[103.707093,1.320572],[103.707093,1.318582]]]},"properties":{"id":"c45_45","score":47.7,"land":30,"power":0,"fibre":88,"community":98,"dSub":6155,"dDc":624,"cx":103.708081,"cy":1.319577}},{"type":"Feature","geometry":{"type":"Polygon","coordinates":[[[103.747528,1.404498],[103.749505,1.404498],[103.749505,1.406487],[103.747528,1.406487],[103.747528,1.404498]]]},"properties":{"id":"c63_83","score":42.4,"land":82,"power":0,"fibre":0,"community":68,"dSub":4255,"dDc":5452,"cx":103.748516,"cy":1.405493}},{"type":"Feature","geometry":{"type":"Polygon","coordinates":[[[103.749774,1.404498],[103.751751,1.404498],[103.751751,1.406487],[103.749774,1.406487],[103.749774,1.404498]]]},"properties":{"id":"c64_83","score":47.4,"land":92,"power":0,"fibre":0,"community":75,"dSub":4250,"dDc":5293,"cx":103.750763,"cy":1.405493}},{"type":"Feature","geometry":{"type":"Polygon","coordinates":[[[103.785717,1.286929],[103.787694,1.286929],[103.787694,1.288919],[103.785717,1.288919],[103.785717,1.286929]]]},"properties":{"id":"c80_31","score":68.7,"land":75,"power":25,"fibre":83,"community":98,"dSub":2242,"dDc":857,"cx":103.786705,"cy":1.287924}},{"type":"Feature","geometry":{"type":"Polygon","coordinates":[[[103.785717,1.28919],[103.787694,1.28919],[103.787694,1.29118],[103.785717,1.29118],[103.785717,1.28919]]]},"properties":{"id":"c80_32","score":44.9,"land":9,"power":19,"fibre":87,"community":99,"dSub":2438,"dDc":633,"cx":103.786705,"cy":1.290185}},{"type":"Feature","geometry":{"type":"Polygon","coordinates":[[[103.781224,1.28919],[103.783201,1.28919],[103.783201,1.29118],[103.781224,1.29118],[103.781224,1.28919]]]},"properties":{"id":"c78_32","score":46.7,"land":27,"power":8,"fibre":80,"community":96,"dSub":2765,"dDc":991,"cx":103.782213,"cy":1.290185}},{"type":"Feature","geometry":{"type":"Polygon","coordinates":[[[103.776731,1.300495],[103.778708,1.300495],[103.778708,1.302485],[103.776731,1.302485],[103.776731,1.300495]]]},"properties":{"id":"c76_37","score":52.5,"land":44,"power":20,"fibre":70,"community":91,"dSub":2407,"dDc":1507,"cx":103.77772,"cy":1.30149}},{"type":"Feature","geometry":{"type":"Polygon","coordinates":[[[103.776731,1.302756],[103.778708,1.302756],[103.778708,1.304746],[103.776731,1.304746],[103.776731,1.302756]]]},"properties":{"id":"c76_38","score":49.8,"land":38,"power":26,"fibre":67,"community":83,"dSub":2226,"dDc":1640,"cx":103.77772,"cy":1.303751}},{"type":"Feature","geometry":{"type":"Polygon","coordinates":[[[103.772238,1.318582],[103.774215,1.318582],[103.774215,1.320572],[103.772238,1.320572],[103.772238,1.318582]]]},"properties":{"id":"c74_45","score":44.8,"land":34,"power":63,"fibre":37,"community":49,"dSub":1116,"dDc":3170,"cx":103.773227,"cy":1.319577}},{"type":"Feature","geometry":{"type":"Polygon","coordinates":[[[103.752021,1.33667],[103.753998,1.33667],[103.753998,1.33866],[103.752021,1.33866],[103.752021,1.33667]]]},"properties":{"id":"c65_53","score":46.0,"land":25,"power":17,"fibre":73,"community":92,"dSub":2484,"dDc":1354,"cx":103.753009,"cy":1.337665}},{"type":"Feature","geometry":{"type":"Polygon","coordinates":[[[103.75876,1.332148],[103.760737,1.332148],[103.760737,1.334138],[103.75876,1.334138],[103.75876,1.332148]]]},"properties":{"id":"c68_51","score":48.0,"land":15,"power":42,"fibre":67,"community":94,"dSub":1748,"dDc":1652,"cx":103.759749,"cy":1.333143}},{"type":"Feature","geometry":{"type":"Polygon","coordinates":[[[103.754267,1.334409],[103.756244,1.334409],[103.756244,1.336399],[103.754267,1.336399],[103.754267,1.334409]]]},"properties":{"id":"c66_52","score":75.5,"land":99,"power":28,"fibre":73,"community":96,"dSub":2149,"dDc":1343,"cx":103.755256,"cy":1.335404}},{"type":"Feature","geometry":{"type":"Polygon","coordinates":[[[103.756514,1.334409],[103.758491,1.334409],[103.758491,1.336399],[103.756514,1.336399],[103.756514,1.334409]]]},"properties":{"id":"c67_52","score":51.6,"land":30,"power":31,"fibre":69,"community":96,"dSub":2057,"dDc":1545,"cx":103.757502,"cy":1.335404}},{"type":"Feature","geometry":{"type":"Polygon","coordinates":[[[103.756514,1.431629],[103.758491,1.431629],[103.758491,1.433619],[103.756514,1.433619],[103.756514,1.431629]]]},"properties":{"id":"c67_95","score":63.1,"land":100,"power":0,"fibre":44,"community":96,"dSub":7292,"dDc":2785,"cx":103.757502,"cy":1.432624}},{"type":"Feature","geometry":{"type":"Polygon","coordinates":[[[103.704846,1.402237],[103.706823,1.402237],[103.706823,1.404226],[103.704846,1.404226],[103.704846,1.402237]]]},"properties":{"id":"c44_82","score":53.1,"land":100,"power":0,"fibre":0,"community":91,"dSub":6374,"dDc":5509,"cx":103.705835,"cy":1.403232}},{"type":"Feature","geometry":{"type":"Polygon","coordinates":[[[103.756514,1.436151],[103.758491,1.436151],[103.758491,1.43814],[103.756514,1.43814],[103.756514,1.436151]]]},"properties":{"id":"c67_97","score":61.5,"land":92,"power":0,"fibre":48,"community":99,"dSub":7789,"dDc":2619,"cx":103.757502,"cy":1.437146}},{"type":"Feature","geometry":{"type":"Polygon","coordinates":[[[103.698107,1.332148],[103.700084,1.332148],[103.700084,1.334138],[103.698107,1.334138],[103.698107,1.332148]]]},"properties":{"id":"c41_51","score":59.3,"land":78,"power":0,"fibre":73,"community":86,"dSub":6834,"dDc":1327,"cx":103.699096,"cy":1.333143}},{"type":"Feature","geometry":{"type":"Polygon","coordinates":[[[103.75876,1.43389],[103.760737,1.43389],[103.760737,1.435879],[103.75876,1.435879],[103.75876,1.43389]]]},"properties":{"id":"c68_96","score":65.1,"land":100,"power":0,"fibre":51,"community":100,"dSub":7571,"dDc":2458,"cx":103.759749,"cy":1.434885}},{"type":"Feature","geometry":{"type":"Polygon","coordinates":[[[103.740789,1.415802],[103.742766,1.415802],[103.742766,1.417792],[103.740789,1.417792],[103.740789,1.415802]]]},"properties":{"id":"c60_88","score":54.8,"land":100,"power":0,"fibre":0,"community":100,"dSub":5583,"dDc":5175,"cx":103.741777,"cy":1.416797}},{"type":"Feature","geometry":{"type":"Polygon","coordinates":[[[103.761006,1.323104],[103.762983,1.323104],[103.762983,1.325094],[103.761006,1.325094],[103.761006,1.323104]]]},"properties":{"id":"c69_47","score":71.0,"land":76,"power":76,"fibre":63,"community":63,"dSub":717,"dDc":1834,"cx":103.761995,"cy":1.324099}},{"type":"Feature","geometry":{"type":"Polygon","coordinates":[[[103.783471,1.284669],[103.785447,1.284669],[103.785447,1.286658],[103.783471,1.286658],[103.783471,1.284669]]]},"properties":{"id":"c79_30","score":53.1,"land":45,"power":25,"fibre":76,"community":78,"dSub":2241,"dDc":1191,"cx":103.784459,"cy":1.285663}},{"type":"Feature","geometry":{"type":"Polygon","coordinates":[[[103.778978,1.451977],[103.780955,1.451977],[103.780955,1.453967],[103.778978,1.453967],[103.778978,1.451977]]]},"properties":{"id":"c77_104","score":60.3,"land":100,"power":0,"fibre":78,"community":49,"dSub":8780,"dDc":1103,"cx":103.779966,"cy":1.452972}},{"type":"Feature","geometry":{"type":"Polygon","coordinates":[[[103.7026,1.442934],[103.704577,1.442934],[103.704577,1.444923],[103.7026,1.444923],[103.7026,1.442934]]]},"properties":{"id":"c43_100","score":54.6,"land":100,"power":0,"fibre":0,"community":98,"dSub":9971,"dDc":8539,"cx":103.703588,"cy":1.443928}},{"type":"Feature","geometry":{"type":"Polygon","coordinates":[[[103.700354,1.445195],[103.70233,1.445195],[103.70233,1.447184],[103.700354,1.447184],[103.700354,1.445195]]]},"properties":{"id":"c42_101","score":55.0,"land":100,"power":0,"fibre":0,"community":100,"dSub":10315,"dDc":8795,"cx":103.701342,"cy":1.446189}},{"type":"Feature","geometry":{"type":"Polygon","coordinates":[[[103.772238,1.447455],[103.774215,1.447455],[103.774215,1.449445],[103.772238,1.449445],[103.772238,1.447455]]]},"properties":{"id":"c74_102","score":56.2,"land":74,"power":0,"fibre":80,"community":71,"dSub":8798,"dDc":992,"cx":103.773227,"cy":1.44845}},{"type":"Feature","geometry":{"type":"Polygon","coordinates":[[[103.709339,1.422585],[103.711316,1.422585],[103.711316,1.424575],[103.709339,1.424575],[103.709339,1.422585]]]},"properties":{"id":"c46_91","score":45.5,"land":100,"power":0,"fibre":0,"community":52,"dSub":7680,"dDc":7463,"cx":103.710328,"cy":1.42358}},{"type":"Feature","geometry":{"type":"Polygon","coordinates":[[[103.707093,1.271103],[103.70907,1.271103],[103.70907,1.273093],[103.707093,1.273093],[103.707093,1.271103]]]},"properties":{"id":"c45_24","score":55.1,"land":100,"power":0,"fibre":0,"community":100,"dSub":7959,"dDc":4986,"cx":103.708081,"cy":1.272098}},{"type":"Feature","geometry":{"type":"Polygon","coordinates":[[[103.740789,1.298234],[103.742766,1.298234],[103.742766,1.300224],[103.740789,1.300224],[103.740789,1.298234]]]},"properties":{"id":"c60_36","score":61.8,"land":100,"power":0,"fibre":36,"community":98,"dSub":3157,"dDc":3183,"cx":103.741777,"cy":1.299229}},{"type":"Feature","geometry":{"type":"Polygon","coordinates":[[[103.740789,1.300495],[103.742766,1.300495],[103.742766,1.302485],[103.740789,1.302485],[103.740789,1.300495]]]},"properties":{"id":"c60_37","score":44.4,"land":49,"power":0,"fibre":41,"community":94,"dSub":3001,"dDc":2936,"cx":103.741777,"cy":1.30149}},{"type":"Feature","geometry":{"type":"Polygon","coordinates":[[[103.756514,1.404498],[103.758491,1.404498],[103.758491,1.406487],[103.756514,1.406487],[103.756514,1.404498]]]},"properties":{"id":"c67_83","score":55.1,"land":99,"power":0,"fibre":3,"community":99,"dSub":4322,"dDc":4862,"cx":103.757502,"cy":1.405493}},{"type":"Feature","geometry":{"type":"Polygon","coordinates":[[[103.756514,1.406759],[103.758491,1.406759],[103.758491,1.408748],[103.756514,1.408748],[103.756514,1.406759]]]},"properties":{"id":"c67_84","score":55.9,"land":99,"power":0,"fibre":7,"community":99,"dSub":4568,"dDc":4651,"cx":103.757502,"cy":1.407754}},{"type":"Feature","geometry":{"type":"Polygon","coordinates":[[[103.75876,1.404498],[103.760737,1.404498],[103.760737,1.406487],[103.75876,1.406487],[103.75876,1.404498]]]},"properties":{"id":"c68_83","score":55.0,"land":97,"power":0,"fibre":5,"community":99,"dSub":4374,"dDc":4737,"cx":103.759749,"cy":1.405493}},{"type":"Feature","geometry":{"type":"Polygon","coordinates":[[[103.754267,1.404498],[103.756244,1.404498],[103.756244,1.406487],[103.754267,1.406487],[103.754267,1.404498]]]},"properties":{"id":"c66_83","score":51.9,"land":93,"power":0,"fibre":0,"community":97,"dSub":4283,"dDc":4997,"cx":103.755256,"cy":1.405493}},{"type":"Feature","geometry":{"type":"Polygon","coordinates":[[[103.754267,1.402237],[103.756244,1.402237],[103.756244,1.404226],[103.754267,1.404226],[103.754267,1.402237]]]},"properties":{"id":"c66_82","score":47.7,"land":82,"power":0,"fibre":0,"community":96,"dSub":4035,"dDc":5207,"cx":103.755256,"cy":1.403232}},{"type":"Feature","geometry":{"type":"Polygon","coordinates":[[[103.754267,1.399976],[103.756244,1.399976],[103.756244,1.401966],[103.754267,1.401966],[103.754267,1.399976]]]},"properties":{"id":"c66_81","score":54.2,"land":100,"power":0,"fibre":0,"community":96,"dSub":3788,"dDc":5420,"cx":103.755256,"cy":1.400971}},{"type":"Feature","geometry":{"type":"Polygon","coordinates":[[[103.754267,1.397715],[103.756244,1.397715],[103.756244,1.399705],[103.754267,1.399705],[103.754267,1.397715]]]},"properties":{"id":"c66_80","score":47.0,"land":78,"power":0,"fibre":0,"community":98,"dSub":3541,"dDc":5470,"cx":103.755256,"cy":1.39871}},{"type":"Feature","geometry":{"type":"Polygon","coordinates":[[[103.763253,1.293712],[103.76523,1.293712],[103.76523,1.295702],[103.763253,1.295702],[103.763253,1.293712]]]},"properties":{"id":"c70_34","score":47.8,"land":69,"power":15,"fibre":43,"community":57,"dSub":2551,"dDc":2830,"cx":103.764241,"cy":1.294707}},{"type":"Feature","geometry":{"type":"Polygon","coordinates":[[[103.761006,1.28919],[103.762983,1.28919],[103.762983,1.29118],[103.761006,1.29118],[103.761006,1.28919]]]},"properties":{"id":"c69_32","score":62.0,"land":100,"power":0,"fibre":37,"community":98,"dSub":3053,"dDc":3127,"cx":103.761995,"cy":1.290185}},{"type":"Feature","geometry":{"type":"Polygon","coordinates":[[[103.772238,1.284669],[103.774215,1.284669],[103.774215,1.286658],[103.772238,1.286658],[103.772238,1.284669]]]},"properties":{"id":"c74_30","score":64.8,"land":100,"power":0,"fibre":58,"community":91,"dSub":3292,"dDc":2105,"cx":103.773227,"cy":1.285663}},{"type":"Feature","geometry":{"type":"Polygon","coordinates":[[[103.747528,1.406759],[103.749505,1.406759],[103.749505,1.408748],[103.747528,1.408748],[103.747528,1.406759]]]},"properties":{"id":"c63_84","score":47.7,"land":82,"power":0,"fibre":0,"community":96,"dSub":4505,"dDc":5264,"cx":103.748516,"cy":1.407754}},{"type":"Feature","geometry":{"type":"Polygon","coordinates":[[[103.749774,1.406759],[103.751751,1.406759],[103.751751,1.408748],[103.749774,1.408748],[103.749774,1.406759]]]},"properties":{"id":"c64_84","score":54.6,"land":100,"power":0,"fibre":0,"community":98,"dSub":4500,"dDc":5099,"cx":103.750763,"cy":1.407754}},{"type":"Feature","geometry":{"type":"Polygon","coordinates":[[[103.752021,1.404498],[103.753998,1.404498],[103.753998,1.406487],[103.752021,1.406487],[103.752021,1.404498]]]},"properties":{"id":"c65_83","score":51.6,"land":100,"power":0,"fibre":0,"community":83,"dSub":4259,"dDc":5141,"cx":103.753009,"cy":1.405493}},{"type":"Feature","geometry":{"type":"Polygon","coordinates":[[[103.752021,1.406759],[103.753998,1.406759],[103.753998,1.408748],[103.752021,1.408748],[103.752021,1.406759]]]},"properties":{"id":"c65_84","score":55.1,"land":100,"power":0,"fibre":1,"community":99,"dSub":4509,"dDc":4942,"cx":103.753009,"cy":1.407754}},{"type":"Feature","geometry":{"type":"Polygon","coordinates":[[[103.745282,1.411281],[103.747259,1.411281],[103.747259,1.41327],[103.745282,1.41327],[103.745282,1.411281]]]},"properties":{"id":"c62_86","score":51.9,"land":91,"power":0,"fibre":0,"community":100,"dSub":5021,"dDc":5088,"cx":103.74627,"cy":1.412275}},{"type":"Feature","geometry":{"type":"Polygon","coordinates":[[[103.765499,1.323104],[103.767476,1.323104],[103.767476,1.325094],[103.765499,1.325094],[103.765499,1.323104]]]},"properties":{"id":"c71_47","score":45.0,"land":26,"power":74,"fibre":54,"community":33,"dSub":782,"dDc":2324,"cx":103.766488,"cy":1.324099}},{"type":"Feature","geometry":{"type":"Polygon","coordinates":[[[103.695861,1.332148],[103.697838,1.332148],[103.697838,1.334138],[103.695861,1.334138],[103.695861,1.332148]]]},"properties":{"id":"c40_51","score":61.3,"land":88,"power":0,"fibre":72,"community":81,"dSub":7045,"dDc":1396,"cx":103.696849,"cy":1.333143}},{"type":"Feature","geometry":{"type":"Polygon","coordinates":[[[103.695861,1.318582],[103.697838,1.318582],[103.697838,1.320572],[103.695861,1.320572],[103.695861,1.318582]]]},"properties":{"id":"c40_45","score":72.7,"land":100,"power":0,"fibre":89,"community":99,"dSub":7405,"dDc":539,"cx":103.696849,"cy":1.319577}},{"type":"Feature","geometry":{"type":"Polygon","coordinates":[[[103.738542,1.329887],[103.740519,1.329887],[103.740519,1.331877],[103.738542,1.331877],[103.738542,1.329887]]]},"properties":{"id":"c59_50","score":47.5,"land":40,"power":0,"fibre":84,"community":83,"dSub":3023,"dDc":792,"cx":103.739531,"cy":1.330882}},{"type":"Feature","geometry":{"type":"Polygon","coordinates":[[[103.754267,1.327626],[103.756244,1.327626],[103.756244,1.329616],[103.754267,1.329616],[103.754267,1.327626]]]},"properties":{"id":"c66_49","score":55.5,"land":24,"power":50,"fibre":79,"community":95,"dSub":1502,"dDc":1044,"cx":103.755256,"cy":1.328621}},{"type":"Feature","geometry":{"type":"Polygon","coordinates":[[[103.756514,1.332148],[103.758491,1.332148],[103.758491,1.334138],[103.756514,1.334138],[103.756514,1.332148]]]},"properties":{"id":"c67_51","score":56.8,"land":39,"power":39,"fibre":72,"community":95,"dSub":1821,"dDc":1422,"cx":103.757502,"cy":1.333143}},{"type":"Feature","geometry":{"type":"Polygon","coordinates":[[[103.749774,1.327626],[103.751751,1.327626],[103.751751,1.329616],[103.749774,1.329616],[103.749774,1.327626]]]},"properties":{"id":"c64_49","score":74.7,"land":79,"power":38,"fibre":89,"community":98,"dSub":1846,"dDc":549,"cx":103.750763,"cy":1.328621}},{"type":"Feature","geometry":{"type":"Polygon","coordinates":[[[103.752021,1.334409],[103.753998,1.334409],[103.753998,1.336399],[103.752021,1.336399],[103.752021,1.334409]]]},"properties":{"id":"c65_52","score":63.7,"land":66,"power":24,"fibre":77,"community":96,"dSub":2265,"dDc":1160,"cx":103.753009,"cy":1.335404}},{"type":"Feature","geometry":{"type":"Polygon","coordinates":[[[103.763253,1.329887],[103.76523,1.329887],[103.76523,1.331877],[103.763253,1.331877],[103.763253,1.329887]]]},"properties":{"id":"c70_50","score":63.4,"land":61,"power":52,"fibre":59,"community":88,"dSub":1454,"dDc":2069,"cx":103.764241,"cy":1.330882}},{"type":"Feature","geometry":{"type":"Polygon","coordinates":[[[103.754267,1.338931],[103.756244,1.338931],[103.756244,1.34092],[103.754267,1.34092],[103.754267,1.338931]]]},"properties":{"id":"c66_54","score":50.9,"land":48,"power":13,"fibre":66,"community":89,"dSub":2611,"dDc":1704,"cx":103.755256,"cy":1.339926}},{"type":"Feature","geometry":{"type":"Polygon","coordinates":[[[103.752021,1.338931],[103.753998,1.338931],[103.753998,1.34092],[103.752021,1.34092],[103.752021,1.338931]]]},"properties":{"id":"c65_54","score":47.4,"land":37,"power":10,"fibre":69,"community":92,"dSub":2708,"dDc":1564,"cx":103.753009,"cy":1.339926}},{"type":"Feature","geometry":{"type":"Polygon","coordinates":[[[103.747528,1.411281],[103.749505,1.411281],[103.749505,1.41327],[103.747528,1.41327],[103.747528,1.411281]]]},"properties":{"id":"c63_86","score":41.9,"land":62,"power":0,"fibre":2,"community":99,"dSub":5004,"dDc":4905,"cx":103.748516,"cy":1.412275}},{"type":"Feature","geometry":{"type":"Polygon","coordinates":[[[103.747528,1.40902],[103.749505,1.40902],[103.749505,1.411009],[103.747528,1.411009],[103.747528,1.40902]]]},"properties":{"id":"c63_85","score":46.0,"land":74,"power":0,"fibre":0,"community":100,"dSub":4754,"dDc":5082,"cx":103.748516,"cy":1.410014}},{"type":"Feature","geometry":{"type":"Polygon","coordinates":[[[103.749774,1.40902],[103.751751,1.40902],[103.751751,1.411009],[103.749774,1.411009],[103.749774,1.40902]]]},"properties":{"id":"c64_85","score":50.0,"land":85,"power":0,"fibre":2,"community":99,"dSub":4750,"dDc":4911,"cx":103.750763,"cy":1.410014}},{"type":"Feature","geometry":{"type":"Polygon","coordinates":[[[103.749774,1.411281],[103.751751,1.411281],[103.751751,1.41327],[103.749774,1.41327],[103.749774,1.411281]]]},"properties":{"id":"c64_86","score":45.7,"land":71,"power":0,"fibre":5,"community":98,"dSub":5000,"dDc":4728,"cx":103.750763,"cy":1.412275}},{"type":"Feature","geometry":{"type":"Polygon","coordinates":[[[103.756514,1.402237],[103.758491,1.402237],[103.758491,1.404226],[103.756514,1.404226],[103.756514,1.402237]]]},"properties":{"id":"c67_82","score":48.0,"land":81,"power":0,"fibre":0,"community":99,"dSub":4076,"dDc":5077,"cx":103.757502,"cy":1.403232}},{"type":"Feature","geometry":{"type":"Polygon","coordinates":[[[103.754267,1.395454],[103.756244,1.395454],[103.756244,1.397444],[103.754267,1.397444],[103.754267,1.395454]]]},"properties":{"id":"c66_79","score":52.0,"land":94,"power":0,"fibre":0,"community":96,"dSub":3294,"dDc":5267,"cx":103.755256,"cy":1.396449}},{"type":"Feature","geometry":{"type":"Polygon","coordinates":[[[103.731803,1.388671],[103.73378,1.388671],[103.73378,1.390661],[103.731803,1.390661],[103.731803,1.388671]]]},"properties":{"id":"c56_76","score":58.8,"land":96,"power":0,"fibre":29,"community":97,"dSub":3178,"dDc":3537,"cx":103.732792,"cy":1.389666}},{"type":"Feature","geometry":{"type":"Polygon","coordinates":[[[103.747528,1.43389],[103.749505,1.43389],[103.749505,1.435879],[103.747528,1.435879],[103.747528,1.43389]]]},"properties":{"id":"c63_96","score":45.6,"land":58,"power":0,"fibre":27,"community":99,"dSub":7503,"dDc":3650,"cx":103.748516,"cy":1.434885}},{"type":"Feature","geometry":{"type":"Polygon","coordinates":[[[103.747528,1.431629],[103.749505,1.431629],[103.749505,1.433619],[103.747528,1.433619],[103.747528,1.431629]]]},"properties":{"id":"c63_95","score":44.4,"land":56,"power":0,"fibre":26,"community":98,"dSub":7253,"dDc":3719,"cx":103.748516,"cy":1.432624}},{"type":"Feature","geometry":{"type":"Polygon","coordinates":[[[103.749774,1.431629],[103.751751,1.431629],[103.751751,1.433619],[103.749774,1.433619],[103.749774,1.431629]]]},"properties":{"id":"c64_95","score":58.3,"land":93,"power":0,"fibre":30,"community":98,"dSub":7250,"dDc":3482,"cx":103.750763,"cy":1.432624}},{"type":"Feature","geometry":{"type":"Polygon","coordinates":[[[103.700354,1.320843],[103.70233,1.320843],[103.70233,1.322833],[103.700354,1.322833],[103.700354,1.320843]]]},"properties":{"id":"c42_46","score":43.8,"land":12,"power":0,"fibre":99,"community":99,"dSub":6917,"dDc":53,"cx":103.701342,"cy":1.321838}},{"type":"Feature","geometry":{"type":"Polygon","coordinates":[[[103.700354,1.316322],[103.70233,1.316322],[103.70233,1.318311],[103.700354,1.318311],[103.700354,1.316322]]]},"properties":{"id":"c42_44","score":72.3,"land":94,"power":0,"fibre":99,"community":99,"dSub":6902,"dDc":70,"cx":103.701342,"cy":1.317316}},{"type":"Feature","geometry":{"type":"Polygon","coordinates":[[[103.778978,1.370584],[103.780955,1.370584],[103.780955,1.372573],[103.778978,1.372573],[103.778978,1.370584]]]},"properties":{"id":"c77_68","score":47.4,"land":100,"power":0,"fibre":0,"community":62,"dSub":3324,"dDc":6074,"cx":103.779966,"cy":1.371579}},{"type":"Feature","geometry":{"type":"Polygon","coordinates":[[[103.711586,1.325365],[103.713562,1.325365],[103.713562,1.327355],[103.711586,1.327355],[103.711586,1.325365]]]},"properties":{"id":"c47_48","score":63.6,"land":84,"power":0,"fibre":73,"community":98,"dSub":5731,"dDc":1366,"cx":103.712574,"cy":1.32636}},{"type":"Feature","geometry":{"type":"Polygon","coordinates":[[[103.711586,1.327626],[103.713562,1.327626],[103.713562,1.329616],[103.711586,1.329616],[103.711586,1.327626]]]},"properties":{"id":"c47_49","score":51.7,"land":51,"power":0,"fibre":70,"community":98,"dSub":5778,"dDc":1484,"cx":103.712574,"cy":1.328621}},{"type":"Feature","geometry":{"type":"Polygon","coordinates":[[[103.709339,1.325365],[103.711316,1.325365],[103.711316,1.327355],[103.709339,1.327355],[103.709339,1.325365]]]},"properties":{"id":"c46_48","score":70.3,"land":100,"power":0,"fibre":77,"community":99,"dSub":5978,"dDc":1141,"cx":103.710328,"cy":1.32636}},{"type":"Feature","geometry":{"type":"Polygon","coordinates":[[[103.711586,1.323104],[103.713562,1.323104],[103.713562,1.325094],[103.711586,1.325094],[103.711586,1.323104]]]},"properties":{"id":"c47_47","score":69.8,"land":100,"power":0,"fibre":74,"community":100,"dSub":5695,"dDc":1285,"cx":103.712574,"cy":1.324099}},{"type":"Feature","geometry":{"type":"Polygon","coordinates":[[[103.713832,1.323104],[103.715809,1.323104],[103.715809,1.325094],[103.713832,1.325094],[103.713832,1.323104]]]},"properties":{"id":"c48_47","score":68.9,"land":100,"power":0,"fibre":70,"community":100,"dSub":5447,"dDc":1521,"cx":103.71482,"cy":1.324099}},{"type":"Feature","geometry":{"type":"Polygon","coordinates":[[[103.756514,1.352496],[103.758491,1.352496],[103.758491,1.354486],[103.756514,1.354486],[103.756514,1.352496]]]},"properties":{"id":"c67_60","score":53.5,"land":86,"power":44,"fibre":37,"community":25,"dSub":1694,"dDc":3129,"cx":103.757502,"cy":1.353491}},{"type":"Feature","geometry":{"type":"Polygon","coordinates":[[[103.785717,1.277886],[103.787694,1.277886],[103.787694,1.279875],[103.785717,1.279875],[103.785717,1.277886]]]},"properties":{"id":"c80_27","score":44.5,"land":35,"power":46,"fibre":64,"community":40,"dSub":1615,"dDc":1821,"cx":103.786705,"cy":1.278881}},{"type":"Feature","geometry":{"type":"Polygon","coordinates":[[[103.783471,1.28919],[103.785447,1.28919],[103.785447,1.29118],[103.783471,1.29118],[103.783471,1.28919]]]},"properties":{"id":"c79_32","score":42.3,"land":7,"power":14,"fibre":84,"community":98,"dSub":2595,"dDc":793,"cx":103.784459,"cy":1.290185}},{"type":"Feature","geometry":{"type":"Polygon","coordinates":[[[103.75876,1.320843],[103.760737,1.320843],[103.760737,1.322833],[103.75876,1.322833],[103.75876,1.320843]]]},"properties":{"id":"c68_46","score":65.7,"land":65,"power":80,"fibre":67,"community":49,"dSub":604,"dDc":1671,"cx":103.759749,"cy":1.321838}},{"type":"Feature","geometry":{"type":"Polygon","coordinates":[[[103.707093,1.352496],[103.70907,1.352496],[103.70907,1.354486],[103.707093,1.354486],[103.707093,1.352496]]]},"properties":{"id":"c45_60","score":64.5,"land":98,"power":0,"fibre":57,"community":95,"dSub":4946,"dDc":2172,"cx":103.708081,"cy":1.353491}},{"type":"Feature","geometry":{"type":"Polygon","coordinates":[[[103.747528,1.429368],[103.749505,1.429368],[103.749505,1.431358],[103.747528,1.431358],[103.747528,1.429368]]]},"properties":{"id":"c63_94","score":55.6,"land":90,"power":0,"fibre":24,"community":96,"dSub":7003,"dDc":3804,"cx":103.748516,"cy":1.430363}},{"type":"Feature","geometry":{"type":"Polygon","coordinates":[[[103.743035,1.418063],[103.745012,1.418063],[103.745012,1.420053],[103.743035,1.420053],[103.743035,1.418063]]]},"properties":{"id":"c61_89","score":52.5,"land":92,"power":0,"fibre":3,"community":98,"dSub":5794,"dDc":4829,"cx":103.744024,"cy":1.419058}},{"type":"Feature","geometry":{"type":"Polygon","coordinates":[[[103.740789,1.420324],[103.742766,1.420324],[103.742766,1.422314],[103.740789,1.422314],[103.740789,1.420324]]]},"properties":{"id":"c60_90","score":54.9,"land":100,"power":0,"fibre":2,"community":98,"dSub":6076,"dDc":4913,"cx":103.741777,"cy":1.421319}},{"type":"Feature","geometry":{"type":"Polygon","coordinates":[[[103.743035,1.413542],[103.745012,1.413542],[103.745012,1.415531],[103.743035,1.415531],[103.743035,1.413542]]]},"properties":{"id":"c61_87","score":54.9,"land":100,"power":0,"fibre":0,"community":99,"dSub":5298,"dDc":5120,"cx":103.744024,"cy":1.414536}},{"type":"Feature","geometry":{"type":"Polygon","coordinates":[[[103.743035,1.411281],[103.745012,1.411281],[103.745012,1.41327],[103.743035,1.41327],[103.743035,1.411281]]]},"properties":{"id":"c61_86","score":54.9,"land":100,"power":0,"fibre":0,"community":100,"dSub":5050,"dDc":5277,"cx":103.744024,"cy":1.412275}},{"type":"Feature","geometry":{"type":"Polygon","coordinates":[[[103.743035,1.420324],[103.745012,1.420324],[103.745012,1.422314],[103.743035,1.422314],[103.743035,1.420324]]]},"properties":{"id":"c61_90","score":45.6,"land":72,"power":0,"fibre":6,"community":96,"dSub":6042,"dDc":4696,"cx":103.744024,"cy":1.421319}},{"type":"Feature","geometry":{"type":"Polygon","coordinates":[[[103.740789,1.418063],[103.742766,1.418063],[103.742766,1.420053],[103.740789,1.420053],[103.740789,1.418063]]]},"properties":{"id":"c60_89","score":54.2,"land":99,"power":0,"fibre":0,"community":98,"dSub":5830,"dDc":5039,"cx":103.741777,"cy":1.419058}},{"type":"Feature","geometry":{"type":"Polygon","coordinates":[[[103.743035,1.415802],[103.745012,1.415802],[103.745012,1.417792],[103.743035,1.417792],[103.743035,1.415802]]]},"properties":{"id":"c61_88","score":51.9,"land":91,"power":0,"fibre":1,"community":99,"dSub":5546,"dDc":4970,"cx":103.744024,"cy":1.416797}},{"type":"Feature","geometry":{"type":"Polygon","coordinates":[[[103.745282,1.420324],[103.747259,1.420324],[103.747259,1.422314],[103.745282,1.422314],[103.745282,1.420324]]]},"properties":{"id":"c62_90","score":46.1,"land":71,"power":0,"fibre":10,"community":95,"dSub":6018,"dDc":4483,"cx":103.74627,"cy":1.421319}},{"type":"Feature","geometry":{"type":"Polygon","coordinates":[[[103.743035,1.422585],[103.745012,1.422585],[103.745012,1.424575],[103.743035,1.424575],[103.743035,1.422585]]]},"properties":{"id":"c61_91","score":55.7,"land":100,"power":0,"fibre":9,"community":95,"dSub":6290,"dDc":4574,"cx":103.744024,"cy":1.42358}},{"type":"Feature","geometry":{"type":"Polygon","coordinates":[[[103.745282,1.415802],[103.747259,1.415802],[103.747259,1.417792],[103.745282,1.417792],[103.745282,1.415802]]]},"properties":{"id":"c62_88","score":47.9,"land":78,"power":0,"fibre":5,"community":99,"dSub":5519,"dDc":4769,"cx":103.74627,"cy":1.416797}},{"type":"Feature","geometry":{"type":"Polygon","coordinates":[[[103.740789,1.413542],[103.742766,1.413542],[103.742766,1.415531],[103.740789,1.415531],[103.740789,1.413542]]]},"properties":{"id":"c60_87","score":55.0,"land":100,"power":0,"fibre":0,"community":100,"dSub":5337,"dDc":5319,"cx":103.741777,"cy":1.414536}},{"type":"Feature","geometry":{"type":"Polygon","coordinates":[[[103.704846,1.307278],[103.706823,1.307278],[103.706823,1.309267],[103.704846,1.309267],[103.704846,1.307278]]]},"properties":{"id":"c44_40","score":67.4,"land":91,"power":0,"fibre":79,"community":98,"dSub":6487,"dDc":1031,"cx":103.705835,"cy":1.308273}},{"type":"Feature","geometry":{"type":"Polygon","coordinates":[[[103.709339,1.350235],[103.711316,1.350235],[103.711316,1.352225],[103.709339,1.352225],[103.709339,1.350235]]]},"properties":{"id":"c46_59","score":61.4,"land":96,"power":0,"fibre":60,"community":80,"dSub":4794,"dDc":2012,"cx":103.710328,"cy":1.35123}},{"type":"Feature","geometry":{"type":"Polygon","coordinates":[[[103.75876,1.388671],[103.760737,1.388671],[103.760737,1.390661],[103.75876,1.390661],[103.75876,1.388671]]]},"properties":{"id":"c68_76","score":45.9,"land":95,"power":10,"fibre":0,"community":52,"dSub":2706,"dDc":5036,"cx":103.759749,"cy":1.389666}},{"type":"Feature","geometry":{"type":"Polygon","coordinates":[[[103.72731,1.393193],[103.729287,1.393193],[103.729287,1.395183],[103.72731,1.395183],[103.72731,1.393193]]]},"properties":{"id":"c54_78","score":43.5,"land":82,"power":0,"fibre":20,"community":54,"dSub":3881,"dDc":3981,"cx":103.728299,"cy":1.394188}},{"type":"Feature","geometry":{"type":"Polygon","coordinates":[[[103.765499,1.431629],[103.767476,1.431629],[103.767476,1.433619],[103.765499,1.433619],[103.765499,1.431629]]]},"properties":{"id":"c71_95","score":67.0,"land":100,"power":0,"fibre":62,"community":99,"dSub":7467,"dDc":1919,"cx":103.766488,"cy":1.432624}},{"type":"Feature","geometry":{"type":"Polygon","coordinates":[[[103.767746,1.442934],[103.769723,1.442934],[103.769723,1.444923],[103.767746,1.444923],[103.767746,1.442934]]]},"properties":{"id":"c72_100","score":53.0,"land":58,"power":0,"fibre":74,"community":90,"dSub":8737,"dDc":1292,"cx":103.768734,"cy":1.443928}},{"type":"Feature","geometry":{"type":"Polygon","coordinates":[[[103.765499,1.445195],[103.767476,1.445195],[103.767476,1.447184],[103.765499,1.447184],[103.765499,1.445195]]]},"properties":{"id":"c71_101","score":68.7,"land":100,"power":0,"fibre":68,"community":100,"dSub":8930,"dDc":1578,"cx":103.766488,"cy":1.446189}},{"type":"Feature","geometry":{"type":"Polygon","coordinates":[[[103.767746,1.332148],[103.769723,1.332148],[103.769723,1.334138],[103.767746,1.334138],[103.767746,1.332148]]]},"properties":{"id":"c72_51","score":47.1,"land":44,"power":40,"fibre":48,"community":60,"dSub":1803,"dDc":2610,"cx":103.768734,"cy":1.333143}},{"type":"Feature","geometry":{"type":"Polygon","coordinates":[[[103.765499,1.332148],[103.767476,1.332148],[103.767476,1.334138],[103.765499,1.334138],[103.765499,1.332148]]]},"properties":{"id":"c71_51","score":52.4,"land":52,"power":42,"fibre":53,"community":65,"dSub":1736,"dDc":2367,"cx":103.766488,"cy":1.333143}},{"type":"Feature","geometry":{"type":"Polygon","coordinates":[[[103.765499,1.327626],[103.767476,1.327626],[103.767476,1.329616],[103.765499,1.329616],[103.765499,1.327626]]]},"properties":{"id":"c71_49","score":58.2,"land":61,"power":58,"fibre":54,"community":58,"dSub":1250,"dDc":2292,"cx":103.766488,"cy":1.328621}},{"type":"Feature","geometry":{"type":"Polygon","coordinates":[[[103.767746,1.329887],[103.769723,1.329887],[103.769723,1.331877],[103.767746,1.331877],[103.767746,1.329887]]]},"properties":{"id":"c72_50","score":41.1,"land":18,"power":48,"fibre":49,"community":66,"dSub":1569,"dDc":2564,"cx":103.768734,"cy":1.330882}},{"type":"Feature","geometry":{"type":"Polygon","coordinates":[[[103.756514,1.338931],[103.758491,1.338931],[103.758491,1.34092],[103.756514,1.34092],[103.756514,1.338931]]]},"properties":{"id":"c67_54","score":47.6,"land":42,"power":15,"fibre":63,"community":82,"dSub":2536,"dDc":1867,"cx":103.757502,"cy":1.339926}},{"type":"Feature","geometry":{"type":"Polygon","coordinates":[[[103.754267,1.341192],[103.756244,1.341192],[103.756244,1.343181],[103.754267,1.343181],[103.754267,1.341192]]]},"properties":{"id":"c66_55","score":60.2,"land":88,"power":7,"fibre":62,"community":76,"dSub":2802,"dDc":1908,"cx":103.755256,"cy":1.342187}},{"type":"Feature","geometry":{"type":"Polygon","coordinates":[[[103.754267,1.332148],[103.756244,1.332148],[103.756244,1.334138],[103.754267,1.334138],[103.754267,1.332148]]]},"properties":{"id":"c66_51","score":73.9,"land":87,"power":36,"fibre":76,"community":96,"dSub":1925,"dDc":1200,"cx":103.755256,"cy":1.333143}},{"type":"Feature","geometry":{"type":"Polygon","coordinates":[[[103.763253,1.334409],[103.76523,1.334409],[103.76523,1.336399],[103.763253,1.336399],[103.763253,1.334409]]]},"properties":{"id":"c70_52","score":43.9,"land":38,"power":35,"fibre":56,"community":55,"dSub":1953,"dDc":2210,"cx":103.764241,"cy":1.335404}},{"type":"Feature","geometry":{"type":"Polygon","coordinates":[[[103.752021,1.329887],[103.753998,1.329887],[103.753998,1.331877],[103.752021,1.331877],[103.752021,1.329887]]]},"properties":{"id":"c65_50","score":62.0,"land":47,"power":38,"fibre":83,"community":97,"dSub":1852,"dDc":864,"cx":103.753009,"cy":1.330882}},{"type":"Feature","geometry":{"type":"Polygon","coordinates":[[[103.763253,1.357018],[103.76523,1.357018],[103.76523,1.359008],[103.763253,1.359008],[103.763253,1.357018]]]},"properties":{"id":"c70_62","score":42.7,"land":54,"power":39,"fibre":22,"community":49,"dSub":1834,"dDc":3922,"cx":103.764241,"cy":1.358013}},{"type":"Feature","geometry":{"type":"Polygon","coordinates":[[[103.756514,1.368323],[103.758491,1.368323],[103.758491,1.370313],[103.756514,1.370313],[103.756514,1.368323]]]},"properties":{"id":"c67_67","score":78.1,"land":100,"power":72,"fibre":28,"community":97,"dSub":825,"dDc":3607,"cx":103.757502,"cy":1.369318}},{"type":"Feature","geometry":{"type":"Polygon","coordinates":[[[103.761006,1.370584],[103.762983,1.370584],[103.762983,1.372573],[103.761006,1.372573],[103.761006,1.370584]]]},"properties":{"id":"c69_68","score":47.7,"land":53,"power":54,"fibre":17,"community":61,"dSub":1380,"dDc":4163,"cx":103.761995,"cy":1.371579}},{"type":"Feature","geometry":{"type":"Polygon","coordinates":[[[103.756514,1.370584],[103.758491,1.370584],[103.758491,1.372573],[103.756514,1.372573],[103.756514,1.370584]]]},"properties":{"id":"c67_68","score":76.3,"land":100,"power":69,"fibre":26,"community":94,"dSub":932,"dDc":3700,"cx":103.757502,"cy":1.371579}},{"type":"Feature","geometry":{"type":"Polygon","coordinates":[[[103.756514,1.372845],[103.758491,1.372845],[103.758491,1.374834],[103.756514,1.374834],[103.756514,1.372845]]]},"properties":{"id":"c67_69","score":46.4,"land":32,"power":64,"fibre":24,"community":72,"dSub":1087,"dDc":3806,"cx":103.757502,"cy":1.37384}},{"type":"Feature","geometry":{"type":"Polygon","coordinates":[[[103.761006,1.372845],[103.762983,1.372845],[103.762983,1.374834],[103.761006,1.374834],[103.761006,1.372845]]]},"properties":{"id":"c69_69","score":48.1,"land":62,"power":50,"fibre":15,"community":54,"dSub":1489,"dDc":4258,"cx":103.761995,"cy":1.37384}},{"type":"Feature","geometry":{"type":"Polygon","coordinates":[[[103.765499,1.325365],[103.767476,1.325365],[103.767476,1.327355],[103.765499,1.327355],[103.765499,1.325365]]]},"properties":{"id":"c71_48","score":44.3,"land":21,"power":66,"fibre":54,"community":48,"dSub":1012,"dDc":2294,"cx":103.766488,"cy":1.32636}},{"type":"Feature","geometry":{"type":"Polygon","coordinates":[[[103.778978,1.399976],[103.780955,1.399976],[103.780955,1.401966],[103.778978,1.401966],[103.778978,1.399976]]]},"properties":{"id":"c77_81","score":57.6,"land":100,"power":0,"fibre":25,"community":88,"dSub":4939,"dDc":3742,"cx":103.779966,"cy":1.400971}},{"type":"Feature","geometry":{"type":"Polygon","coordinates":[[[103.756514,1.318582],[103.758491,1.318582],[103.758491,1.320572],[103.756514,1.320572],[103.756514,1.318582]]]},"properties":{"id":"c67_45","score":46.2,"land":18,"power":77,"fibre":69,"community":34,"dSub":682,"dDc":1572,"cx":103.757502,"cy":1.319577}},{"type":"Feature","geometry":{"type":"Polygon","coordinates":[[[103.75876,1.318582],[103.760737,1.318582],[103.760737,1.320572],[103.75876,1.320572],[103.75876,1.318582]]]},"properties":{"id":"c68_45","score":45.1,"land":11,"power":85,"fibre":64,"community":35,"dSub":449,"dDc":1783,"cx":103.759749,"cy":1.319577}},{"type":"Feature","geometry":{"type":"Polygon","coordinates":[[[103.756514,1.320843],[103.758491,1.320843],[103.758491,1.322833],[103.756514,1.322833],[103.756514,1.320843]]]},"properties":{"id":"c67_46","score":48.9,"land":21,"power":74,"fibre":71,"community":44,"dSub":793,"dDc":1444,"cx":103.757502,"cy":1.321838}},{"type":"Feature","geometry":{"type":"Polygon","coordinates":[[[103.754267,1.320843],[103.756244,1.320843],[103.756244,1.322833],[103.754267,1.322833],[103.754267,1.320843]]]},"properties":{"id":"c66_46","score":41.3,"land":4,"power":66,"fibre":75,"community":41,"dSub":1008,"dDc":1226,"cx":103.755256,"cy":1.321838}},{"type":"Feature","geometry":{"type":"Polygon","coordinates":[[[103.729557,1.381888],[103.731534,1.381888],[103.731534,1.383878],[103.729557,1.383878],[103.729557,1.381888]]]},"properties":{"id":"c55_73","score":62.7,"land":100,"power":6,"fibre":45,"community":86,"dSub":2821,"dDc":2756,"cx":103.730545,"cy":1.382883}},{"type":"Feature","geometry":{"type":"Polygon","coordinates":[[[103.72731,1.379628],[103.729287,1.379628],[103.729287,1.381617],[103.72731,1.381617],[103.72731,1.379628]]]},"properties":{"id":"c54_72","score":58.0,"land":85,"power":4,"fibre":50,"community":87,"dSub":2884,"dDc":2482,"cx":103.728299,"cy":1.380622}},{"type":"Feature","geometry":{"type":"Polygon","coordinates":[[[103.731803,1.381888],[103.73378,1.381888],[103.73378,1.383878],[103.731803,1.383878],[103.731803,1.381888]]]},"properties":{"id":"c56_73","score":62.2,"land":100,"power":12,"fibre":44,"community":77,"dSub":2630,"dDc":2803,"cx":103.732792,"cy":1.382883}},{"type":"Feature","geometry":{"type":"Polygon","coordinates":[[[103.731803,1.384149],[103.73378,1.384149],[103.73378,1.386139],[103.731803,1.386139],[103.731803,1.384149]]]},"properties":{"id":"c56_74","score":63.9,"land":100,"power":7,"fibre":39,"community":97,"dSub":2802,"dDc":3046,"cx":103.732792,"cy":1.385144}},{"type":"Feature","geometry":{"type":"Polygon","coordinates":[[[103.720571,1.379628],[103.722548,1.379628],[103.722548,1.381617],[103.720571,1.381617],[103.720571,1.379628]]]},"properties":{"id":"c51_72","score":41.8,"land":46,"power":0,"fibre":49,"community":79,"dSub":3546,"dDc":2552,"cx":103.72156,"cy":1.380622}},{"type":"Feature","geometry":{"type":"Polygon","coordinates":[[[103.725064,1.384149],[103.727041,1.384149],[103.727041,1.386139],[103.725064,1.386139],[103.725064,1.384149]]]},"properties":{"id":"c53_74","score":42.3,"land":51,"power":0,"fibre":40,"community":81,"dSub":3371,"dDc":2980,"cx":103.726052,"cy":1.385144}},{"type":"Feature","geometry":{"type":"Polygon","coordinates":[[[103.731803,1.38641],[103.73378,1.38641],[103.73378,1.3884],[103.731803,1.3884],[103.731803,1.38641]]]},"properties":{"id":"c56_75","score":60.8,"land":98,"power":0,"fibre":34,"community":97,"dSub":2986,"dDc":3291,"cx":103.732792,"cy":1.387405}},{"type":"Feature","geometry":{"type":"Polygon","coordinates":[[[103.72731,1.38641],[103.729287,1.38641],[103.729287,1.3884],[103.72731,1.3884],[103.72731,1.38641]]]},"properties":{"id":"c54_75","score":40.5,"land":47,"power":0,"fibre":35,"community":84,"dSub":3336,"dDc":3231,"cx":103.728299,"cy":1.387405}},{"type":"Feature","geometry":{"type":"Polygon","coordinates":[[[103.722818,1.38641],[103.724794,1.38641],[103.724794,1.3884],[103.722818,1.3884],[103.722818,1.38641]]]},"properties":{"id":"c52_75","score":43.1,"land":57,"power":0,"fibre":35,"community":81,"dSub":3720,"dDc":3248,"cx":103.723806,"cy":1.387405}},{"type":"Feature","geometry":{"type":"Polygon","coordinates":[[[103.729557,1.38641],[103.731534,1.38641],[103.731534,1.3884],[103.729557,1.3884],[103.729557,1.38641]]]},"properties":{"id":"c55_75","score":60.3,"land":99,"power":0,"fibre":35,"community":94,"dSub":3156,"dDc":3252,"cx":103.730545,"cy":1.387405}},{"type":"Feature","geometry":{"type":"Polygon","coordinates":[[[103.729557,1.384149],[103.731534,1.384149],[103.731534,1.386139],[103.729557,1.386139],[103.729557,1.384149]]]},"properties":{"id":"c55_74","score":61.8,"land":100,"power":1,"fibre":40,"community":93,"dSub":2983,"dDc":3004,"cx":103.730545,"cy":1.385144}},{"type":"Feature","geometry":{"type":"Polygon","coordinates":[[[103.754267,1.323104],[103.756244,1.323104],[103.756244,1.325094],[103.754267,1.325094],[103.754267,1.323104]]]},"properties":{"id":"c66_47","score":43.9,"land":4,"power":62,"fibre":78,"community":58,"dSub":1142,"dDc":1114,"cx":103.755256,"cy":1.324099}},{"type":"Feature","geometry":{"type":"Polygon","coordinates":[[[103.756514,1.323104],[103.758491,1.323104],[103.758491,1.325094],[103.756514,1.325094],[103.756514,1.323104]]]},"properties":{"id":"c67_47","score":49.3,"land":17,"power":68,"fibre":73,"community":59,"dSub":957,"dDc":1350,"cx":103.757502,"cy":1.324099}},{"type":"Feature","geometry":{"type":"Polygon","coordinates":[[[103.761006,1.327626],[103.762983,1.327626],[103.762983,1.329616],[103.761006,1.329616],[103.761006,1.327626]]]},"properties":{"id":"c69_49","score":76.1,"land":86,"power":60,"fibre":64,"community":91,"dSub":1210,"dDc":1792,"cx":103.761995,"cy":1.328621}},{"type":"Feature","geometry":{"type":"Polygon","coordinates":[[[103.761006,1.325365],[103.762983,1.325365],[103.762983,1.327355],[103.761006,1.327355],[103.761006,1.325365]]]},"properties":{"id":"c69_48","score":81.6,"land":100,"power":68,"fibre":64,"community":84,"dSub":963,"dDc":1796,"cx":103.761995,"cy":1.32636}},{"type":"Feature","geometry":{"type":"Polygon","coordinates":[[[103.763253,1.327626],[103.76523,1.327626],[103.76523,1.329616],[103.763253,1.329616],[103.763253,1.327626]]]},"properties":{"id":"c70_49","score":69.3,"land":75,"power":60,"fibre":59,"community":81,"dSub":1205,"dDc":2042,"cx":103.764241,"cy":1.328621}},{"type":"Feature","geometry":{"type":"Polygon","coordinates":[[[103.713832,1.368323],[103.715809,1.368323],[103.715809,1.370313],[103.713832,1.370313],[103.713832,1.368323]]]},"properties":{"id":"c48_67","score":61.1,"land":82,"power":0,"fibre":63,"community":98,"dSub":3971,"dDc":1831,"cx":103.71482,"cy":1.369318}},{"type":"Feature","geometry":{"type":"Polygon","coordinates":[[[103.716078,1.370584],[103.718055,1.370584],[103.718055,1.372573],[103.716078,1.372573],[103.716078,1.370584]]]},"properties":{"id":"c49_68","score":48.2,"land":50,"power":0,"fibre":63,"community":90,"dSub":3747,"dDc":1848,"cx":103.717067,"cy":1.371579}},{"type":"Feature","geometry":{"type":"Polygon","coordinates":[[[103.713832,1.372845],[103.715809,1.372845],[103.715809,1.374834],[103.713832,1.374834],[103.713832,1.372845]]]},"properties":{"id":"c48_69","score":46.5,"land":55,"power":0,"fibre":56,"community":80,"dSub":4034,"dDc":2198,"cx":103.71482,"cy":1.37384}},{"type":"Feature","geometry":{"type":"Polygon","coordinates":[[[103.713832,1.370584],[103.715809,1.370584],[103.715809,1.372573],[103.713832,1.372573],[103.713832,1.370584]]]},"properties":{"id":"c48_68","score":48.6,"land":52,"power":0,"fibre":60,"community":93,"dSub":3995,"dDc":2008,"cx":103.71482,"cy":1.371579}},{"type":"Feature","geometry":{"type":"Polygon","coordinates":[[[103.704846,1.309539],[103.706823,1.309539],[103.706823,1.311528],[103.704846,1.311528],[103.704846,1.309539]]]},"properties":{"id":"c44_41","score":70.9,"land":99,"power":0,"fibre":84,"community":98,"dSub":6452,"dDc":797,"cx":103.705835,"cy":1.310534}},{"type":"Feature","geometry":{"type":"Polygon","coordinates":[[[103.709339,1.3118],[103.711316,1.3118],[103.711316,1.313789],[103.709339,1.313789],[103.709339,1.3118]]]},"properties":{"id":"c46_42","score":63.1,"land":79,"power":0,"fibre":81,"community":96,"dSub":5927,"dDc":946,"cx":103.710328,"cy":1.312794}},{"type":"Feature","geometry":{"type":"Polygon","coordinates":[[[103.700354,1.309539],[103.70233,1.309539],[103.70233,1.311528],[103.700354,1.311528],[103.700354,1.309539]]]},"properties":{"id":"c42_41","score":71.8,"land":100,"power":0,"fibre":86,"community":98,"dSub":6948,"dDc":682,"cx":103.701342,"cy":1.310534}},{"type":"Feature","geometry":{"type":"Polygon","coordinates":[[[103.7026,1.309539],[103.704577,1.309539],[103.704577,1.311528],[103.7026,1.311528],[103.7026,1.309539]]]},"properties":{"id":"c43_41","score":48.5,"land":34,"power":0,"fibre":86,"community":98,"dSub":6700,"dDc":721,"cx":103.703588,"cy":1.310534}},{"type":"Feature","geometry":{"type":"Polygon","coordinates":[[[103.718325,1.424846],[103.720302,1.424846],[103.720302,1.426836],[103.718325,1.426836],[103.718325,1.424846]]]},"properties":{"id":"c50_92","score":46.1,"land":100,"power":0,"fibre":0,"community":55,"dSub":7365,"dDc":7048,"cx":103.719313,"cy":1.425841}},{"type":"Feature","geometry":{"type":"Polygon","coordinates":[[[103.713832,1.422585],[103.715809,1.422585],[103.715809,1.424575],[103.713832,1.424575],[103.713832,1.422585]]]},"properties":{"id":"c48_91","score":48.2,"land":100,"power":0,"fibre":0,"community":66,"dSub":7400,"dDc":7355,"cx":103.71482,"cy":1.42358}},{"type":"Feature","geometry":{"type":"Polygon","coordinates":[[[103.716078,1.309539],[103.718055,1.309539],[103.718055,1.311528],[103.716078,1.311528],[103.716078,1.309539]]]},"properties":{"id":"c49_41","score":45.0,"land":36,"power":0,"fibre":65,"community":97,"dSub":5214,"dDc":1727,"cx":103.717067,"cy":1.310534}},{"type":"Feature","geometry":{"type":"Polygon","coordinates":[[[103.778978,1.442934],[103.780955,1.442934],[103.780955,1.444923],[103.778978,1.444923],[103.778978,1.442934]]]},"properties":{"id":"c77_100","score":70.1,"land":100,"power":0,"fibre":98,"community":78,"dSub":7949,"dDc":109,"cx":103.779966,"cy":1.443928}},{"type":"Feature","geometry":{"type":"Polygon","coordinates":[[[103.745282,1.422585],[103.747259,1.422585],[103.747259,1.424575],[103.745282,1.424575],[103.745282,1.422585]]]},"properties":{"id":"c62_91","score":52.1,"land":88,"power":0,"fibre":13,"community":94,"dSub":6267,"dDc":4354,"cx":103.74627,"cy":1.42358}},{"type":"Feature","geometry":{"type":"Polygon","coordinates":[[[103.747528,1.420324],[103.749505,1.420324],[103.749505,1.422314],[103.747528,1.422314],[103.747528,1.420324]]]},"properties":{"id":"c63_90","score":43.8,"land":62,"power":0,"fibre":15,"community":96,"dSub":6003,"dDc":4274,"cx":103.748516,"cy":1.421319}},{"type":"Feature","geometry":{"type":"Polygon","coordinates":[[[103.747528,1.422585],[103.749505,1.422585],[103.749505,1.424575],[103.747528,1.424575],[103.747528,1.422585]]]},"properties":{"id":"c63_91","score":41.2,"land":53,"power":0,"fibre":17,"community":95,"dSub":6253,"dDc":4139,"cx":103.748516,"cy":1.42358}},{"type":"Feature","geometry":{"type":"Polygon","coordinates":[[[103.749774,1.422585],[103.751751,1.422585],[103.751751,1.424575],[103.749774,1.424575],[103.749774,1.422585]]]},"properties":{"id":"c64_91","score":56.2,"land":93,"power":0,"fibre":21,"community":96,"dSub":6250,"dDc":3927,"cx":103.750763,"cy":1.42358}},{"type":"Feature","geometry":{"type":"Polygon","coordinates":[[[103.749774,1.420324],[103.751751,1.420324],[103.751751,1.422314],[103.749774,1.422314],[103.749774,1.420324]]]},"properties":{"id":"c64_90","score":47.4,"land":70,"power":0,"fibre":19,"community":97,"dSub":6000,"dDc":4069,"cx":103.750763,"cy":1.421319}},{"type":"Feature","geometry":{"type":"Polygon","coordinates":[[[103.747528,1.424846],[103.749505,1.424846],[103.749505,1.426836],[103.747528,1.426836],[103.747528,1.424846]]]},"properties":{"id":"c63_92","score":49.6,"land":76,"power":0,"fibre":20,"community":95,"dSub":6503,"dDc":4015,"cx":103.748516,"cy":1.425841}},{"type":"Feature","geometry":{"type":"Polygon","coordinates":[[[103.752021,1.418063],[103.753998,1.418063],[103.753998,1.420053],[103.752021,1.420053],[103.752021,1.418063]]]},"properties":{"id":"c65_89","score":55.4,"land":93,"power":0,"fibre":19,"community":95,"dSub":5757,"dDc":4030,"cx":103.753009,"cy":1.419058}},{"type":"Feature","geometry":{"type":"Polygon","coordinates":[[[103.749774,1.418063],[103.751751,1.418063],[103.751751,1.420053],[103.749774,1.420053],[103.749774,1.418063]]]},"properties":{"id":"c64_89","score":45.0,"land":64,"power":0,"fibre":16,"community":97,"dSub":5750,"dDc":4221,"cx":103.750763,"cy":1.419058}},{"type":"Feature","geometry":{"type":"Polygon","coordinates":[[[103.749774,1.415802],[103.751751,1.415802],[103.751751,1.417792],[103.749774,1.417792],[103.749774,1.415802]]]},"properties":{"id":"c64_88","score":50.2,"land":80,"power":0,"fibre":12,"community":98,"dSub":5500,"dDc":4383,"cx":103.750763,"cy":1.416797}},{"type":"Feature","geometry":{"type":"Polygon","coordinates":[[[103.747528,1.415802],[103.749505,1.415802],[103.749505,1.417792],[103.747528,1.417792],[103.747528,1.415802]]]},"properties":{"id":"c63_88","score":50.7,"land":84,"power":0,"fibre":9,"community":97,"dSub":5504,"dDc":4573,"cx":103.748516,"cy":1.416797}},{"type":"Feature","geometry":{"type":"Polygon","coordinates":[[[103.752021,1.420324],[103.753998,1.420324],[103.753998,1.422314],[103.752021,1.422314],[103.752021,1.420324]]]},"properties":{"id":"c65_90","score":58.0,"land":97,"power":0,"fibre":23,"community":97,"dSub":6006,"dDc":3870,"cx":103.753009,"cy":1.421319}},{"type":"Feature","geometry":{"type":"Polygon","coordinates":[[[103.745282,1.418063],[103.747259,1.418063],[103.747259,1.420053],[103.745282,1.420053],[103.745282,1.418063]]]},"properties":{"id":"c62_89","score":47.7,"land":77,"power":0,"fibre":8,"community":97,"dSub":5768,"dDc":4621,"cx":103.74627,"cy":1.419058}},{"type":"Feature","geometry":{"type":"Polygon","coordinates":[[[103.747528,1.418063],[103.749505,1.418063],[103.749505,1.420053],[103.747528,1.420053],[103.747528,1.418063]]]},"properties":{"id":"c63_89","score":43.2,"land":61,"power":0,"fibre":12,"community":97,"dSub":5754,"dDc":4419,"cx":103.748516,"cy":1.419058}},{"type":"Feature","geometry":{"type":"Polygon","coordinates":[[[103.711586,1.440673],[103.713562,1.440673],[103.713562,1.442662],[103.711586,1.442662],[103.711586,1.440673]]]},"properties":{"id":"c47_99","score":46.4,"land":84,"power":0,"fibre":0,"community":85,"dSub":9263,"dDc":7539,"cx":103.712574,"cy":1.441667}},{"type":"Feature","geometry":{"type":"Polygon","coordinates":[[[103.713832,1.440673],[103.715809,1.440673],[103.715809,1.442662],[103.713832,1.442662],[103.713832,1.440673]]]},"properties":{"id":"c48_99","score":48.3,"land":94,"power":0,"fibre":0,"community":78,"dSub":9152,"dDc":7289,"cx":103.71482,"cy":1.441667}},{"type":"Feature","geometry":{"type":"Polygon","coordinates":[[[103.709339,1.440673],[103.711316,1.440673],[103.711316,1.442662],[103.709339,1.442662],[103.709339,1.440673]]]},"properties":{"id":"c46_99","score":44.0,"land":73,"power":0,"fibre":0,"community":93,"dSub":9380,"dDc":7789,"cx":103.710328,"cy":1.441667}},{"type":"Feature","geometry":{"type":"Polygon","coordinates":[[[103.722818,1.323104],[103.724794,1.323104],[103.724794,1.325094],[103.722818,1.325094],[103.722818,1.323104]]]},"properties":{"id":"c52_47","score":59.6,"land":95,"power":0,"fibre":51,"community":80,"dSub":4457,"dDc":2438,"cx":103.723806,"cy":1.324099}},{"type":"Feature","geometry":{"type":"Polygon","coordinates":[[[103.731803,1.395454],[103.73378,1.395454],[103.73378,1.397444],[103.731803,1.397444],[103.731803,1.395454]]]},"properties":{"id":"c56_79","score":43.6,"land":88,"power":0,"fibre":14,"community":49,"dSub":3797,"dDc":4277,"cx":103.732792,"cy":1.396449}},{"type":"Feature","geometry":{"type":"Polygon","coordinates":[[[103.731803,1.300495],[103.73378,1.300495],[103.73378,1.302485],[103.731803,1.302485],[103.731803,1.300495]]]},"properties":{"id":"c56_37","score":59.5,"land":100,"power":0,"fibre":35,"community":87,"dSub":3848,"dDc":3247,"cx":103.732792,"cy":1.30149}},{"type":"Feature","geometry":{"type":"Polygon","coordinates":[[[103.731803,1.305017],[103.73378,1.305017],[103.73378,1.307007],[103.731803,1.307007],[103.731803,1.305017]]]},"properties":{"id":"c56_39","score":61.4,"land":95,"power":0,"fibre":44,"community":96,"dSub":3642,"dDc":2809,"cx":103.732792,"cy":1.306012}},{"type":"Feature","geometry":{"type":"Polygon","coordinates":[[[103.769992,1.327626],[103.771969,1.327626],[103.771969,1.329616],[103.769992,1.329616],[103.769992,1.327626]]]},"properties":{"id":"c73_49","score":42.2,"land":25,"power":51,"fibre":44,"community":60,"dSub":1470,"dDc":2791,"cx":103.770981,"cy":1.328621}},{"type":"Feature","geometry":{"type":"Polygon","coordinates":[[[103.711586,1.377367],[103.713562,1.377367],[103.713562,1.379356],[103.711586,1.379356],[103.711586,1.377367]]]},"properties":{"id":"c47_71","score":52.1,"land":76,"power":0,"fibre":45,"community":82,"dSub":4395,"dDc":2748,"cx":103.712574,"cy":1.378361}},{"type":"Feature","geometry":{"type":"Polygon","coordinates":[[[103.711586,1.379628],[103.713562,1.379628],[103.713562,1.381617],[103.711586,1.381617],[103.711586,1.379628]]]},"properties":{"id":"c47_72","score":52.6,"land":78,"power":0,"fibre":41,"community":86,"dSub":4472,"dDc":2954,"cx":103.712574,"cy":1.380622}},{"type":"Feature","geometry":{"type":"Polygon","coordinates":[[[103.716078,1.379628],[103.718055,1.379628],[103.718055,1.381617],[103.716078,1.381617],[103.716078,1.379628]]]},"properties":{"id":"c49_72","score":58.0,"land":88,"power":0,"fibre":46,"community":91,"dSub":4005,"dDc":2715,"cx":103.717067,"cy":1.380622}},{"type":"Feature","geometry":{"type":"Polygon","coordinates":[[[103.745282,1.413542],[103.747259,1.413542],[103.747259,1.415531],[103.745282,1.415531],[103.745282,1.413542]]]},"properties":{"id":"c62_87","score":48.7,"land":82,"power":0,"fibre":1,"community":99,"dSub":5270,"dDc":4925,"cx":103.74627,"cy":1.414536}},{"type":"Feature","geometry":{"type":"Polygon","coordinates":[[[103.749774,1.413542],[103.751751,1.413542],[103.751751,1.415531],[103.749774,1.415531],[103.749774,1.413542]]]},"properties":{"id":"c64_87","score":48.4,"land":77,"power":0,"fibre":9,"community":98,"dSub":5250,"dDc":4552,"cx":103.750763,"cy":1.414536}},{"type":"Feature","geometry":{"type":"Polygon","coordinates":[[[103.752021,1.415802],[103.753998,1.415802],[103.753998,1.417792],[103.752021,1.417792],[103.752021,1.415802]]]},"properties":{"id":"c65_88","score":51.4,"land":83,"power":0,"fibre":16,"community":96,"dSub":5507,"dDc":4198,"cx":103.753009,"cy":1.416797}},{"type":"Feature","geometry":{"type":"Polygon","coordinates":[[[103.752021,1.413542],[103.753998,1.413542],[103.753998,1.415531],[103.752021,1.415531],[103.752021,1.413542]]]},"properties":{"id":"c65_87","score":50.6,"land":83,"power":0,"fibre":13,"community":96,"dSub":5257,"dDc":4374,"cx":103.753009,"cy":1.414536}},{"type":"Feature","geometry":{"type":"Polygon","coordinates":[[[103.752021,1.411281],[103.753998,1.411281],[103.753998,1.41327],[103.752021,1.41327],[103.752021,1.411281]]]},"properties":{"id":"c65_86","score":51.7,"land":87,"power":0,"fibre":9,"community":98,"dSub":5008,"dDc":4558,"cx":103.753009,"cy":1.412275}},{"type":"Feature","geometry":{"type":"Polygon","coordinates":[[[103.752021,1.40902],[103.753998,1.40902],[103.753998,1.411009],[103.752021,1.411009],[103.752021,1.40902]]]},"properties":{"id":"c65_85","score":52.9,"land":92,"power":0,"fibre":5,"community":99,"dSub":4758,"dDc":4747,"cx":103.753009,"cy":1.410014}},{"type":"Feature","geometry":{"type":"Polygon","coordinates":[[[103.754267,1.40902],[103.756244,1.40902],[103.756244,1.411009],[103.754267,1.411009],[103.754267,1.40902]]]},"properties":{"id":"c66_85","score":56.3,"land":100,"power":0,"fibre":8,"community":99,"dSub":4780,"dDc":4591,"cx":103.755256,"cy":1.410014}},{"type":"Feature","geometry":{"type":"Polygon","coordinates":[[[103.745282,1.40902],[103.747259,1.40902],[103.747259,1.411009],[103.745282,1.411009],[103.745282,1.40902]]]},"properties":{"id":"c62_85","score":54.5,"land":99,"power":0,"fibre":0,"community":100,"dSub":4772,"dDc":5259,"cx":103.74627,"cy":1.410014}},{"type":"Feature","geometry":{"type":"Polygon","coordinates":[[[103.743035,1.406759],[103.745012,1.406759],[103.745012,1.408748],[103.743035,1.408748],[103.743035,1.406759]]]},"properties":{"id":"c61_84","score":54.2,"land":100,"power":0,"fibre":0,"community":96,"dSub":4556,"dDc":5612,"cx":103.744024,"cy":1.407754}},{"type":"Feature","geometry":{"type":"Polygon","coordinates":[[[103.743035,1.40902],[103.745012,1.40902],[103.745012,1.411009],[103.743035,1.411009],[103.743035,1.40902]]]},"properties":{"id":"c61_85","score":54.8,"land":100,"power":0,"fibre":0,"community":99,"dSub":4803,"dDc":5441,"cx":103.744024,"cy":1.410014}},{"type":"Feature","geometry":{"type":"Polygon","coordinates":[[[103.709339,1.372845],[103.711316,1.372845],[103.711316,1.374834],[103.709339,1.374834],[103.709339,1.372845]]]},"properties":{"id":"c46_69","score":42.0,"land":49,"power":0,"fibre":49,"community":75,"dSub":4526,"dDc":2538,"cx":103.710328,"cy":1.37384}},{"type":"Feature","geometry":{"type":"Polygon","coordinates":[[[103.731803,1.440673],[103.73378,1.440673],[103.73378,1.442662],[103.731803,1.442662],[103.731803,1.440673]]]},"properties":{"id":"c56_99","score":40.3,"land":71,"power":0,"fibre":0,"community":77,"dSub":8480,"dDc":5290,"cx":103.732792,"cy":1.441667}},{"type":"Feature","geometry":{"type":"Polygon","coordinates":[[[103.718325,1.300495],[103.720302,1.300495],[103.720302,1.302485],[103.718325,1.302485],[103.718325,1.300495]]]},"properties":{"id":"c50_37","score":65.0,"land":100,"power":0,"fibre":50,"community":100,"dSub":5222,"dDc":2508,"cx":103.719313,"cy":1.30149}},{"type":"Feature","geometry":{"type":"Polygon","coordinates":[[[103.7026,1.300495],[103.704577,1.300495],[103.704577,1.302485],[103.7026,1.302485],[103.7026,1.300495]]]},"properties":{"id":"c43_37","score":65.0,"land":92,"power":0,"fibre":66,"community":98,"dSub":6891,"dDc":1698,"cx":103.703588,"cy":1.30149}},{"type":"Feature","geometry":{"type":"Polygon","coordinates":[[[103.713832,1.327626],[103.715809,1.327626],[103.715809,1.329616],[103.713832,1.329616],[103.713832,1.327626]]]},"properties":{"id":"c48_49","score":42.2,"land":27,"power":0,"fibre":66,"community":98,"dSub":5534,"dDc":1700,"cx":103.71482,"cy":1.328621}},{"type":"Feature","geometry":{"type":"Polygon","coordinates":[[[103.698107,1.43389],[103.700084,1.43389],[103.700084,1.435879],[103.698107,1.435879],[103.698107,1.43389]]]},"properties":{"id":"c41_96","score":55.0,"land":100,"power":0,"fibre":0,"community":100,"dSub":9428,"dDc":9030,"cx":103.699096,"cy":1.434885}},{"type":"Feature","geometry":{"type":"Polygon","coordinates":[[[103.707093,1.33667],[103.70907,1.33667],[103.70907,1.33866],[103.707093,1.33866],[103.707093,1.33667]]]},"properties":{"id":"c45_53","score":65.7,"land":100,"power":0,"fibre":61,"community":92,"dSub":5725,"dDc":1952,"cx":103.708081,"cy":1.337665}},{"type":"Feature","geometry":{"type":"Polygon","coordinates":[[[103.698107,1.422585],[103.700084,1.422585],[103.700084,1.424575],[103.698107,1.424575],[103.698107,1.422585]]]},"properties":{"id":"c41_91","score":49.9,"land":93,"power":0,"fibre":0,"community":86,"dSub":8468,"dDc":7868,"cx":103.699096,"cy":1.42358}},{"type":"Feature","geometry":{"type":"Polygon","coordinates":[[[103.716078,1.332148],[103.718055,1.332148],[103.718055,1.334138],[103.716078,1.334138],[103.716078,1.332148]]]},"properties":{"id":"c49_51","score":60.6,"land":85,"power":0,"fibre":56,"community":98,"dSub":5278,"dDc":2181,"cx":103.717067,"cy":1.333143}},{"type":"Feature","geometry":{"type":"Polygon","coordinates":[[[103.716078,1.334409],[103.718055,1.334409],[103.718055,1.336399],[103.716078,1.336399],[103.716078,1.334409]]]},"properties":{"id":"c49_52","score":55.8,"land":76,"power":0,"fibre":53,"community":94,"dSub":5103,"dDc":2339,"cx":103.717067,"cy":1.335404}},{"type":"Feature","geometry":{"type":"Polygon","coordinates":[[[103.740789,1.40902],[103.742766,1.40902],[103.742766,1.411009],[103.740789,1.411009],[103.740789,1.40902]]]},"properties":{"id":"c60_85","score":53.3,"land":98,"power":0,"fibre":0,"community":95,"dSub":4846,"dDc":5629,"cx":103.741777,"cy":1.410014}},{"type":"Feature","geometry":{"type":"Polygon","coordinates":[[[103.736296,1.406759],[103.738273,1.406759],[103.738273,1.408748],[103.736296,1.408748],[103.736296,1.406759]]]},"properties":{"id":"c58_84","score":45.8,"land":80,"power":0,"fibre":0,"community":89,"dSub":4732,"dDc":5596,"cx":103.737284,"cy":1.407754}},{"type":"Feature","geometry":{"type":"Polygon","coordinates":[[[103.713832,1.332148],[103.715809,1.332148],[103.715809,1.334138],[103.713832,1.334138],[103.713832,1.332148]]]},"properties":{"id":"c48_51","score":58.7,"land":76,"power":0,"fibre":60,"community":99,"dSub":5456,"dDc":1986,"cx":103.71482,"cy":1.333143}},{"type":"Feature","geometry":{"type":"Polygon","coordinates":[[[103.711586,1.329887],[103.713562,1.329887],[103.713562,1.331877],[103.711586,1.331877],[103.711586,1.329887]]]},"properties":{"id":"c47_50","score":56.3,"land":67,"power":0,"fibre":67,"community":98,"dSub":5810,"dDc":1633,"cx":103.712574,"cy":1.330882}},{"type":"Feature","geometry":{"type":"Polygon","coordinates":[[[103.713832,1.329887],[103.715809,1.329887],[103.715809,1.331877],[103.713832,1.331877],[103.713832,1.329887]]]},"properties":{"id":"c48_50","score":61.1,"land":82,"power":0,"fibre":63,"community":98,"dSub":5593,"dDc":1831,"cx":103.71482,"cy":1.330882}},{"type":"Feature","geometry":{"type":"Polygon","coordinates":[[[103.711586,1.332148],[103.713562,1.332148],[103.713562,1.334138],[103.711586,1.334138],[103.711586,1.332148]]]},"properties":{"id":"c47_51","score":59.8,"land":78,"power":0,"fibre":64,"community":99,"dSub":5641,"dDc":1804,"cx":103.712574,"cy":1.333143}},{"type":"Feature","geometry":{"type":"Polygon","coordinates":[[[103.72731,1.438412],[103.729287,1.438412],[103.729287,1.440401],[103.72731,1.440401],[103.72731,1.438412]]]},"properties":{"id":"c54_98","score":42.4,"land":72,"power":0,"fibre":0,"community":85,"dSub":8370,"dDc":5802,"cx":103.728299,"cy":1.439407}},{"type":"Feature","geometry":{"type":"Polygon","coordinates":[[[103.700354,1.436151],[103.70233,1.436151],[103.70233,1.43814],[103.700354,1.43814],[103.700354,1.436151]]]},"properties":{"id":"c42_97","score":45.2,"land":83,"power":0,"fibre":0,"community":80,"dSub":9482,"dDc":8812,"cx":103.701342,"cy":1.437146}},{"type":"Feature","geometry":{"type":"Polygon","coordinates":[[[103.722818,1.43389],[103.724794,1.43389],[103.724794,1.435879],[103.722818,1.435879],[103.722818,1.43389]]]},"properties":{"id":"c52_96","score":41.4,"land":66,"power":0,"fibre":0,"community":91,"dSub":8064,"dDc":6352,"cx":103.723806,"cy":1.434885}},{"type":"Feature","geometry":{"type":"Polygon","coordinates":[[[103.700354,1.406759],[103.70233,1.406759],[103.70233,1.408748],[103.700354,1.408748],[103.700354,1.406759]]]},"properties":{"id":"c42_84","score":53.6,"land":100,"power":0,"fibre":0,"community":93,"dSub":7078,"dDc":6179,"cx":103.701342,"cy":1.407754}},{"type":"Feature","geometry":{"type":"Polygon","coordinates":[[[103.700354,1.390932],[103.70233,1.390932],[103.70233,1.392922],[103.700354,1.392922],[103.700354,1.390932]]]},"properties":{"id":"c42_77","score":54.4,"land":100,"power":0,"fibre":6,"community":91,"dSub":6116,"dDc":4698,"cx":103.701342,"cy":1.391927}},{"type":"Feature","geometry":{"type":"Polygon","coordinates":[[[103.7026,1.377367],[103.704577,1.377367],[103.704577,1.379356],[103.7026,1.379356],[103.7026,1.377367]]]},"properties":{"id":"c43_71","score":47.8,"land":62,"power":0,"fibre":31,"community":99,"dSub":5361,"dDc":3431,"cx":103.703588,"cy":1.378361}},{"type":"Feature","geometry":{"type":"Polygon","coordinates":[[[103.7026,1.381888],[103.704577,1.381888],[103.704577,1.383878],[103.7026,1.383878],[103.7026,1.381888]]]},"properties":{"id":"c43_73","score":44.8,"land":73,"power":0,"fibre":25,"community":72,"dSub":5499,"dDc":3774,"cx":103.703588,"cy":1.382883}},{"type":"Feature","geometry":{"type":"Polygon","coordinates":[[[103.700354,1.372845],[103.70233,1.372845],[103.70233,1.374834],[103.700354,1.374834],[103.700354,1.372845]]]},"properties":{"id":"c42_69","score":48.5,"land":80,"power":0,"fibre":33,"community":69,"dSub":5514,"dDc":3340,"cx":103.701342,"cy":1.37384}},{"type":"Feature","geometry":{"type":"Polygon","coordinates":[[[103.7026,1.372845],[103.704577,1.372845],[103.704577,1.374834],[103.7026,1.374834],[103.7026,1.372845]]]},"properties":{"id":"c43_69","score":55.9,"land":91,"power":0,"fibre":37,"community":83,"dSub":5267,"dDc":3129,"cx":103.703588,"cy":1.37384}},{"type":"Feature","geometry":{"type":"Polygon","coordinates":[[[103.765499,1.40902],[103.767476,1.40902],[103.767476,1.411009],[103.765499,1.411009],[103.765499,1.40902]]]},"properties":{"id":"c71_85","score":48.7,"land":85,"power":0,"fibre":21,"community":73,"dSub":5075,"dDc":3959,"cx":103.766488,"cy":1.410014}},{"type":"Feature","geometry":{"type":"Polygon","coordinates":[[[103.769992,1.40902],[103.771969,1.40902],[103.771969,1.411009],[103.769992,1.411009],[103.769992,1.40902]]]},"properties":{"id":"c73_85","score":44.1,"land":63,"power":0,"fibre":26,"community":84,"dSub":5271,"dDc":3724,"cx":103.770981,"cy":1.410014}},{"type":"Feature","geometry":{"type":"Polygon","coordinates":[[[103.763253,1.406759],[103.76523,1.406759],[103.76523,1.408748],[103.763253,1.408748],[103.763253,1.406759]]]},"properties":{"id":"c70_84","score":42.3,"land":72,"power":0,"fibre":14,"community":70,"dSub":4755,"dDc":4288,"cx":103.764241,"cy":1.407754}},{"type":"Feature","geometry":{"type":"Polygon","coordinates":[[[103.761006,1.406759],[103.762983,1.406759],[103.762983,1.408748],[103.761006,1.408748],[103.761006,1.406759]]]},"properties":{"id":"c69_84","score":56.8,"land":100,"power":0,"fibre":12,"community":97,"dSub":4680,"dDc":4398,"cx":103.761995,"cy":1.407754}},{"type":"Feature","geometry":{"type":"Polygon","coordinates":[[[103.763253,1.415802],[103.76523,1.415802],[103.76523,1.417792],[103.763253,1.417792],[103.763253,1.415802]]]},"properties":{"id":"c70_88","score":45.5,"land":71,"power":0,"fibre":32,"community":72,"dSub":5710,"dDc":3405,"cx":103.764241,"cy":1.416797}},{"type":"Feature","geometry":{"type":"Polygon","coordinates":[[[103.756514,1.424846],[103.758491,1.424846],[103.758491,1.426836],[103.756514,1.426836],[103.756514,1.424846]]]},"properties":{"id":"c67_92","score":55.1,"land":83,"power":0,"fibre":37,"community":94,"dSub":6547,"dDc":3169,"cx":103.757502,"cy":1.425841}},{"type":"Feature","geometry":{"type":"Polygon","coordinates":[[[103.763253,1.424846],[103.76523,1.424846],[103.76523,1.426836],[103.763253,1.426836],[103.763253,1.424846]]]},"properties":{"id":"c70_92","score":48.9,"land":55,"power":0,"fibre":48,"community":100,"dSub":6679,"dDc":2607,"cx":103.764241,"cy":1.425841}},{"type":"Feature","geometry":{"type":"Polygon","coordinates":[[[103.756514,1.427107],[103.758491,1.427107],[103.758491,1.429097],[103.756514,1.429097],[103.756514,1.427107]]]},"properties":{"id":"c67_93","score":55.3,"land":82,"power":0,"fibre":39,"community":94,"dSub":6795,"dDc":3026,"cx":103.757502,"cy":1.428102}},{"type":"Feature","geometry":{"type":"Polygon","coordinates":[[[103.740789,1.404498],[103.742766,1.404498],[103.742766,1.406487],[103.740789,1.406487],[103.740789,1.404498]]]},"properties":{"id":"c60_83","score":52.2,"land":100,"power":0,"fibre":0,"community":86,"dSub":4357,"dDc":5480,"cx":103.741777,"cy":1.405493}},{"type":"Feature","geometry":{"type":"Polygon","coordinates":[[[103.75876,1.427107],[103.760737,1.427107],[103.760737,1.429097],[103.75876,1.429097],[103.75876,1.427107]]]},"properties":{"id":"c68_93","score":51.6,"land":69,"power":0,"fibre":44,"community":95,"dSub":6829,"dDc":2819,"cx":103.759749,"cy":1.428102}},{"type":"Feature","geometry":{"type":"Polygon","coordinates":[[[103.749774,1.384149],[103.751751,1.384149],[103.751751,1.386139],[103.749774,1.386139],[103.749774,1.384149]]]},"properties":{"id":"c64_74","score":43.8,"land":53,"power":33,"fibre":20,"community":63,"dSub":2000,"dDc":3981,"cx":103.750763,"cy":1.385144}},{"type":"Feature","geometry":{"type":"Polygon","coordinates":[[[103.707093,1.440673],[103.70907,1.440673],[103.70907,1.442662],[103.707093,1.442662],[103.707093,1.440673]]]},"properties":{"id":"c45_99","score":50.2,"land":90,"power":0,"fibre":0,"community":94,"dSub":9501,"dDc":8039,"cx":103.708081,"cy":1.441667}},{"type":"Feature","geometry":{"type":"Polygon","coordinates":[[[103.711586,1.393193],[103.713562,1.393193],[103.713562,1.395183],[103.711586,1.395183],[103.711586,1.393193]]]},"properties":{"id":"c47_78","score":50.6,"land":100,"power":0,"fibre":14,"community":64,"dSub":5172,"dDc":4291,"cx":103.712574,"cy":1.394188}},{"type":"Feature","geometry":{"type":"Polygon","coordinates":[[[103.698107,1.377367],[103.700084,1.377367],[103.700084,1.379356],[103.698107,1.379356],[103.698107,1.377367]]]},"properties":{"id":"c41_71","score":46.6,"land":68,"power":0,"fibre":24,"community":90,"dSub":5848,"dDc":3825,"cx":103.699096,"cy":1.378361}},{"type":"Feature","geometry":{"type":"Polygon","coordinates":[[[103.709339,1.445195],[103.711316,1.445195],[103.711316,1.447184],[103.709339,1.447184],[103.709339,1.445195]]]},"properties":{"id":"c46_101","score":44.6,"land":77,"power":0,"fibre":0,"community":88,"dSub":9822,"dDc":7796,"cx":103.710328,"cy":1.446189}},{"type":"Feature","geometry":{"type":"Polygon","coordinates":[[[103.754267,1.413542],[103.756244,1.413542],[103.756244,1.415531],[103.754267,1.415531],[103.754267,1.413542]]]},"properties":{"id":"c66_87","score":43.0,"land":71,"power":0,"fibre":16,"community":76,"dSub":5277,"dDc":4205,"cx":103.755256,"cy":1.414536}},{"type":"Feature","geometry":{"type":"Polygon","coordinates":[[[103.761006,1.40902],[103.762983,1.40902],[103.762983,1.411009],[103.761006,1.411009],[103.761006,1.40902]]]},"properties":{"id":"c69_85","score":57.7,"land":100,"power":0,"fibre":16,"community":97,"dSub":4921,"dDc":4178,"cx":103.761995,"cy":1.410014}},{"type":"Feature","geometry":{"type":"Polygon","coordinates":[[[103.75876,1.424846],[103.760737,1.424846],[103.760737,1.426836],[103.75876,1.426836],[103.75876,1.424846]]]},"properties":{"id":"c68_92","score":47.9,"land":58,"power":0,"fibre":41,"community":97,"dSub":6582,"dDc":2972,"cx":103.759749,"cy":1.425841}},{"type":"Feature","geometry":{"type":"Polygon","coordinates":[[[103.767746,1.43389],[103.769723,1.43389],[103.769723,1.435879],[103.767746,1.435879],[103.767746,1.43389]]]},"properties":{"id":"c72_96","score":68.7,"land":100,"power":0,"fibre":69,"community":100,"dSub":7771,"dDc":1570,"cx":103.768734,"cy":1.434885}},{"type":"Feature","geometry":{"type":"Polygon","coordinates":[[[103.781224,1.357018],[103.783201,1.357018],[103.783201,1.359008],[103.781224,1.359008],[103.781224,1.357018]]]},"properties":{"id":"c78_62","score":55.0,"land":100,"power":0,"fibre":0,"community":100,"dSub":3675,"dDc":5248,"cx":103.782213,"cy":1.358013}},{"type":"Feature","geometry":{"type":"Polygon","coordinates":[[[103.695861,1.314061],[103.697838,1.314061],[103.697838,1.31605],[103.695861,1.31605],[103.695861,1.314061]]]},"properties":{"id":"c40_43","score":72.7,"land":100,"power":0,"fibre":89,"community":100,"dSub":7408,"dDc":546,"cx":103.696849,"cy":1.315055}},{"type":"Feature","geometry":{"type":"Polygon","coordinates":[[[103.695861,1.316322],[103.697838,1.316322],[103.697838,1.318311],[103.695861,1.318311],[103.695861,1.316322]]]},"properties":{"id":"c40_44","score":72.8,"land":100,"power":0,"fibre":90,"community":99,"dSub":7402,"dDc":520,"cx":103.696849,"cy":1.317316}},{"type":"Feature","geometry":{"type":"Polygon","coordinates":[[[103.720571,1.323104],[103.722548,1.323104],[103.722548,1.325094],[103.720571,1.325094],[103.720571,1.323104]]]},"properties":{"id":"c51_47","score":60.6,"land":92,"power":0,"fibre":56,"community":87,"dSub":4704,"dDc":2202,"cx":103.72156,"cy":1.324099}},{"type":"Feature","geometry":{"type":"Polygon","coordinates":[[[103.736296,1.273364],[103.738273,1.273364],[103.738273,1.275354],[103.736296,1.275354],[103.736296,1.273364]]]},"properties":{"id":"c58_25","score":48.8,"land":88,"power":0,"fibre":0,"community":90,"dSub":5608,"dDc":5977,"cx":103.737284,"cy":1.274359}},{"type":"Feature","geometry":{"type":"Polygon","coordinates":[[[103.73405,1.271103],[103.736027,1.271103],[103.736027,1.273093],[103.73405,1.273093],[103.73405,1.271103]]]},"properties":{"id":"c57_24","score":52.4,"land":100,"power":0,"fibre":0,"community":87,"dSub":5952,"dDc":6126,"cx":103.735038,"cy":1.272098}},{"type":"Feature","geometry":{"type":"Polygon","coordinates":[[[103.73405,1.273364],[103.736027,1.273364],[103.736027,1.275354],[103.73405,1.275354],[103.73405,1.273364]]]},"properties":{"id":"c57_25","score":42.1,"land":68,"power":0,"fibre":0,"community":92,"dSub":5742,"dDc":5924,"cx":103.735038,"cy":1.274359}},{"type":"Feature","geometry":{"type":"Polygon","coordinates":[[[103.725064,1.273364],[103.727041,1.273364],[103.727041,1.275354],[103.725064,1.275354],[103.725064,1.273364]]]},"properties":{"id":"c53_25","score":52.7,"land":100,"power":0,"fibre":0,"community":89,"dSub":6346,"dDc":5382,"cx":103.726052,"cy":1.274359}},{"type":"Feature","geometry":{"type":"Polygon","coordinates":[[[103.725064,1.275625],[103.727041,1.275625],[103.727041,1.277614],[103.725064,1.277614],[103.725064,1.275625]]]},"properties":{"id":"c53_26","score":45.7,"land":79,"power":0,"fibre":0,"community":90,"dSub":6159,"dDc":5164,"cx":103.726052,"cy":1.27662}},{"type":"Feature","geometry":{"type":"Polygon","coordinates":[[[103.722818,1.273364],[103.724794,1.273364],[103.724794,1.275354],[103.722818,1.275354],[103.722818,1.273364]]]},"properties":{"id":"c52_25","score":53.9,"land":100,"power":0,"fibre":0,"community":95,"dSub":6512,"dDc":5268,"cx":103.723806,"cy":1.274359}},{"type":"Feature","geometry":{"type":"Polygon","coordinates":[[[103.722818,1.275625],[103.724794,1.275625],[103.724794,1.277614],[103.722818,1.277614],[103.722818,1.275625]]]},"properties":{"id":"c52_26","score":53.5,"land":100,"power":0,"fibre":0,"community":93,"dSub":6330,"dDc":5044,"cx":103.723806,"cy":1.27662}},{"type":"Feature","geometry":{"type":"Polygon","coordinates":[[[103.722818,1.277886],[103.724794,1.277886],[103.724794,1.279875],[103.722818,1.279875],[103.722818,1.277886]]]},"properties":{"id":"c52_27","score":54.6,"land":100,"power":0,"fibre":4,"community":94,"dSub":6153,"dDc":4823,"cx":103.723806,"cy":1.278881}},{"type":"Feature","geometry":{"type":"Polygon","coordinates":[[[103.720571,1.275625],[103.722548,1.275625],[103.722548,1.277614],[103.720571,1.277614],[103.720571,1.275625]]]},"properties":{"id":"c51_26","score":55.3,"land":100,"power":0,"fibre":1,"community":100,"dSub":6507,"dDc":4935,"cx":103.72156,"cy":1.27662}},{"type":"Feature","geometry":{"type":"Polygon","coordinates":[[[103.722818,1.280147],[103.724794,1.280147],[103.724794,1.282136],[103.722818,1.282136],[103.722818,1.280147]]]},"properties":{"id":"c52_28","score":52.0,"land":90,"power":0,"fibre":8,"community":94,"dSub":5981,"dDc":4606,"cx":103.723806,"cy":1.281141}},{"type":"Feature","geometry":{"type":"Polygon","coordinates":[[[103.720571,1.280147],[103.722548,1.280147],[103.722548,1.282136],[103.720571,1.282136],[103.720571,1.280147]]]},"properties":{"id":"c51_28","score":48.5,"land":78,"power":0,"fibre":10,"community":95,"dSub":6167,"dDc":4485,"cx":103.72156,"cy":1.281141}},{"type":"Feature","geometry":{"type":"Polygon","coordinates":[[[103.778978,1.280147],[103.780955,1.280147],[103.780955,1.282136],[103.778978,1.282136],[103.778978,1.280147]]]},"properties":{"id":"c77_28","score":42.3,"land":23,"power":20,"fibre":62,"community":84,"dSub":2401,"dDc":1881,"cx":103.779966,"cy":1.281141}},{"type":"Feature","geometry":{"type":"Polygon","coordinates":[[[103.72731,1.352496],[103.729287,1.352496],[103.729287,1.354486],[103.72731,1.354486],[103.72731,1.352496]]]},"properties":{"id":"c54_60","score":59.5,"land":100,"power":4,"fibre":89,"community":28,"dSub":2884,"dDc":541,"cx":103.728299,"cy":1.353491}},{"type":"Feature","geometry":{"type":"Polygon","coordinates":[[[103.731803,1.318582],[103.73378,1.318582],[103.73378,1.320572],[103.731803,1.320572],[103.731803,1.318582]]]},"properties":{"id":"c56_45","score":66.7,"land":100,"power":0,"fibre":66,"community":93,"dSub":3408,"dDc":1715,"cx":103.732792,"cy":1.319577}},{"type":"Feature","geometry":{"type":"Polygon","coordinates":[[[103.73405,1.318582],[103.736027,1.318582],[103.736027,1.320572],[103.73405,1.320572],[103.73405,1.318582]]]},"properties":{"id":"c57_45","score":64.4,"land":100,"power":0,"fibre":70,"community":77,"dSub":3158,"dDc":1508,"cx":103.735038,"cy":1.319577}},{"type":"Feature","geometry":{"type":"Polygon","coordinates":[[[103.731803,1.427107],[103.73378,1.427107],[103.73378,1.429097],[103.731803,1.429097],[103.731803,1.427107]]]},"properties":{"id":"c56_93","score":55.0,"land":100,"power":0,"fibre":0,"community":100,"dSub":7029,"dDc":5539,"cx":103.732792,"cy":1.428102}},{"type":"Feature","geometry":{"type":"Polygon","coordinates":[[[103.75876,1.325365],[103.760737,1.325365],[103.760737,1.327355],[103.75876,1.327355],[103.75876,1.325365]]]},"properties":{"id":"c68_48","score":59.1,"land":31,"power":66,"fibre":69,"community":91,"dSub":1032,"dDc":1547,"cx":103.759749,"cy":1.32636}},{"type":"Feature","geometry":{"type":"Polygon","coordinates":[[[103.75876,1.323104],[103.760737,1.323104],[103.760737,1.325094],[103.75876,1.325094],[103.75876,1.323104]]]},"properties":{"id":"c68_47","score":70.1,"land":68,"power":73,"fibre":68,"community":71,"dSub":808,"dDc":1591,"cx":103.759749,"cy":1.324099}},{"type":"Feature","geometry":{"type":"Polygon","coordinates":[[[103.747528,1.372845],[103.749505,1.372845],[103.749505,1.374834],[103.747528,1.374834],[103.747528,1.372845]]]},"properties":{"id":"c63_69","score":44.1,"land":17,"power":74,"fibre":41,"community":57,"dSub":779,"dDc":2951,"cx":103.748516,"cy":1.37384}},{"type":"Feature","geometry":{"type":"Polygon","coordinates":[[[103.7026,1.316322],[103.704577,1.316322],[103.704577,1.318311],[103.7026,1.318311],[103.7026,1.316322]]]},"properties":{"id":"c43_44","score":74.2,"land":99,"power":0,"fibre":99,"community":98,"dSub":6652,"dDc":66,"cx":103.703588,"cy":1.317316}},{"type":"Feature","geometry":{"type":"Polygon","coordinates":[[[103.761006,1.368323],[103.762983,1.368323],[103.762983,1.370313],[103.761006,1.370313],[103.761006,1.368323]]]},"properties":{"id":"c69_67","score":44.9,"land":44,"power":56,"fibre":18,"community":58,"dSub":1311,"dDc":4081,"cx":103.761995,"cy":1.369318}},{"type":"Feature","geometry":{"type":"Polygon","coordinates":[[[103.756514,1.366062],[103.758491,1.366062],[103.758491,1.368052],[103.756514,1.368052],[103.756514,1.366062]]]},"properties":{"id":"c67_66","score":66.8,"land":79,"power":74,"fibre":29,"community":74,"dSub":787,"dDc":3530,"cx":103.757502,"cy":1.367057}},{"type":"Feature","geometry":{"type":"Polygon","coordinates":[[[103.720571,1.282408],[103.722548,1.282408],[103.722548,1.284397],[103.720571,1.284397],[103.720571,1.282408]]]},"properties":{"id":"c51_29","score":53.4,"land":90,"power":0,"fibre":15,"community":94,"dSub":6006,"dDc":4265,"cx":103.72156,"cy":1.283402}},{"type":"Feature","geometry":{"type":"Polygon","coordinates":[[[103.725064,1.282408],[103.727041,1.282408],[103.727041,1.284397],[103.725064,1.284397],[103.725064,1.282408]]]},"properties":{"id":"c53_29","score":53.0,"land":90,"power":0,"fibre":9,"community":98,"dSub":5628,"dDc":4528,"cx":103.726052,"cy":1.283402}},{"type":"Feature","geometry":{"type":"Polygon","coordinates":[[[103.72731,1.277886],[103.729287,1.277886],[103.729287,1.279875],[103.72731,1.279875],[103.72731,1.277886]]]},"properties":{"id":"c54_27","score":47.8,"land":85,"power":0,"fibre":0,"community":90,"dSub":5806,"dDc":5082,"cx":103.728299,"cy":1.278881}},{"type":"Feature","geometry":{"type":"Polygon","coordinates":[[[103.725064,1.280147],[103.727041,1.280147],[103.727041,1.282136],[103.725064,1.282136],[103.725064,1.280147]]]},"properties":{"id":"c53_28","score":54.8,"land":100,"power":0,"fibre":5,"community":94,"dSub":5800,"dDc":4736,"cx":103.726052,"cy":1.281141}},{"type":"Feature","geometry":{"type":"Polygon","coordinates":[[[103.731803,1.277886],[103.73378,1.277886],[103.73378,1.279875],[103.731803,1.279875],[103.731803,1.277886]]]},"properties":{"id":"c56_27","score":40.9,"land":63,"power":0,"fibre":0,"community":94,"dSub":5482,"dDc":5375,"cx":103.732792,"cy":1.278881}},{"type":"Feature","geometry":{"type":"Polygon","coordinates":[[[103.738542,1.273364],[103.740519,1.273364],[103.740519,1.275354],[103.738542,1.275354],[103.738542,1.273364]]]},"properties":{"id":"c59_25","score":48.0,"land":84,"power":0,"fibre":0,"community":93,"dSub":5483,"dDc":5942,"cx":103.739531,"cy":1.274359}},{"type":"Feature","geometry":{"type":"Polygon","coordinates":[[[103.729557,1.275625],[103.731534,1.275625],[103.731534,1.277614],[103.729557,1.277614],[103.729557,1.275625]]]},"properties":{"id":"c55_26","score":43.2,"land":71,"power":0,"fibre":0,"community":92,"dSub":5834,"dDc":5429,"cx":103.730545,"cy":1.27662}},{"type":"Feature","geometry":{"type":"Polygon","coordinates":[[[103.72731,1.280147],[103.729287,1.280147],[103.729287,1.282136],[103.72731,1.282136],[103.72731,1.280147]]]},"properties":{"id":"c54_28","score":47.1,"land":79,"power":0,"fibre":2,"community":94,"dSub":5623,"dDc":4876,"cx":103.728299,"cy":1.281141}},{"type":"Feature","geometry":{"type":"Polygon","coordinates":[[[103.729557,1.277886],[103.731534,1.277886],[103.731534,1.279875],[103.729557,1.279875],[103.729557,1.277886]]]},"properties":{"id":"c55_27","score":53.9,"land":100,"power":0,"fibre":0,"community":94,"dSub":5641,"dDc":5225,"cx":103.730545,"cy":1.278881}},{"type":"Feature","geometry":{"type":"Polygon","coordinates":[[[103.729557,1.271103],[103.731534,1.271103],[103.731534,1.273093],[103.729557,1.273093],[103.729557,1.271103]]]},"properties":{"id":"c55_24","score":52.1,"land":100,"power":0,"fibre":0,"community":86,"dSub":6232,"dDc":5849,"cx":103.730545,"cy":1.272098}},{"type":"Feature","geometry":{"type":"Polygon","coordinates":[[[103.716078,1.26432],[103.718055,1.26432],[103.718055,1.26631],[103.716078,1.26631],[103.716078,1.26432]]]},"properties":{"id":"c49_21","score":55.0,"land":100,"power":0,"fibre":0,"community":100,"dSub":7757,"dDc":5941,"cx":103.717067,"cy":1.265315}},{"type":"Feature","geometry":{"type":"Polygon","coordinates":[[[103.720571,1.266581],[103.722548,1.266581],[103.722548,1.268571],[103.720571,1.268571],[103.720571,1.266581]]]},"properties":{"id":"c51_22","score":54.8,"land":100,"power":0,"fibre":0,"community":99,"dSub":7241,"dDc":5858,"cx":103.72156,"cy":1.267576}},{"type":"Feature","geometry":{"type":"Polygon","coordinates":[[[103.718325,1.262059],[103.720302,1.262059],[103.720302,1.264049],[103.718325,1.264049],[103.718325,1.262059]]]},"properties":{"id":"c50_20","score":54.9,"land":100,"power":0,"fibre":0,"community":100,"dSub":7786,"dDc":6251,"cx":103.719313,"cy":1.263054}},{"type":"Feature","geometry":{"type":"Polygon","coordinates":[[[103.713832,1.268842],[103.715809,1.268842],[103.715809,1.270832],[103.713832,1.270832],[103.713832,1.268842]]]},"properties":{"id":"c48_23","score":46.3,"land":77,"power":0,"fibre":0,"community":97,"dSub":7567,"dDc":5390,"cx":103.71482,"cy":1.269837}},{"type":"Feature","geometry":{"type":"Polygon","coordinates":[[[103.720571,1.273364],[103.722548,1.273364],[103.722548,1.275354],[103.720571,1.275354],[103.720571,1.273364]]]},"properties":{"id":"c51_25","score":55.0,"land":100,"power":0,"fibre":0,"community":100,"dSub":6684,"dDc":5163,"cx":103.72156,"cy":1.274359}},{"type":"Feature","geometry":{"type":"Polygon","coordinates":[[[103.722818,1.271103],[103.724794,1.271103],[103.724794,1.273093],[103.722818,1.273093],[103.722818,1.271103]]]},"properties":{"id":"c52_24","score":54.5,"land":100,"power":0,"fibre":0,"community":98,"dSub":6699,"dDc":5493,"cx":103.723806,"cy":1.272098}},{"type":"Feature","geometry":{"type":"Polygon","coordinates":[[[103.722818,1.266581],[103.724794,1.266581],[103.724794,1.268571],[103.722818,1.268571],[103.722818,1.266581]]]},"properties":{"id":"c52_22","score":44.7,"land":71,"power":0,"fibre":0,"community":99,"dSub":7083,"dDc":5951,"cx":103.723806,"cy":1.267576}},{"type":"Feature","geometry":{"type":"Polygon","coordinates":[[[103.736296,1.329887],[103.738273,1.329887],[103.738273,1.331877],[103.736296,1.331877],[103.736296,1.329887]]]},"properties":{"id":"c58_50","score":67.0,"land":100,"power":0,"fibre":80,"community":81,"dSub":3244,"dDc":1022,"cx":103.737284,"cy":1.330882}},{"type":"Feature","geometry":{"type":"Polygon","coordinates":[[[103.704846,1.305017],[103.706823,1.305017],[103.706823,1.307007],[103.704846,1.307007],[103.704846,1.305017]]]},"properties":{"id":"c44_39","score":58.9,"land":70,"power":0,"fibre":75,"community":98,"dSub":6532,"dDc":1272,"cx":103.705835,"cy":1.306012}},{"type":"Feature","geometry":{"type":"Polygon","coordinates":[[[103.743035,1.43389],[103.745012,1.43389],[103.745012,1.435879],[103.743035,1.435879],[103.743035,1.43389]]]},"properties":{"id":"c61_96","score":40.7,"land":50,"power":0,"fibre":17,"community":99,"dSub":7533,"dDc":4136,"cx":103.744024,"cy":1.434885}},{"type":"Feature","geometry":{"type":"Polygon","coordinates":[[[103.763253,1.427107],[103.76523,1.427107],[103.76523,1.429097],[103.763253,1.429097],[103.763253,1.427107]]]},"properties":{"id":"c70_93","score":65.3,"land":100,"power":0,"fibre":51,"community":100,"dSub":6922,"dDc":2431,"cx":103.764241,"cy":1.428102}},{"type":"Feature","geometry":{"type":"Polygon","coordinates":[[[103.707093,1.273364],[103.70907,1.273364],[103.70907,1.275354],[103.707093,1.275354],[103.707093,1.273364]]]},"properties":{"id":"c45_25","score":51.5,"land":87,"power":0,"fibre":5,"community":100,"dSub":7803,"dDc":4739,"cx":103.708081,"cy":1.274359}},{"type":"Feature","geometry":{"type":"Polygon","coordinates":[[[103.7026,1.277886],[103.704577,1.277886],[103.704577,1.279875],[103.7026,1.279875],[103.7026,1.277886]]]},"properties":{"id":"c43_27","score":55.6,"land":97,"power":0,"fibre":16,"community":92,"dSub":7920,"dDc":4188,"cx":103.703588,"cy":1.278881}},{"type":"Feature","geometry":{"type":"Polygon","coordinates":[[[103.700354,1.282408],[103.70233,1.282408],[103.70233,1.284397],[103.700354,1.284397],[103.700354,1.282408]]]},"properties":{"id":"c42_29","score":58.4,"land":100,"power":0,"fibre":26,"community":91,"dSub":7879,"dDc":3682,"cx":103.701342,"cy":1.283402}},{"type":"Feature","geometry":{"type":"Polygon","coordinates":[[[103.698107,1.275625],[103.700084,1.275625],[103.700084,1.277614],[103.698107,1.277614],[103.698107,1.275625]]]},"properties":{"id":"c41_26","score":57.2,"land":100,"power":0,"fibre":11,"community":100,"dSub":8476,"dDc":4440,"cx":103.699096,"cy":1.27662}},{"type":"Feature","geometry":{"type":"Polygon","coordinates":[[[103.700354,1.275625],[103.70233,1.275625],[103.70233,1.277614],[103.700354,1.277614],[103.700354,1.275625]]]},"properties":{"id":"c42_26","score":57.2,"land":100,"power":0,"fibre":11,"community":99,"dSub":8266,"dDc":4432,"cx":103.701342,"cy":1.27662}},{"type":"Feature","geometry":{"type":"Polygon","coordinates":[[[103.711586,1.275625],[103.713562,1.275625],[103.713562,1.277614],[103.711586,1.277614],[103.711586,1.275625]]]},"properties":{"id":"c47_26","score":44.2,"land":81,"power":0,"fibre":8,"community":71,"dSub":7255,"dDc":4600,"cx":103.712574,"cy":1.27662}},{"type":"Feature","geometry":{"type":"Polygon","coordinates":[[[103.709339,1.282408],[103.711316,1.282408],[103.711316,1.284397],[103.709339,1.284397],[103.709339,1.282408]]]},"properties":{"id":"c46_29","score":51.2,"land":100,"power":0,"fibre":24,"community":57,"dSub":7019,"dDc":3811,"cx":103.710328,"cy":1.283402}},{"type":"Feature","geometry":{"type":"Polygon","coordinates":[[[103.761006,1.429368],[103.762983,1.429368],[103.762983,1.431358],[103.761006,1.431358],[103.761006,1.429368]]]},"properties":{"id":"c69_94","score":51.4,"land":61,"power":0,"fibre":51,"community":99,"dSub":7117,"dDc":2471,"cx":103.761995,"cy":1.430363}},{"type":"Feature","geometry":{"type":"Polygon","coordinates":[[[103.720571,1.284669],[103.722548,1.284669],[103.722548,1.286658],[103.720571,1.286658],[103.720571,1.284669]]]},"properties":{"id":"c51_30","score":53.2,"land":88,"power":0,"fibre":19,"community":93,"dSub":5851,"dDc":4048,"cx":103.72156,"cy":1.285663}},{"type":"Feature","geometry":{"type":"Polygon","coordinates":[[[103.718325,1.286929],[103.720302,1.286929],[103.720302,1.288919],[103.718325,1.288919],[103.718325,1.286929]]]},"properties":{"id":"c50_31","score":59.1,"land":100,"power":0,"fibre":26,"community":95,"dSub":5909,"dDc":3706,"cx":103.719313,"cy":1.287924}},{"type":"Feature","geometry":{"type":"Polygon","coordinates":[[[103.709339,1.320843],[103.711316,1.320843],[103.711316,1.322833],[103.709339,1.322833],[103.709339,1.320843]]]},"properties":{"id":"c46_46","score":56.7,"land":59,"power":0,"fibre":81,"community":99,"dSub":5919,"dDc":964,"cx":103.710328,"cy":1.321838}},{"type":"Feature","geometry":{"type":"Polygon","coordinates":[[[103.716078,1.323104],[103.718055,1.323104],[103.718055,1.325094],[103.716078,1.325094],[103.716078,1.323104]]]},"properties":{"id":"c49_47","score":68.0,"land":100,"power":0,"fibre":65,"community":100,"dSub":5199,"dDc":1742,"cx":103.717067,"cy":1.324099}},{"type":"Feature","geometry":{"type":"Polygon","coordinates":[[[103.709339,1.323104],[103.711316,1.323104],[103.711316,1.325094],[103.709339,1.325094],[103.709339,1.323104]]]},"properties":{"id":"c46_47","score":70.8,"land":100,"power":0,"fibre":79,"community":100,"dSub":5943,"dDc":1044,"cx":103.710328,"cy":1.324099}},{"type":"Feature","geometry":{"type":"Polygon","coordinates":[[[103.709339,1.314061],[103.711316,1.314061],[103.711316,1.31605],[103.709339,1.31605],[103.709339,1.314061]]]},"properties":{"id":"c46_43","score":65.4,"land":84,"power":0,"fibre":83,"community":98,"dSub":5910,"dDc":846,"cx":103.710328,"cy":1.315055}},{"type":"Feature","geometry":{"type":"Polygon","coordinates":[[[103.709339,1.255276],[103.711316,1.255276],[103.711316,1.257266],[103.709339,1.257266],[103.709339,1.255276]]]},"properties":{"id":"c46_17","score":46.2,"land":82,"power":0,"fibre":0,"community":88,"dSub":9003,"dDc":6754,"cx":103.710328,"cy":1.256271}},{"type":"Feature","geometry":{"type":"Polygon","coordinates":[[[103.707093,1.255276],[103.70907,1.255276],[103.70907,1.257266],[103.707093,1.257266],[103.707093,1.255276]]]},"properties":{"id":"c45_17","score":53.9,"land":100,"power":0,"fibre":0,"community":95,"dSub":9169,"dDc":6722,"cx":103.708081,"cy":1.256271}},{"type":"Feature","geometry":{"type":"Polygon","coordinates":[[[103.7026,1.257537],[103.704577,1.257537],[103.704577,1.259527],[103.7026,1.259527],[103.7026,1.257537]]]},"properties":{"id":"c43_18","score":55.0,"land":100,"power":0,"fibre":0,"community":100,"dSub":9335,"dDc":6436,"cx":103.703588,"cy":1.258532}},{"type":"Feature","geometry":{"type":"Polygon","coordinates":[[[103.704846,1.255276],[103.706823,1.255276],[103.706823,1.257266],[103.704846,1.257266],[103.704846,1.255276]]]},"properties":{"id":"c44_17","score":55.0,"land":100,"power":0,"fibre":0,"community":100,"dSub":9339,"dDc":6699,"cx":103.705835,"cy":1.256271}},{"type":"Feature","geometry":{"type":"Polygon","coordinates":[[[103.704846,1.253016],[103.706823,1.253016],[103.706823,1.255005],[103.704846,1.255005],[103.704846,1.253016]]]},"properties":{"id":"c44_16","score":55.0,"land":100,"power":0,"fibre":0,"community":100,"dSub":9522,"dDc":6949,"cx":103.705835,"cy":1.25401}},{"type":"Feature","geometry":{"type":"Polygon","coordinates":[[[103.7026,1.253016],[103.704577,1.253016],[103.704577,1.255005],[103.7026,1.255005],[103.7026,1.253016]]]},"properties":{"id":"c43_16","score":55.0,"land":100,"power":0,"fibre":0,"community":100,"dSub":9692,"dDc":6936,"cx":103.703588,"cy":1.25401}},{"type":"Feature","geometry":{"type":"Polygon","coordinates":[[[103.7026,1.255276],[103.704577,1.255276],[103.704577,1.257266],[103.7026,1.257266],[103.7026,1.255276]]]},"properties":{"id":"c43_17","score":55.0,"land":100,"power":0,"fibre":0,"community":100,"dSub":9512,"dDc":6686,"cx":103.703588,"cy":1.256271}},{"type":"Feature","geometry":{"type":"Polygon","coordinates":[[[103.700354,1.255276],[103.70233,1.255276],[103.70233,1.257266],[103.700354,1.257266],[103.700354,1.255276]]]},"properties":{"id":"c42_17","score":55.0,"land":100,"power":0,"fibre":0,"community":100,"dSub":9688,"dDc":6682,"cx":103.701342,"cy":1.256271}},{"type":"Feature","geometry":{"type":"Polygon","coordinates":[[[103.713832,1.28919],[103.715809,1.28919],[103.715809,1.29118],[103.713832,1.29118],[103.713832,1.28919]]]},"properties":{"id":"c48_32","score":57.6,"land":90,"power":0,"fibre":35,"community":96,"dSub":6203,"dDc":3259,"cx":103.71482,"cy":1.290185}},{"type":"Feature","geometry":{"type":"Polygon","coordinates":[[[103.711586,1.28919],[103.713562,1.28919],[103.713562,1.29118],[103.711586,1.29118],[103.711586,1.28919]]]},"properties":{"id":"c47_32","score":41.4,"land":44,"power":0,"fibre":37,"community":94,"dSub":6422,"dDc":3166,"cx":103.712574,"cy":1.290185}},{"type":"Feature","geometry":{"type":"Polygon","coordinates":[[[103.709339,1.291451],[103.711316,1.291451],[103.711316,1.293441],[103.709339,1.293441],[103.709339,1.291451]]]},"properties":{"id":"c46_33","score":61.7,"land":100,"power":0,"fibre":43,"community":91,"dSub":6532,"dDc":2851,"cx":103.710328,"cy":1.292446}},{"type":"Feature","geometry":{"type":"Polygon","coordinates":[[[103.711586,1.291451],[103.713562,1.291451],[103.713562,1.293441],[103.711586,1.293441],[103.711586,1.291451]]]},"properties":{"id":"c47_33","score":62.5,"land":100,"power":0,"fibre":41,"community":96,"dSub":6307,"dDc":2932,"cx":103.712574,"cy":1.292446}},{"type":"Feature","geometry":{"type":"Polygon","coordinates":[[[103.720571,1.286929],[103.722548,1.286929],[103.722548,1.288919],[103.720571,1.288919],[103.720571,1.286929]]]},"properties":{"id":"c51_31","score":44.9,"land":59,"power":0,"fibre":23,"community":97,"dSub":5703,"dDc":3835,"cx":103.72156,"cy":1.287924}},{"type":"Feature","geometry":{"type":"Polygon","coordinates":[[[103.718325,1.277886],[103.720302,1.277886],[103.720302,1.279875],[103.718325,1.279875],[103.718325,1.277886]]]},"properties":{"id":"c50_27","score":56.2,"land":100,"power":0,"fibre":8,"community":98,"dSub":6520,"dDc":4605,"cx":103.719313,"cy":1.278881}},{"type":"Feature","geometry":{"type":"Polygon","coordinates":[[[103.716078,1.277886],[103.718055,1.277886],[103.718055,1.279875],[103.716078,1.279875],[103.716078,1.277886]]]},"properties":{"id":"c49_27","score":46.5,"land":74,"power":0,"fibre":10,"community":93,"dSub":6710,"dDc":4512,"cx":103.717067,"cy":1.278881}},{"type":"Feature","geometry":{"type":"Polygon","coordinates":[[[103.716078,1.275625],[103.718055,1.275625],[103.718055,1.277614],[103.716078,1.277614],[103.716078,1.275625]]]},"properties":{"id":"c49_26","score":55.7,"land":100,"power":0,"fibre":5,"community":98,"dSub":6873,"dDc":4747,"cx":103.717067,"cy":1.27662}},{"type":"Feature","geometry":{"type":"Polygon","coordinates":[[[103.711586,1.280147],[103.713562,1.280147],[103.713562,1.282136],[103.711586,1.282136],[103.711586,1.280147]]]},"properties":{"id":"c47_28","score":54.6,"land":100,"power":0,"fibre":18,"community":81,"dSub":6953,"dDc":4121,"cx":103.712574,"cy":1.281141}},{"type":"Feature","geometry":{"type":"Polygon","coordinates":[[[103.716078,1.280147],[103.718055,1.280147],[103.718055,1.282136],[103.716078,1.282136],[103.716078,1.280147]]]},"properties":{"id":"c49_28","score":41.3,"land":58,"power":0,"fibre":14,"community":90,"dSub":6553,"dDc":4278,"cx":103.717067,"cy":1.281141}},{"type":"Feature","geometry":{"type":"Polygon","coordinates":[[[103.709339,1.28919],[103.711316,1.28919],[103.711316,1.29118],[103.709339,1.29118],[103.709339,1.28919]]]},"properties":{"id":"c46_32","score":55.6,"land":100,"power":0,"fibre":38,"community":65,"dSub":6643,"dDc":3091,"cx":103.710328,"cy":1.290185}},{"type":"Feature","geometry":{"type":"Polygon","coordinates":[[[103.772238,1.320843],[103.774215,1.320843],[103.774215,1.322833],[103.772238,1.322833],[103.772238,1.320843]]]},"properties":{"id":"c74_46","score":56.8,"land":74,"power":60,"fibre":38,"community":41,"dSub":1187,"dDc":3108,"cx":103.773227,"cy":1.321838}},{"type":"Feature","geometry":{"type":"Polygon","coordinates":[[[103.740789,1.36154],[103.742766,1.36154],[103.742766,1.36353],[103.740789,1.36353],[103.740789,1.36154]]]},"properties":{"id":"c60_64","score":54.7,"land":44,"power":64,"fibre":66,"community":51,"dSub":1085,"dDc":1710,"cx":103.741777,"cy":1.362535}},{"type":"Feature","geometry":{"type":"Polygon","coordinates":[[[103.722818,1.26432],[103.724794,1.26432],[103.724794,1.26631],[103.722818,1.26631],[103.722818,1.26432]]]},"properties":{"id":"c52_21","score":46.8,"land":77,"power":0,"fibre":0,"community":99,"dSub":7281,"dDc":6182,"cx":103.723806,"cy":1.265315}},{"type":"Feature","geometry":{"type":"Polygon","coordinates":[[[103.698107,1.309539],[103.700084,1.309539],[103.700084,1.311528],[103.698107,1.311528],[103.698107,1.309539]]]},"properties":{"id":"c41_41","score":71.6,"land":100,"power":0,"fibre":85,"community":97,"dSub":7196,"dDc":731,"cx":103.699096,"cy":1.310534}},{"type":"Feature","geometry":{"type":"Polygon","coordinates":[[[103.695861,1.271103],[103.697838,1.271103],[103.697838,1.273093],[103.695861,1.273093],[103.695861,1.271103]]]},"properties":{"id":"c40_24","score":55.2,"land":100,"power":0,"fibre":1,"community":100,"dSub":8960,"dDc":4958,"cx":103.696849,"cy":1.272098}},{"type":"Feature","geometry":{"type":"Polygon","coordinates":[[[103.778978,1.345714],[103.780955,1.345714],[103.780955,1.347703],[103.778978,1.347703],[103.778978,1.345714]]]},"properties":{"id":"c77_57","score":47.6,"land":74,"power":0,"fibre":13,"community":95,"dSub":3696,"dDc":4333,"cx":103.779966,"cy":1.346708}},{"type":"Feature","geometry":{"type":"Polygon","coordinates":[[[103.704846,1.357018],[103.706823,1.357018],[103.706823,1.359008],[103.704846,1.359008],[103.704846,1.357018]]]},"properties":{"id":"c44_62","score":65.6,"land":100,"power":0,"fibre":53,"community":100,"dSub":5063,"dDc":2359,"cx":103.705835,"cy":1.358013}},{"type":"Feature","geometry":{"type":"Polygon","coordinates":[[[103.75876,1.422585],[103.760737,1.422585],[103.760737,1.424575],[103.75876,1.424575],[103.75876,1.422585]]]},"properties":{"id":"c68_91","score":60.5,"land":97,"power":0,"fibre":37,"community":95,"dSub":6335,"dDc":3138,"cx":103.759749,"cy":1.42358}},{"type":"Feature","geometry":{"type":"Polygon","coordinates":[[[103.767746,1.295973],[103.769723,1.295973],[103.769723,1.297963],[103.767746,1.297963],[103.767746,1.295973]]]},"properties":{"id":"c72_35","score":46.0,"land":51,"power":21,"fibre":53,"community":62,"dSub":2376,"dDc":2339,"cx":103.768734,"cy":1.296968}},{"type":"Feature","geometry":{"type":"Polygon","coordinates":[[[103.718325,1.418063],[103.720302,1.418063],[103.720302,1.420053],[103.718325,1.420053],[103.718325,1.418063]]]},"properties":{"id":"c50_89","score":40.8,"land":67,"power":0,"fibre":0,"community":87,"dSub":6712,"dDc":6783,"cx":103.719313,"cy":1.419058}},{"type":"Feature","geometry":{"type":"Polygon","coordinates":[[[103.72731,1.377367],[103.729287,1.377367],[103.729287,1.379356],[103.72731,1.379356],[103.72731,1.377367]]]},"properties":{"id":"c54_71","score":43.2,"land":40,"power":8,"fibre":55,"community":81,"dSub":2762,"dDc":2233,"cx":103.728299,"cy":1.378361}},{"type":"Feature","geometry":{"type":"Polygon","coordinates":[[[103.740789,1.411281],[103.742766,1.411281],[103.742766,1.41327],[103.740789,1.41327],[103.740789,1.411281]]]},"properties":{"id":"c60_86","score":55.0,"land":100,"power":0,"fibre":0,"community":100,"dSub":5092,"dDc":5471,"cx":103.741777,"cy":1.412275}},{"type":"Feature","geometry":{"type":"Polygon","coordinates":[[[103.700354,1.422585],[103.70233,1.422585],[103.70233,1.424575],[103.700354,1.424575],[103.700354,1.422585]]]},"properties":{"id":"c42_91","score":50.2,"land":100,"power":0,"fibre":0,"community":76,"dSub":8301,"dDc":7773,"cx":103.701342,"cy":1.42358}},{"type":"Feature","geometry":{"type":"Polygon","coordinates":[[[103.7026,1.379628],[103.704577,1.379628],[103.704577,1.381617],[103.7026,1.381617],[103.7026,1.379628]]]},"properties":{"id":"c43_72","score":56.8,"land":100,"power":0,"fibre":28,"community":81,"dSub":5425,"dDc":3598,"cx":103.703588,"cy":1.380622}},{"type":"Feature","geometry":{"type":"Polygon","coordinates":[[[103.700354,1.314061],[103.70233,1.314061],[103.70233,1.31605],[103.700354,1.31605],[103.700354,1.314061]]]},"properties":{"id":"c42_43","score":74.0,"land":100,"power":0,"fibre":96,"community":99,"dSub":6908,"dDc":182,"cx":103.701342,"cy":1.315055}},{"type":"Feature","geometry":{"type":"Polygon","coordinates":[[[103.695861,1.3118],[103.697838,1.3118],[103.697838,1.313789],[103.695861,1.313789],[103.695861,1.3118]]]},"properties":{"id":"c40_42","score":72.3,"land":100,"power":0,"fibre":87,"community":100,"dSub":7422,"dDc":672,"cx":103.696849,"cy":1.312794}},{"type":"Feature","geometry":{"type":"Polygon","coordinates":[[[103.716078,1.420324],[103.718055,1.420324],[103.718055,1.422314],[103.716078,1.422314],[103.716078,1.420324]]]},"properties":{"id":"c49_90","score":50.7,"land":95,"power":0,"fibre":0,"community":87,"dSub":7056,"dDc":7066,"cx":103.717067,"cy":1.421319}},{"type":"Feature","geometry":{"type":"Polygon","coordinates":[[[103.716078,1.418063],[103.718055,1.418063],[103.718055,1.420053],[103.716078,1.420053],[103.716078,1.418063]]]},"properties":{"id":"c49_89","score":40.2,"land":65,"power":0,"fibre":0,"community":86,"dSub":6844,"dDc":6819,"cx":103.717067,"cy":1.419058}},{"type":"Feature","geometry":{"type":"Polygon","coordinates":[[[103.729557,1.379628],[103.731534,1.379628],[103.731534,1.381617],[103.729557,1.381617],[103.729557,1.379628]]]},"properties":{"id":"c55_72","score":44.3,"land":45,"power":11,"fibre":50,"community":80,"dSub":2673,"dDc":2509,"cx":103.730545,"cy":1.380622}},{"type":"Feature","geometry":{"type":"Polygon","coordinates":[[[103.73405,1.316322],[103.736027,1.316322],[103.736027,1.318311],[103.73405,1.318311],[103.73405,1.316322]]]},"properties":{"id":"c57_44","score":67.2,"land":100,"power":0,"fibre":67,"community":94,"dSub":3152,"dDc":1669,"cx":103.735038,"cy":1.317316}},{"type":"Feature","geometry":{"type":"Polygon","coordinates":[[[103.743035,1.438412],[103.745012,1.438412],[103.745012,1.440401],[103.743035,1.440401],[103.743035,1.438412]]]},"properties":{"id":"c61_98","score":58.5,"land":100,"power":0,"fibre":19,"community":99,"dSub":8031,"dDc":4057,"cx":103.744024,"cy":1.439407}},{"type":"Feature","geometry":{"type":"Polygon","coordinates":[[[103.725064,1.436151],[103.727041,1.436151],[103.727041,1.43814],[103.725064,1.43814],[103.725064,1.436151]]]},"properties":{"id":"c53_97","score":44.8,"land":77,"power":0,"fibre":0,"community":90,"dSub":8211,"dDc":6073,"cx":103.726052,"cy":1.437146}},{"type":"Feature","geometry":{"type":"Polygon","coordinates":[[[103.700354,1.253016],[103.70233,1.253016],[103.70233,1.255005],[103.700354,1.255005],[103.700354,1.253016]]]},"properties":{"id":"c42_16","score":55.0,"land":100,"power":0,"fibre":0,"community":100,"dSub":9866,"dDc":6932,"cx":103.701342,"cy":1.25401}},{"type":"Feature","geometry":{"type":"Polygon","coordinates":[[[103.711586,1.352496],[103.713562,1.352496],[103.713562,1.354486],[103.711586,1.354486],[103.711586,1.352496]]]},"properties":{"id":"c47_60","score":64.8,"land":100,"power":0,"fibre":66,"community":83,"dSub":4472,"dDc":1691,"cx":103.712574,"cy":1.353491}},{"type":"Feature","geometry":{"type":"Polygon","coordinates":[[[103.700354,1.357018],[103.70233,1.357018],[103.70233,1.359008],[103.700354,1.359008],[103.700354,1.357018]]]},"properties":{"id":"c42_62","score":62.0,"land":100,"power":0,"fibre":43,"community":92,"dSub":5554,"dDc":2859,"cx":103.701342,"cy":1.358013}},{"type":"Feature","geometry":{"type":"Polygon","coordinates":[[[103.7026,1.357018],[103.704577,1.357018],[103.704577,1.359008],[103.7026,1.359008],[103.7026,1.357018]]]},"properties":{"id":"c43_62","score":64.0,"land":100,"power":0,"fibre":48,"community":97,"dSub":5308,"dDc":2609,"cx":103.703588,"cy":1.358013}},{"type":"Feature","geometry":{"type":"Polygon","coordinates":[[[103.7026,1.354757],[103.704577,1.354757],[103.704577,1.356747],[103.7026,1.356747],[103.7026,1.354757]]]},"properties":{"id":"c43_61","score":61.3,"land":100,"power":0,"fibre":48,"community":84,"dSub":5361,"dDc":2623,"cx":103.703588,"cy":1.355752}},{"type":"Feature","geometry":{"type":"Polygon","coordinates":[[[103.718325,1.440673],[103.720302,1.440673],[103.720302,1.442662],[103.718325,1.442662],[103.718325,1.440673]]]},"properties":{"id":"c50_99","score":41.9,"land":80,"power":0,"fibre":0,"community":70,"dSub":8947,"dDc":6790,"cx":103.719313,"cy":1.441667}},{"type":"Feature","geometry":{"type":"Polygon","coordinates":[[[103.704846,1.377367],[103.706823,1.377367],[103.706823,1.379356],[103.704846,1.379356],[103.704846,1.377367]]]},"properties":{"id":"c44_71","score":61.3,"land":100,"power":0,"fibre":35,"community":96,"dSub":5118,"dDc":3245,"cx":103.705835,"cy":1.378361}},{"type":"Feature","geometry":{"type":"Polygon","coordinates":[[[103.725064,1.284669],[103.727041,1.284669],[103.727041,1.286658],[103.725064,1.286658],[103.725064,1.284669]]]},"properties":{"id":"c53_30","score":56.8,"land":100,"power":0,"fibre":14,"community":96,"dSub":5462,"dDc":4324,"cx":103.726052,"cy":1.285663}},{"type":"Feature","geometry":{"type":"Polygon","coordinates":[[[103.722818,1.284669],[103.724794,1.284669],[103.724794,1.286658],[103.722818,1.286658],[103.722818,1.284669]]]},"properties":{"id":"c52_30","score":57.3,"land":100,"power":0,"fibre":16,"community":95,"dSub":5655,"dDc":4181,"cx":103.723806,"cy":1.285663}},{"type":"Feature","geometry":{"type":"Polygon","coordinates":[[[103.747528,1.370584],[103.749505,1.370584],[103.749505,1.372573],[103.747528,1.372573],[103.747528,1.370584]]]},"properties":{"id":"c63_68","score":53.0,"land":29,"power":82,"fibre":44,"community":67,"dSub":543,"dDc":2811,"cx":103.748516,"cy":1.371579}},{"type":"Feature","geometry":{"type":"Polygon","coordinates":[[[103.720571,1.375106],[103.722548,1.375106],[103.722548,1.377095],[103.720571,1.377095],[103.720571,1.375106]]]},"properties":{"id":"c51_70","score":65.2,"land":100,"power":0,"fibre":59,"community":92,"dSub":3365,"dDc":2070,"cx":103.72156,"cy":1.376101}},{"type":"Feature","geometry":{"type":"Polygon","coordinates":[[[103.718325,1.411281],[103.720302,1.411281],[103.720302,1.41327],[103.718325,1.41327],[103.718325,1.411281]]]},"properties":{"id":"c50_86","score":55.0,"land":100,"power":0,"fibre":0,"community":100,"dSub":6082,"dDc":6039,"cx":103.719313,"cy":1.412275}},{"type":"Feature","geometry":{"type":"Polygon","coordinates":[[[103.7026,1.268842],[103.704577,1.268842],[103.704577,1.270832],[103.7026,1.270832],[103.7026,1.268842]]]},"properties":{"id":"c43_23","score":55.0,"land":100,"power":0,"fibre":0,"community":100,"dSub":8505,"dDc":5187,"cx":103.703588,"cy":1.269837}},{"type":"Feature","geometry":{"type":"Polygon","coordinates":[[[103.778978,1.404498],[103.780955,1.404498],[103.780955,1.406487],[103.778978,1.406487],[103.778978,1.404498]]]},"properties":{"id":"c77_83","score":53.0,"land":82,"power":0,"fibre":33,"community":89,"dSub":5133,"dDc":3335,"cx":103.779966,"cy":1.405493}},{"type":"Feature","geometry":{"type":"Polygon","coordinates":[[[103.778978,1.406759],[103.780955,1.406759],[103.780955,1.408748],[103.778978,1.408748],[103.778978,1.406759]]]},"properties":{"id":"c77_84","score":46.8,"land":66,"power":0,"fibre":37,"community":82,"dSub":5246,"dDc":3143,"cx":103.779966,"cy":1.407754}},{"type":"Feature","geometry":{"type":"Polygon","coordinates":[[[103.72731,1.316322],[103.729287,1.316322],[103.729287,1.318311],[103.72731,1.318311],[103.72731,1.316322]]]},"properties":{"id":"c54_44","score":65.6,"land":100,"power":0,"fibre":55,"community":99,"dSub":3902,"dDc":2273,"cx":103.728299,"cy":1.317316}},{"type":"Feature","geometry":{"type":"Polygon","coordinates":[[[103.718325,1.332148],[103.720302,1.332148],[103.720302,1.334138],[103.718325,1.334138],[103.718325,1.332148]]]},"properties":{"id":"c50_51","score":61.9,"land":100,"power":0,"fibre":52,"community":82,"dSub":5105,"dDc":2386,"cx":103.719313,"cy":1.333143}},{"type":"Feature","geometry":{"type":"Polygon","coordinates":[[[103.738542,1.36154],[103.740519,1.36154],[103.740519,1.36353],[103.738542,1.36353],[103.738542,1.36154]]]},"properties":{"id":"c59_64","score":53.4,"land":45,"power":56,"fibre":71,"community":47,"dSub":1312,"dDc":1471,"cx":103.739531,"cy":1.362535}},{"type":"Feature","geometry":{"type":"Polygon","coordinates":[[[103.785717,1.262059],[103.787694,1.262059],[103.787694,1.264049],[103.785717,1.264049],[103.785717,1.262059]]]},"properties":{"id":"c80_20","score":70.9,"land":100,"power":40,"fibre":29,"community":100,"dSub":1786,"dDc":3556,"cx":103.786705,"cy":1.263054}},{"type":"Feature","geometry":{"type":"Polygon","coordinates":[[[103.725064,1.357018],[103.727041,1.357018],[103.727041,1.359008],[103.725064,1.359008],[103.725064,1.357018]]]},"properties":{"id":"c53_62","score":42.8,"land":44,"power":4,"fibre":98,"community":35,"dSub":2892,"dDc":111,"cx":103.726052,"cy":1.358013}},{"type":"Feature","geometry":{"type":"Polygon","coordinates":[[[103.704846,1.370584],[103.706823,1.370584],[103.706823,1.372573],[103.704846,1.372573],[103.704846,1.370584]]]},"properties":{"id":"c44_68","score":63.6,"land":100,"power":0,"fibre":44,"community":99,"dSub":4988,"dDc":2783,"cx":103.705835,"cy":1.371579}},{"type":"Feature","geometry":{"type":"Polygon","coordinates":[[[103.711586,1.388671],[103.713562,1.388671],[103.713562,1.390661],[103.711586,1.390661],[103.711586,1.388671]]]},"properties":{"id":"c47_76","score":59.7,"land":100,"power":0,"fibre":23,"community":100,"dSub":4899,"dDc":3832,"cx":103.712574,"cy":1.389666}},{"type":"Feature","geometry":{"type":"Polygon","coordinates":[[[103.713832,1.390932],[103.715809,1.390932],[103.715809,1.392922],[103.713832,1.392922],[103.713832,1.390932]]]},"properties":{"id":"c48_77","score":57.2,"land":100,"power":0,"fibre":21,"community":90,"dSub":4824,"dDc":3968,"cx":103.71482,"cy":1.391927}},{"type":"Feature","geometry":{"type":"Polygon","coordinates":[[[103.704846,1.397715],[103.706823,1.397715],[103.706823,1.399705],[103.704846,1.399705],[103.704846,1.397715]]]},"properties":{"id":"c44_80","score":54.1,"land":100,"power":0,"fibre":0,"community":96,"dSub":6073,"dDc":5061,"cx":103.705835,"cy":1.39871}},{"type":"Feature","geometry":{"type":"Polygon","coordinates":[[[103.704846,1.399976],[103.706823,1.399976],[103.706823,1.401966],[103.704846,1.401966],[103.704846,1.399976]]]},"properties":{"id":"c44_81","score":53.9,"land":100,"power":0,"fibre":0,"community":95,"dSub":6220,"dDc":5284,"cx":103.705835,"cy":1.400971}},{"type":"Feature","geometry":{"type":"Polygon","coordinates":[[[103.716078,1.314061],[103.718055,1.314061],[103.718055,1.31605],[103.716078,1.31605],[103.716078,1.314061]]]},"properties":{"id":"c49_43","score":68.3,"land":100,"power":0,"fibre":68,"community":98,"dSub":5161,"dDc":1581,"cx":103.717067,"cy":1.315055}},{"type":"Feature","geometry":{"type":"Polygon","coordinates":[[[103.745282,1.357018],[103.747259,1.357018],[103.747259,1.359008],[103.745282,1.359008],[103.745282,1.357018]]]},"properties":{"id":"c62_62","score":43.3,"land":29,"power":63,"fibre":57,"community":30,"dSub":1102,"dDc":2142,"cx":103.74627,"cy":1.358013}},{"type":"Feature","geometry":{"type":"Polygon","coordinates":[[[103.731803,1.332148],[103.73378,1.332148],[103.73378,1.334138],[103.731803,1.334138],[103.731803,1.332148]]]},"properties":{"id":"c56_51","score":55.6,"land":68,"power":0,"fibre":68,"community":90,"dSub":3803,"dDc":1579,"cx":103.732792,"cy":1.333143}},{"type":"Feature","geometry":{"type":"Polygon","coordinates":[[[103.731803,1.33667],[103.73378,1.33667],[103.73378,1.33866],[103.731803,1.33866],[103.731803,1.33667]]]},"properties":{"id":"c56_53","score":56.4,"land":100,"power":0,"fibre":63,"community":44,"dSub":3797,"dDc":1829,"cx":103.732792,"cy":1.337665}},{"type":"Feature","geometry":{"type":"Polygon","coordinates":[[[103.794703,1.271103],[103.796679,1.271103],[103.796679,1.273093],[103.794703,1.273093],[103.794703,1.271103]]]},"properties":{"id":"c84_24","score":81.3,"land":91,"power":85,"fibre":47,"community":94,"dSub":453,"dDc":2628,"cx":103.795691,"cy":1.272098}},{"type":"Feature","geometry":{"type":"Polygon","coordinates":[[[103.84637,1.318582],[103.848347,1.318582],[103.848347,1.320572],[103.84637,1.320572],[103.84637,1.318582]]]},"properties":{"id":"c107_45","score":42.3,"land":3,"power":76,"fibre":40,"community":72,"dSub":730,"dDc":2996,"cx":103.847358,"cy":1.319577}},{"type":"Feature","geometry":{"type":"Polygon","coordinates":[[[103.848616,1.307278],[103.850593,1.307278],[103.850593,1.309267],[103.848616,1.309267],[103.848616,1.307278]]]},"properties":{"id":"c108_40","score":45.4,"land":22,"power":63,"fibre":36,"community":73,"dSub":1108,"dDc":3185,"cx":103.849605,"cy":1.308273}},{"type":"Feature","geometry":{"type":"Polygon","coordinates":[[[103.841877,1.28919],[103.843854,1.28919],[103.843854,1.29118],[103.841877,1.29118],[103.841877,1.28919]]]},"properties":{"id":"c105_32","score":43.4,"land":76,"power":0,"fibre":0,"community":83,"dSub":3243,"dDc":5042,"cx":103.842865,"cy":1.290185}},{"type":"Feature","geometry":{"type":"Polygon","coordinates":[[[103.848616,1.318582],[103.850593,1.318582],[103.850593,1.320572],[103.848616,1.320572],[103.848616,1.318582]]]},"properties":{"id":"c108_45","score":43.9,"land":6,"power":83,"fibre":45,"community":61,"dSub":500,"dDc":2749,"cx":103.849605,"cy":1.319577}},{"type":"Feature","geometry":{"type":"Polygon","coordinates":[[[103.839631,1.332148],[103.841607,1.332148],[103.841607,1.334138],[103.839631,1.334138],[103.839631,1.332148]]]},"properties":{"id":"c104_51","score":40.2,"land":18,"power":67,"fibre":23,"community":63,"dSub":994,"dDc":3874,"cx":103.840619,"cy":1.333143}},{"type":"Feature","geometry":{"type":"Polygon","coordinates":[[[103.835138,1.332148],[103.837115,1.332148],[103.837115,1.334138],[103.835138,1.334138],[103.835138,1.332148]]]},"properties":{"id":"c102_51","score":54.5,"land":66,"power":80,"fibre":13,"community":45,"dSub":605,"dDc":4356,"cx":103.836126,"cy":1.333143}},{"type":"Feature","geometry":{"type":"Polygon","coordinates":[[[103.850863,1.341192],[103.852839,1.341192],[103.852839,1.343181],[103.850863,1.343181],[103.850863,1.341192]]]},"properties":{"id":"c109_55","score":40.6,"land":39,"power":47,"fibre":35,"community":41,"dSub":1583,"dDc":3234,"cx":103.851851,"cy":1.342187}},{"type":"Feature","geometry":{"type":"Polygon","coordinates":[[[103.79021,1.295973],[103.792187,1.295973],[103.792187,1.297963],[103.79021,1.297963],[103.79021,1.295973]]]},"properties":{"id":"c82_35","score":51.2,"land":32,"power":4,"fibre":98,"community":97,"dSub":2872,"dDc":100,"cx":103.791198,"cy":1.296968}},{"type":"Feature","geometry":{"type":"Polygon","coordinates":[[[103.808181,1.28919],[103.810158,1.28919],[103.810158,1.29118],[103.808181,1.29118],[103.808181,1.28919]]]},"properties":{"id":"c90_32","score":46.6,"land":47,"power":26,"fibre":57,"community":62,"dSub":2222,"dDc":2141,"cx":103.809169,"cy":1.290185}},{"type":"Feature","geometry":{"type":"Polygon","coordinates":[[[103.792456,1.277886],[103.794433,1.277886],[103.794433,1.279875],[103.792456,1.279875],[103.792456,1.277886]]]},"properties":{"id":"c83_27","score":47.6,"land":26,"power":67,"fibre":63,"community":46,"dSub":997,"dDc":1839,"cx":103.793445,"cy":1.278881}},{"type":"Feature","geometry":{"type":"Polygon","coordinates":[[[103.848616,1.316322],[103.850593,1.316322],[103.850593,1.318311],[103.848616,1.318311],[103.848616,1.316322]]]},"properties":{"id":"c108_44","score":41.2,"land":6,"power":85,"fibre":44,"community":45,"dSub":442,"dDc":2797,"cx":103.849605,"cy":1.317316}},{"type":"Feature","geometry":{"type":"Polygon","coordinates":[[[103.837384,1.271103],[103.839361,1.271103],[103.839361,1.273093],[103.837384,1.273093],[103.837384,1.271103]]]},"properties":{"id":"c103_24","score":47.1,"land":100,"power":0,"fibre":0,"community":61,"dSub":4299,"dDc":5918,"cx":103.838373,"cy":1.272098}},{"type":"Feature","geometry":{"type":"Polygon","coordinates":[[[103.801442,1.273364],[103.803419,1.273364],[103.803419,1.275354],[103.801442,1.275354],[103.801442,1.273364]]]},"properties":{"id":"c87_25","score":56.2,"land":16,"power":88,"fibre":46,"community":96,"dSub":365,"dDc":2695,"cx":103.80243,"cy":1.274359}},{"type":"Feature","geometry":{"type":"Polygon","coordinates":[[[103.799195,1.277886],[103.801172,1.277886],[103.801172,1.279875],[103.799195,1.279875],[103.799195,1.277886]]]},"properties":{"id":"c86_27","score":49.0,"land":0,"power":76,"fibre":57,"community":92,"dSub":711,"dDc":2139,"cx":103.800184,"cy":1.278881}},{"type":"Feature","geometry":{"type":"Polygon","coordinates":[[[103.792456,1.275625],[103.794433,1.275625],[103.794433,1.277614],[103.792456,1.277614],[103.792456,1.275625]]]},"properties":{"id":"c83_26","score":42.2,"land":1,"power":72,"fibre":58,"community":62,"dSub":838,"dDc":2083,"cx":103.793445,"cy":1.27662}},{"type":"Feature","geometry":{"type":"Polygon","coordinates":[[[103.794703,1.275625],[103.796679,1.275625],[103.796679,1.277614],[103.794703,1.277614],[103.794703,1.275625]]]},"properties":{"id":"c84_26","score":52.3,"land":15,"power":79,"fibre":57,"community":80,"dSub":644,"dDc":2148,"cx":103.795691,"cy":1.27662}},{"type":"Feature","geometry":{"type":"Polygon","coordinates":[[[103.796949,1.275625],[103.798926,1.275625],[103.798926,1.277614],[103.796949,1.277614],[103.796949,1.275625]]]},"properties":{"id":"c85_26","score":76.7,"land":75,"power":83,"fibre":55,"community":94,"dSub":502,"dDc":2239,"cx":103.797937,"cy":1.27662}},{"type":"Feature","geometry":{"type":"Polygon","coordinates":[[[103.792456,1.280147],[103.794433,1.280147],[103.794433,1.282136],[103.792456,1.282136],[103.792456,1.280147]]]},"properties":{"id":"c83_28","score":41.9,"land":16,"power":60,"fibre":68,"community":38,"dSub":1188,"dDc":1597,"cx":103.793445,"cy":1.281141}},{"type":"Feature","geometry":{"type":"Polygon","coordinates":[[[103.828399,1.271103],[103.830375,1.271103],[103.830375,1.273093],[103.828399,1.273093],[103.828399,1.271103]]]},"properties":{"id":"c99_24","score":43.2,"land":74,"power":0,"fibre":0,"community":86,"dSub":3299,"dDc":5045,"cx":103.829387,"cy":1.272098}},{"type":"Feature","geometry":{"type":"Polygon","coordinates":[[[103.830645,1.271103],[103.832622,1.271103],[103.832622,1.273093],[103.830645,1.273093],[103.830645,1.271103]]]},"properties":{"id":"c100_24","score":53.4,"land":99,"power":0,"fibre":0,"community":93,"dSub":3549,"dDc":5259,"cx":103.831633,"cy":1.272098}},{"type":"Feature","geometry":{"type":"Polygon","coordinates":[[[103.826152,1.268842],[103.828129,1.268842],[103.828129,1.270832],[103.826152,1.270832],[103.826152,1.268842]]]},"properties":{"id":"c98_23","score":51.9,"land":100,"power":0,"fibre":0,"community":84,"dSub":3063,"dDc":4976,"cx":103.827141,"cy":1.269837}},{"type":"Feature","geometry":{"type":"Polygon","coordinates":[[[103.805935,1.286929],[103.807911,1.286929],[103.807911,1.288919],[103.805935,1.288919],[103.805935,1.286929]]]},"properties":{"id":"c89_31","score":45.6,"land":35,"power":37,"fibre":60,"community":60,"dSub":1887,"dDc":2005,"cx":103.806923,"cy":1.287924}},{"type":"Feature","geometry":{"type":"Polygon","coordinates":[[[103.805935,1.28919],[103.807911,1.28919],[103.807911,1.29118],[103.805935,1.29118],[103.805935,1.28919]]]},"properties":{"id":"c89_32","score":47.9,"land":51,"power":29,"fibre":62,"community":51,"dSub":2116,"dDc":1905,"cx":103.806923,"cy":1.290185}},{"type":"Feature","geometry":{"type":"Polygon","coordinates":[[[103.810427,1.291451],[103.812404,1.291451],[103.812404,1.293441],[103.810427,1.293441],[103.810427,1.291451]]]},"properties":{"id":"c91_33","score":55.6,"land":79,"power":15,"fibre":54,"community":68,"dSub":2563,"dDc":2324,"cx":103.811416,"cy":1.292446}},{"type":"Feature","geometry":{"type":"Polygon","coordinates":[[[103.812674,1.28919],[103.814651,1.28919],[103.814651,1.29118],[103.812674,1.29118],[103.812674,1.28919]]]},"properties":{"id":"c92_32","score":40.4,"land":41,"power":17,"fibre":48,"community":62,"dSub":2498,"dDc":2622,"cx":103.813662,"cy":1.290185}},{"type":"Feature","geometry":{"type":"Polygon","coordinates":[[[103.796949,1.277886],[103.798926,1.277886],[103.798926,1.279875],[103.796949,1.279875],[103.796949,1.277886]]]},"properties":{"id":"c85_27","score":75.9,"land":78,"power":75,"fibre":60,"community":90,"dSub":737,"dDc":2013,"cx":103.797937,"cy":1.278881}},{"type":"Feature","geometry":{"type":"Polygon","coordinates":[[[103.803688,1.275625],[103.805665,1.275625],[103.805665,1.277614],[103.803688,1.277614],[103.803688,1.275625]]]},"properties":{"id":"c88_26","score":60.1,"land":50,"power":76,"fibre":47,"community":71,"dSub":716,"dDc":2637,"cx":103.804677,"cy":1.27662}},{"type":"Feature","geometry":{"type":"Polygon","coordinates":[[[103.810427,1.280147],[103.812404,1.280147],[103.812404,1.282136],[103.810427,1.282136],[103.810427,1.280147]]]},"properties":{"id":"c91_28","score":54.7,"land":53,"power":46,"fibre":43,"community":79,"dSub":1615,"dDc":2825,"cx":103.811416,"cy":1.281141}},{"type":"Feature","geometry":{"type":"Polygon","coordinates":[[[103.810427,1.282408],[103.812404,1.282408],[103.812404,1.284397],[103.810427,1.284397],[103.810427,1.282408]]]},"properties":{"id":"c91_29","score":68.9,"land":96,"power":41,"fibre":46,"community":80,"dSub":1775,"dDc":2686,"cx":103.811416,"cy":1.283402}},{"type":"Feature","geometry":{"type":"Polygon","coordinates":[[[103.805935,1.282408],[103.807911,1.282408],[103.807911,1.284397],[103.805935,1.284397],[103.805935,1.282408]]]},"properties":{"id":"c89_29","score":72.4,"land":96,"power":52,"fibre":54,"community":75,"dSub":1449,"dDc":2275,"cx":103.806923,"cy":1.283402}},{"type":"Feature","geometry":{"type":"Polygon","coordinates":[[[103.81492,1.280147],[103.816897,1.280147],[103.816897,1.282136],[103.81492,1.282136],[103.81492,1.280147]]]},"properties":{"id":"c93_28","score":61.2,"land":100,"power":32,"fibre":35,"community":56,"dSub":2039,"dDc":3243,"cx":103.815909,"cy":1.281141}},{"type":"Feature","geometry":{"type":"Polygon","coordinates":[[[103.812674,1.280147],[103.814651,1.280147],[103.814651,1.282136],[103.812674,1.282136],[103.812674,1.280147]]]},"properties":{"id":"c92_28","score":53.3,"land":61,"power":39,"fibre":39,"community":72,"dSub":1822,"dDc":3031,"cx":103.813662,"cy":1.281141}},{"type":"Feature","geometry":{"type":"Polygon","coordinates":[[[103.819413,1.280147],[103.82139,1.280147],[103.82139,1.282136],[103.819413,1.282136],[103.819413,1.280147]]]},"properties":{"id":"c95_28","score":56.2,"land":100,"power":17,"fibre":26,"community":58,"dSub":2491,"dDc":3682,"cx":103.820401,"cy":1.281141}},{"type":"Feature","geometry":{"type":"Polygon","coordinates":[[[103.821659,1.280147],[103.823636,1.280147],[103.823636,1.282136],[103.821659,1.282136],[103.821659,1.280147]]]},"properties":{"id":"c96_28","score":47.8,"land":87,"power":9,"fibre":22,"community":54,"dSub":2723,"dDc":3907,"cx":103.822648,"cy":1.281141}},{"type":"Feature","geometry":{"type":"Polygon","coordinates":[[[103.799195,1.268842],[103.801172,1.268842],[103.801172,1.270832],[103.799195,1.270832],[103.799195,1.268842]]]},"properties":{"id":"c86_23","score":75.3,"land":73,"power":90,"fibre":39,"community":96,"dSub":295,"dDc":3026,"cx":103.800184,"cy":1.269837}},{"type":"Feature","geometry":{"type":"Polygon","coordinates":[[[103.812674,1.282408],[103.814651,1.282408],[103.814651,1.284397],[103.812674,1.284397],[103.812674,1.282408]]]},"properties":{"id":"c92_29","score":41.8,"land":28,"power":34,"fibre":42,"community":75,"dSub":1965,"dDc":2902,"cx":103.813662,"cy":1.283402}},{"type":"Feature","geometry":{"type":"Polygon","coordinates":[[[103.79021,1.305017],[103.792187,1.305017],[103.792187,1.307007],[103.79021,1.307007],[103.79021,1.305017]]]},"properties":{"id":"c82_39","score":47.9,"land":48,"power":0,"fibre":78,"community":78,"dSub":3359,"dDc":1093,"cx":103.791198,"cy":1.306012}},{"type":"Feature","geometry":{"type":"Polygon","coordinates":[[[103.853109,1.350235],[103.855086,1.350235],[103.855086,1.352225],[103.853109,1.352225],[103.853109,1.350235]]]},"properties":{"id":"c110_59","score":45.3,"land":50,"power":41,"fibre":33,"community":53,"dSub":1763,"dDc":3326,"cx":103.854097,"cy":1.35123}},{"type":"Feature","geometry":{"type":"Polygon","coordinates":[[[103.799195,1.284669],[103.801172,1.284669],[103.801172,1.286658],[103.799195,1.286658],[103.799195,1.284669]]]},"properties":{"id":"c86_30","score":49.0,"land":15,"power":51,"fibre":69,"community":86,"dSub":1460,"dDc":1555,"cx":103.800184,"cy":1.285663}},{"type":"Feature","geometry":{"type":"Polygon","coordinates":[[[103.808181,1.284669],[103.810158,1.284669],[103.810158,1.286658],[103.808181,1.286658],[103.808181,1.284669]]]},"properties":{"id":"c90_30","score":45.3,"land":28,"power":40,"fibre":53,"community":75,"dSub":1797,"dDc":2344,"cx":103.809169,"cy":1.285663}},{"type":"Feature","geometry":{"type":"Polygon","coordinates":[[[103.805935,1.284669],[103.807911,1.284669],[103.807911,1.286658],[103.805935,1.286658],[103.805935,1.284669]]]},"properties":{"id":"c89_30","score":42.5,"land":14,"power":45,"fibre":57,"community":75,"dSub":1664,"dDc":2130,"cx":103.806923,"cy":1.285663}},{"type":"Feature","geometry":{"type":"Polygon","coordinates":[[[103.817167,1.250755],[103.819143,1.250755],[103.819143,1.252744],[103.817167,1.252744],[103.817167,1.250755]]]},"properties":{"id":"c94_15","score":47.7,"land":87,"power":0,"fibre":0,"community":86,"dSub":3073,"dDc":5745,"cx":103.818155,"cy":1.251749}},{"type":"Feature","geometry":{"type":"Polygon","coordinates":[[[103.787963,1.295973],[103.78994,1.295973],[103.78994,1.297963],[103.787963,1.297963],[103.787963,1.295973]]]},"properties":{"id":"c81_35","score":58.9,"land":56,"power":1,"fibre":96,"community":99,"dSub":2964,"dDc":224,"cx":103.788952,"cy":1.296968}},{"type":"Feature","geometry":{"type":"Polygon","coordinates":[[[103.803688,1.271103],[103.805665,1.271103],[103.805665,1.273093],[103.803688,1.273093],[103.803688,1.271103]]]},"properties":{"id":"c88_24","score":60.5,"land":50,"power":82,"fibre":39,"community":73,"dSub":550,"dDc":3040,"cx":103.804677,"cy":1.272098}},{"type":"Feature","geometry":{"type":"Polygon","coordinates":[[[103.803688,1.273364],[103.805665,1.273364],[103.805665,1.275354],[103.803688,1.275354],[103.803688,1.273364]]]},"properties":{"id":"c88_25","score":60.5,"land":48,"power":80,"fibre":43,"community":75,"dSub":587,"dDc":2835,"cx":103.804677,"cy":1.274359}},{"type":"Feature","geometry":{"type":"Polygon","coordinates":[[[103.835138,1.327626],[103.837115,1.327626],[103.837115,1.329616],[103.835138,1.329616],[103.835138,1.327626]]]},"properties":{"id":"c102_49","score":50.8,"land":55,"power":88,"fibre":15,"community":33,"dSub":373,"dDc":4259,"cx":103.836126,"cy":1.328621}},{"type":"Feature","geometry":{"type":"Polygon","coordinates":[[[103.787963,1.293712],[103.78994,1.293712],[103.78994,1.295702],[103.787963,1.295702],[103.787963,1.293712]]]},"properties":{"id":"c81_34","score":60.5,"land":54,"power":9,"fibre":98,"community":99,"dSub":2737,"dDc":90,"cx":103.788952,"cy":1.294707}},{"type":"Feature","geometry":{"type":"Polygon","coordinates":[[[103.803688,1.284669],[103.805665,1.284669],[103.805665,1.286658],[103.803688,1.286658],[103.803688,1.284669]]]},"properties":{"id":"c88_30","score":58.7,"land":50,"power":48,"fibre":62,"community":84,"dSub":1559,"dDc":1925,"cx":103.804677,"cy":1.285663}},{"type":"Feature","geometry":{"type":"Polygon","coordinates":[[[103.850863,1.307278],[103.852839,1.307278],[103.852839,1.309267],[103.850863,1.309267],[103.850863,1.307278]]]},"properties":{"id":"c109_40","score":40.4,"land":6,"power":66,"fibre":41,"community":69,"dSub":1034,"dDc":2974,"cx":103.851851,"cy":1.308273}},{"type":"Feature","geometry":{"type":"Polygon","coordinates":[[[103.835138,1.350235],[103.837115,1.350235],[103.837115,1.352225],[103.835138,1.352225],[103.835138,1.350235]]]},"properties":{"id":"c102_59","score":41.1,"land":39,"power":84,"fibre":5,"community":28,"dSub":493,"dDc":4763,"cx":103.836126,"cy":1.35123}},{"type":"Feature","geometry":{"type":"Polygon","coordinates":[[[103.832891,1.250755],[103.834868,1.250755],[103.834868,1.252744],[103.832891,1.252744],[103.832891,1.250755]]]},"properties":{"id":"c101_15","score":41.4,"land":90,"power":0,"fibre":0,"community":50,"dSub":4436,"dDc":6856,"cx":103.83388,"cy":1.251749}},{"type":"Feature","geometry":{"type":"Polygon","coordinates":[[[103.79021,1.293712],[103.792187,1.293712],[103.792187,1.295702],[103.79021,1.295702],[103.79021,1.293712]]]},"properties":{"id":"c82_34","score":60.0,"land":51,"power":12,"fibre":97,"community":99,"dSub":2637,"dDc":162,"cx":103.791198,"cy":1.294707}},{"type":"Feature","geometry":{"type":"Polygon","coordinates":[[[103.850863,1.309539],[103.852839,1.309539],[103.852839,1.311528],[103.850863,1.311528],[103.850863,1.309539]]]},"properties":{"id":"c109_41","score":42.8,"land":7,"power":74,"fibre":43,"community":66,"dSub":789,"dDc":2842,"cx":103.851851,"cy":1.310534}},{"type":"Feature","geometry":{"type":"Polygon","coordinates":[[[103.850863,1.3118],[103.852839,1.3118],[103.852839,1.313789],[103.850863,1.313789],[103.850863,1.3118]]]},"properties":{"id":"c109_42","score":42.5,"land":11,"power":82,"fibre":45,"community":45,"dSub":550,"dDc":2727,"cx":103.851851,"cy":1.312794}},{"type":"Feature","geometry":{"type":"Polygon","coordinates":[[[103.84637,1.316322],[103.848347,1.316322],[103.848347,1.318311],[103.84637,1.318311],[103.84637,1.316322]]]},"properties":{"id":"c107_44","score":40.7,"land":8,"power":77,"fibre":39,"community":55,"dSub":692,"dDc":3040,"cx":103.847358,"cy":1.317316}},{"type":"Feature","geometry":{"type":"Polygon","coordinates":[[[103.853109,1.332148],[103.855086,1.332148],[103.855086,1.334138],[103.853109,1.334138],[103.853109,1.332148]]]},"properties":{"id":"c110_51","score":46.5,"land":56,"power":42,"fibre":51,"community":32,"dSub":1735,"dDc":2471,"cx":103.854097,"cy":1.333143}},{"type":"Feature","geometry":{"type":"Polygon","coordinates":[[[103.81492,1.305017],[103.816897,1.305017],[103.816897,1.307007],[103.81492,1.307007],[103.81492,1.305017]]]},"properties":{"id":"c93_39","score":44.3,"land":65,"power":0,"fibre":40,"community":68,"dSub":3146,"dDc":2994,"cx":103.815909,"cy":1.306012}},{"type":"Feature","geometry":{"type":"Polygon","coordinates":[[[103.808181,1.302756],[103.810158,1.302756],[103.810158,1.304746],[103.808181,1.304746],[103.808181,1.302756]]]},"properties":{"id":"c90_38","score":51.4,"land":90,"power":0,"fibre":56,"community":44,"dSub":3615,"dDc":2205,"cx":103.809169,"cy":1.303751}},{"type":"Feature","geometry":{"type":"Polygon","coordinates":[[[103.810427,1.305017],[103.812404,1.305017],[103.812404,1.307007],[103.810427,1.307007],[103.810427,1.305017]]]},"properties":{"id":"c91_39","score":48.5,"land":65,"power":0,"fibre":49,"community":80,"dSub":3467,"dDc":2535,"cx":103.811416,"cy":1.306012}},{"type":"Feature","geometry":{"type":"Polygon","coordinates":[[[103.817167,1.280147],[103.819143,1.280147],[103.819143,1.282136],[103.817167,1.282136],[103.817167,1.280147]]]},"properties":{"id":"c94_28","score":52.3,"land":83,"power":25,"fibre":31,"community":55,"dSub":2262,"dDc":3461,"cx":103.818155,"cy":1.281141}},{"type":"Feature","geometry":{"type":"Polygon","coordinates":[[[103.808181,1.282408],[103.810158,1.282408],[103.810158,1.284397],[103.808181,1.284397],[103.808181,1.282408]]]},"properties":{"id":"c90_29","score":47.1,"land":29,"power":47,"fibre":50,"community":76,"dSub":1601,"dDc":2477,"cx":103.809169,"cy":1.283402}},{"type":"Feature","geometry":{"type":"Polygon","coordinates":[[[103.803688,1.282408],[103.805665,1.282408],[103.805665,1.284397],[103.803688,1.284397],[103.803688,1.282408]]]},"properties":{"id":"c88_29","score":48.6,"land":19,"power":56,"fibre":58,"community":83,"dSub":1328,"dDc":2085,"cx":103.804677,"cy":1.283402}},{"type":"Feature","geometry":{"type":"Polygon","coordinates":[[[103.810427,1.28919],[103.812404,1.28919],[103.812404,1.29118],[103.810427,1.29118],[103.810427,1.28919]]]},"properties":{"id":"c91_32","score":41.3,"land":36,"power":22,"fibre":52,"community":65,"dSub":2351,"dDc":2381,"cx":103.811416,"cy":1.290185}},{"type":"Feature","geometry":{"type":"Polygon","coordinates":[[[103.794703,1.277886],[103.796679,1.277886],[103.796679,1.279875],[103.794703,1.279875],[103.794703,1.277886]]]},"properties":{"id":"c84_27","score":75.6,"land":86,"power":72,"fibre":62,"community":75,"dSub":841,"dDc":1912,"cx":103.795691,"cy":1.278881}},{"type":"Feature","geometry":{"type":"Polygon","coordinates":[[[103.794703,1.273364],[103.796679,1.273364],[103.796679,1.275354],[103.794703,1.275354],[103.794703,1.273364]]]},"properties":{"id":"c84_25","score":54.9,"land":19,"power":83,"fibre":52,"community":86,"dSub":497,"dDc":2387,"cx":103.795691,"cy":1.274359}},{"type":"Feature","geometry":{"type":"Polygon","coordinates":[[[103.848616,1.273364],[103.850593,1.273364],[103.850593,1.275354],[103.848616,1.275354],[103.848616,1.273364]]]},"properties":{"id":"c108_25","score":54.2,"land":100,"power":0,"fibre":0,"community":96,"dSub":4087,"dDc":6055,"cx":103.849605,"cy":1.274359}},{"type":"Feature","geometry":{"type":"Polygon","coordinates":[[[103.796949,1.268842],[103.798926,1.268842],[103.798926,1.270832],[103.796949,1.270832],[103.796949,1.268842]]]},"properties":{"id":"c85_23","score":51.7,"land":6,"power":88,"fibre":41,"community":97,"dSub":353,"dDc":2938,"cx":103.797937,"cy":1.269837}},{"type":"Feature","geometry":{"type":"Polygon","coordinates":[[[103.794703,1.268842],[103.796679,1.268842],[103.796679,1.270832],[103.794703,1.270832],[103.794703,1.268842]]]},"properties":{"id":"c84_23","score":55.4,"land":19,"power":82,"fibre":43,"community":98,"dSub":537,"dDc":2870,"cx":103.795691,"cy":1.269837}},{"type":"Feature","geometry":{"type":"Polygon","coordinates":[[[103.84637,1.307278],[103.848347,1.307278],[103.848347,1.309267],[103.84637,1.309267],[103.84637,1.307278]]]},"properties":{"id":"c107_40","score":48.9,"land":35,"power":59,"fibre":32,"community":77,"dSub":1229,"dDc":3401,"cx":103.847358,"cy":1.308273}},{"type":"Feature","geometry":{"type":"Polygon","coordinates":[[[103.794703,1.293712],[103.796679,1.293712],[103.796679,1.295702],[103.794703,1.295702],[103.794703,1.293712]]]},"properties":{"id":"c84_34","score":42.0,"land":22,"power":17,"fibre":89,"community":62,"dSub":2500,"dDc":561,"cx":103.795691,"cy":1.294707}},{"type":"Feature","geometry":{"type":"Polygon","coordinates":[[[103.787963,1.298234],[103.78994,1.298234],[103.78994,1.300224],[103.787963,1.300224],[103.787963,1.298234]]]},"properties":{"id":"c81_36","score":42.1,"land":14,"power":0,"fibre":92,"community":94,"dSub":3194,"dDc":403,"cx":103.788952,"cy":1.299229}},{"type":"Feature","geometry":{"type":"Polygon","coordinates":[[[103.810427,1.257537],[103.812404,1.257537],[103.812404,1.259527],[103.810427,1.259527],[103.810427,1.257537]]]},"properties":{"id":"c91_18","score":56.6,"land":89,"power":33,"fibre":6,"community":81,"dSub":2015,"dDc":4710,"cx":103.811416,"cy":1.258532}},{"type":"Feature","geometry":{"type":"Polygon","coordinates":[[[103.853109,1.307278],[103.855086,1.307278],[103.855086,1.309267],[103.853109,1.309267],[103.853109,1.307278]]]},"properties":{"id":"c110_40","score":40.8,"land":3,"power":66,"fibre":45,"community":73,"dSub":1018,"dDc":2771,"cx":103.854097,"cy":1.308273}},{"type":"Feature","geometry":{"type":"Polygon","coordinates":[[[103.841877,1.347975],[103.843854,1.347975],[103.843854,1.349964],[103.841877,1.349964],[103.841877,1.347975]]]},"properties":{"id":"c105_58","score":44.7,"land":22,"power":84,"fibre":13,"community":67,"dSub":490,"dDc":4338,"cx":103.842865,"cy":1.348969}},{"type":"Feature","geometry":{"type":"Polygon","coordinates":[[[103.84637,1.325365],[103.848347,1.325365],[103.848347,1.327355],[103.84637,1.327355],[103.84637,1.325365]]]},"properties":{"id":"c107_48","score":40.1,"land":13,"power":60,"fibre":40,"community":62,"dSub":1203,"dDc":2987,"cx":103.847358,"cy":1.32636}},{"type":"Feature","geometry":{"type":"Polygon","coordinates":[[[103.84637,1.323104],[103.848347,1.323104],[103.848347,1.325094],[103.84637,1.325094],[103.84637,1.323104]]]},"properties":{"id":"c107_47","score":49.2,"land":29,"power":66,"fibre":41,"community":72,"dSub":1008,"dDc":2969,"cx":103.847358,"cy":1.324099}},{"type":"Feature","geometry":{"type":"Polygon","coordinates":[[[103.839631,1.350235],[103.841607,1.350235],[103.841607,1.352225],[103.839631,1.352225],[103.839631,1.350235]]]},"properties":{"id":"c104_59","score":42.5,"land":30,"power":85,"fibre":13,"community":42,"dSub":457,"dDc":4363,"cx":103.840619,"cy":1.35123}},{"type":"Feature","geometry":{"type":"Polygon","coordinates":[[[103.839631,1.347975],[103.841607,1.347975],[103.841607,1.349964],[103.839631,1.349964],[103.839631,1.347975]]]},"properties":{"id":"c104_58","score":40.7,"land":6,"power":91,"fibre":10,"community":70,"dSub":264,"dDc":4523,"cx":103.840619,"cy":1.348969}},{"type":"Feature","geometry":{"type":"Polygon","coordinates":[[[103.839631,1.341192],[103.841607,1.341192],[103.841607,1.343181],[103.839631,1.343181],[103.839631,1.341192]]]},"properties":{"id":"c104_55","score":56.0,"land":57,"power":79,"fibre":15,"community":68,"dSub":635,"dDc":4265,"cx":103.840619,"cy":1.342187}},{"type":"Feature","geometry":{"type":"Polygon","coordinates":[[[103.844123,1.309539],[103.8461,1.309539],[103.8461,1.311528],[103.844123,1.311528],[103.844123,1.309539]]]},"properties":{"id":"c106_41","score":58.3,"land":62,"power":60,"fibre":30,"community":79,"dSub":1214,"dDc":3513,"cx":103.845112,"cy":1.310534}},{"type":"Feature","geometry":{"type":"Polygon","coordinates":[[[103.844123,1.307278],[103.8461,1.307278],[103.8461,1.309267],[103.844123,1.309267],[103.844123,1.307278]]]},"properties":{"id":"c106_40","score":67.7,"land":92,"power":54,"fibre":28,"community":83,"dSub":1385,"dDc":3621,"cx":103.845112,"cy":1.308273}},{"type":"Feature","geometry":{"type":"Polygon","coordinates":[[[103.799195,1.282408],[103.801172,1.282408],[103.801172,1.284397],[103.799195,1.284397],[103.799195,1.282408]]]},"properties":{"id":"c86_29","score":48.2,"land":11,"power":60,"fibre":65,"community":82,"dSub":1210,"dDc":1742,"cx":103.800184,"cy":1.283402}},{"type":"Feature","geometry":{"type":"Polygon","coordinates":[[[103.850863,1.320843],[103.852839,1.320843],[103.852839,1.322833],[103.850863,1.322833],[103.850863,1.320843]]]},"properties":{"id":"c109_46","score":42.5,"land":11,"power":83,"fibre":51,"community":40,"dSub":521,"dDc":2473,"cx":103.851851,"cy":1.321838}},{"type":"Feature","geometry":{"type":"Polygon","coordinates":[[[103.839631,1.309539],[103.841607,1.309539],[103.841607,1.311528],[103.839631,1.311528],[103.839631,1.309539]]]},"properties":{"id":"c104_41","score":40.7,"land":34,"power":46,"fibre":20,"community":66,"dSub":1632,"dDc":3976,"cx":103.840619,"cy":1.310534}},{"type":"Feature","geometry":{"type":"Polygon","coordinates":[[[103.848616,1.323104],[103.850593,1.323104],[103.850593,1.325094],[103.848616,1.325094],[103.848616,1.323104]]]},"properties":{"id":"c108_47","score":43.8,"land":13,"power":71,"fibre":46,"community":61,"dSub":857,"dDc":2719,"cx":103.849605,"cy":1.324099}},{"type":"Feature","geometry":{"type":"Polygon","coordinates":[[[103.850863,1.318582],[103.852839,1.318582],[103.852839,1.320572],[103.850863,1.320572],[103.850863,1.318582]]]},"properties":{"id":"c109_45","score":42.6,"land":4,"power":90,"fibre":50,"community":44,"dSub":302,"dDc":2502,"cx":103.851851,"cy":1.319577}},{"type":"Feature","geometry":{"type":"Polygon","coordinates":[[[103.850863,1.325365],[103.852839,1.325365],[103.852839,1.327355],[103.850863,1.327355],[103.850863,1.325365]]]},"properties":{"id":"c109_48","score":42.9,"land":23,"power":67,"fibre":50,"community":40,"dSub":1003,"dDc":2491,"cx":103.851851,"cy":1.32636}},{"type":"Feature","geometry":{"type":"Polygon","coordinates":[[[103.796949,1.338931],[103.798926,1.338931],[103.798926,1.34092],[103.796949,1.34092],[103.796949,1.338931]]]},"properties":{"id":"c85_54","score":50.1,"land":100,"power":0,"fibre":2,"community":73,"dSub":4068,"dDc":4906,"cx":103.797937,"cy":1.339926}},{"type":"Feature","geometry":{"type":"Polygon","coordinates":[[[103.850863,1.316322],[103.852839,1.316322],[103.852839,1.318311],[103.850863,1.318311],[103.850863,1.316322]]]},"properties":{"id":"c109_44","score":46.2,"land":19,"power":94,"fibre":49,"community":32,"dSub":192,"dDc":2555,"cx":103.851851,"cy":1.317316}},{"type":"Feature","geometry":{"type":"Polygon","coordinates":[[[103.796949,1.28919],[103.798926,1.28919],[103.798926,1.29118],[103.796949,1.29118],[103.796949,1.28919]]]},"properties":{"id":"c85_32","score":45.1,"land":24,"power":34,"fibre":79,"community":61,"dSub":1970,"dDc":1026,"cx":103.797937,"cy":1.290185}},{"type":"Feature","geometry":{"type":"Polygon","coordinates":[[[103.853109,1.316322],[103.855086,1.316322],[103.855086,1.318311],[103.853109,1.318311],[103.853109,1.316322]]]},"properties":{"id":"c110_44","score":66.2,"land":64,"power":98,"fibre":54,"community":43,"dSub":61,"dDc":2314,"cx":103.854097,"cy":1.317316}},{"type":"Feature","geometry":{"type":"Polygon","coordinates":[[[103.853109,1.314061],[103.855086,1.314061],[103.855086,1.31605],[103.853109,1.31605],[103.853109,1.314061]]]},"properties":{"id":"c110_43","score":44.1,"land":4,"power":91,"fibre":52,"community":48,"dSub":272,"dDc":2397,"cx":103.854097,"cy":1.315055}},{"type":"Feature","geometry":{"type":"Polygon","coordinates":[[[103.835138,1.329887],[103.837115,1.329887],[103.837115,1.331877],[103.835138,1.331877],[103.835138,1.329887]]]},"properties":{"id":"c102_50","score":43.9,"land":14,"power":85,"fibre":14,"community":74,"dSub":435,"dDc":4300,"cx":103.836126,"cy":1.330882}},{"type":"Feature","geometry":{"type":"Polygon","coordinates":[[[103.792456,1.273364],[103.794433,1.273364],[103.794433,1.275354],[103.792456,1.275354],[103.792456,1.273364]]]},"properties":{"id":"c83_25","score":46.5,"land":3,"power":76,"fibre":53,"community":79,"dSub":732,"dDc":2329,"cx":103.793445,"cy":1.274359}},{"type":"Feature","geometry":{"type":"Polygon","coordinates":[[[103.794703,1.280147],[103.796679,1.280147],[103.796679,1.282136],[103.794703,1.282136],[103.794703,1.280147]]]},"properties":{"id":"c84_28","score":61.8,"land":57,"power":65,"fibre":66,"community":62,"dSub":1060,"dDc":1680,"cx":103.795691,"cy":1.281141}},{"type":"Feature","geometry":{"type":"Polygon","coordinates":[[[103.803688,1.280147],[103.805665,1.280147],[103.805665,1.282136],[103.803688,1.282136],[103.803688,1.280147]]]},"properties":{"id":"c88_28","score":49.1,"land":13,"power":63,"fibre":55,"community":89,"dSub":1105,"dDc":2261,"cx":103.804677,"cy":1.281141}},{"type":"Feature","geometry":{"type":"Polygon","coordinates":[[[103.796949,1.271103],[103.798926,1.271103],[103.798926,1.273093],[103.796949,1.273093],[103.796949,1.271103]]]},"properties":{"id":"c85_24","score":66.0,"land":41,"power":93,"fibre":46,"community":96,"dSub":205,"dDc":2702,"cx":103.797937,"cy":1.272098}},{"type":"Feature","geometry":{"type":"Polygon","coordinates":[[[103.853109,1.309539],[103.855086,1.309539],[103.855086,1.311528],[103.853109,1.311528],[103.853109,1.309539]]]},"properties":{"id":"c110_41","score":43.0,"land":1,"power":74,"fibre":47,"community":72,"dSub":768,"dDc":2628,"cx":103.854097,"cy":1.310534}},{"type":"Feature","geometry":{"type":"Polygon","coordinates":[[[103.79021,1.291451],[103.792187,1.291451],[103.792187,1.293441],[103.79021,1.293441],[103.79021,1.291451]]]},"properties":{"id":"c82_33","score":59.2,"land":45,"power":20,"fibre":93,"community":99,"dSub":2405,"dDc":337,"cx":103.791198,"cy":1.292446}},{"type":"Feature","geometry":{"type":"Polygon","coordinates":[[[103.794703,1.300495],[103.796679,1.300495],[103.796679,1.302485],[103.794703,1.302485],[103.794703,1.300495]]]},"properties":{"id":"c84_37","score":43.8,"land":40,"power":0,"fibre":84,"community":66,"dSub":3241,"dDc":800,"cx":103.795691,"cy":1.30149}},{"type":"Feature","geometry":{"type":"Polygon","coordinates":[[[103.835138,1.271103],[103.837115,1.271103],[103.837115,1.273093],[103.835138,1.273093],[103.835138,1.271103]]]},"properties":{"id":"c102_24","score":48.5,"land":100,"power":0,"fibre":0,"community":67,"dSub":4049,"dDc":5696,"cx":103.836126,"cy":1.272098}},{"type":"Feature","geometry":{"type":"Polygon","coordinates":[[[103.832891,1.271103],[103.834868,1.271103],[103.834868,1.273093],[103.832891,1.273093],[103.832891,1.271103]]]},"properties":{"id":"c101_24","score":43.6,"land":81,"power":0,"fibre":0,"community":77,"dSub":3799,"dDc":5476,"cx":103.83388,"cy":1.272098}},{"type":"Feature","geometry":{"type":"Polygon","coordinates":[[[103.803688,1.341192],[103.805665,1.341192],[103.805665,1.343181],[103.803688,1.343181],[103.803688,1.341192]]]},"properties":{"id":"c88_55","score":55.0,"land":100,"power":0,"fibre":0,"community":100,"dSub":3459,"dDc":5320,"cx":103.804677,"cy":1.342187}},{"type":"Feature","geometry":{"type":"Polygon","coordinates":[[[103.794703,1.291451],[103.796679,1.291451],[103.796679,1.293441],[103.794703,1.293441],[103.794703,1.291451]]]},"properties":{"id":"c84_33","score":42.1,"land":6,"power":25,"fibre":87,"community":83,"dSub":2255,"dDc":675,"cx":103.795691,"cy":1.292446}},{"type":"Feature","geometry":{"type":"Polygon","coordinates":[[[103.787963,1.280147],[103.78994,1.280147],[103.78994,1.282136],[103.787963,1.282136],[103.787963,1.280147]]]},"properties":{"id":"c81_28","score":40.0,"land":22,"power":49,"fibre":69,"community":32,"dSub":1537,"dDc":1543,"cx":103.788952,"cy":1.281141}},{"type":"Feature","geometry":{"type":"Polygon","coordinates":[[[103.787963,1.282408],[103.78994,1.282408],[103.78994,1.284397],[103.787963,1.284397],[103.787963,1.282408]]]},"properties":{"id":"c81_29","score":40.4,"land":27,"power":43,"fibre":74,"community":27,"dSub":1705,"dDc":1293,"cx":103.788952,"cy":1.283402}},{"type":"Feature","geometry":{"type":"Polygon","coordinates":[[[103.794703,1.28919],[103.796679,1.28919],[103.796679,1.29118],[103.794703,1.29118],[103.794703,1.28919]]]},"properties":{"id":"c84_32","score":76.6,"land":100,"power":33,"fibre":83,"community":84,"dSub":2011,"dDc":849,"cx":103.795691,"cy":1.290185}},{"type":"Feature","geometry":{"type":"Polygon","coordinates":[[[103.796949,1.286929],[103.798926,1.286929],[103.798926,1.288919],[103.796949,1.288919],[103.796949,1.286929]]]},"properties":{"id":"c85_31","score":48.5,"land":23,"power":43,"fibre":76,"community":73,"dSub":1721,"dDc":1202,"cx":103.797937,"cy":1.287924}},{"type":"Feature","geometry":{"type":"Polygon","coordinates":[[[103.853109,1.325365],[103.855086,1.325365],[103.855086,1.327355],[103.853109,1.327355],[103.853109,1.325365]]]},"properties":{"id":"c110_48","score":45.3,"land":33,"power":67,"fibre":55,"community":30,"dSub":986,"dDc":2244,"cx":103.854097,"cy":1.32636}},{"type":"Feature","geometry":{"type":"Polygon","coordinates":[[[103.832891,1.327626],[103.834868,1.327626],[103.834868,1.329616],[103.832891,1.329616],[103.832891,1.327626]]]},"properties":{"id":"c101_49","score":56.3,"land":60,"power":96,"fibre":10,"community":46,"dSub":124,"dDc":4506,"cx":103.83388,"cy":1.328621}},{"type":"Feature","geometry":{"type":"Polygon","coordinates":[[[103.830645,1.327626],[103.832622,1.327626],[103.832622,1.329616],[103.830645,1.329616],[103.830645,1.327626]]]},"properties":{"id":"c100_49","score":45.2,"land":33,"power":96,"fibre":5,"community":44,"dSub":130,"dDc":4754,"cx":103.831633,"cy":1.328621}},{"type":"Feature","geometry":{"type":"Polygon","coordinates":[[[103.841877,1.343453],[103.843854,1.343453],[103.843854,1.345442],[103.841877,1.345442],[103.841877,1.343453]]]},"properties":{"id":"c105_56","score":59.2,"land":54,"power":81,"fibre":16,"community":84,"dSub":581,"dDc":4183,"cx":103.842865,"cy":1.344448}},{"type":"Feature","geometry":{"type":"Polygon","coordinates":[[[103.81492,1.268842],[103.816897,1.268842],[103.816897,1.270832],[103.81492,1.270832],[103.81492,1.268842]]]},"properties":{"id":"c93_23","score":52.4,"land":87,"power":39,"fibre":19,"community":41,"dSub":1822,"dDc":4028,"cx":103.815909,"cy":1.269837}},{"type":"Feature","geometry":{"type":"Polygon","coordinates":[[[103.792456,1.341192],[103.794433,1.341192],[103.794433,1.343181],[103.792456,1.343181],[103.792456,1.341192]]]},"properties":{"id":"c83_55","score":43.4,"land":98,"power":0,"fibre":0,"community":45,"dSub":4302,"dDc":5101,"cx":103.793445,"cy":1.342187}},{"type":"Feature","geometry":{"type":"Polygon","coordinates":[[[103.799195,1.271103],[103.801172,1.271103],[103.801172,1.273093],[103.799195,1.273093],[103.799195,1.271103]]]},"properties":{"id":"c86_24","score":68.7,"land":46,"power":98,"fibre":44,"community":97,"dSub":64,"dDc":2797,"cx":103.800184,"cy":1.272098}},{"type":"Feature","geometry":{"type":"Polygon","coordinates":[[[103.79021,1.273364],[103.792187,1.273364],[103.792187,1.275354],[103.79021,1.275354],[103.79021,1.273364]]]},"properties":{"id":"c82_25","score":48.3,"land":15,"power":68,"fibre":54,"community":77,"dSub":974,"dDc":2297,"cx":103.791198,"cy":1.274359}},{"type":"Feature","geometry":{"type":"Polygon","coordinates":[[[103.844123,1.343453],[103.8461,1.343453],[103.8461,1.345442],[103.844123,1.345442],[103.844123,1.343453]]]},"properties":{"id":"c106_56","score":53.4,"land":47,"power":73,"fibre":20,"community":72,"dSub":796,"dDc":3978,"cx":103.845112,"cy":1.344448}},{"type":"Feature","geometry":{"type":"Polygon","coordinates":[[[103.84637,1.268842],[103.848347,1.268842],[103.848347,1.270832],[103.84637,1.270832],[103.84637,1.268842]]]},"properties":{"id":"c107_23","score":55.0,"land":100,"power":0,"fibre":0,"community":100,"dSub":4604,"dDc":6614,"cx":103.847358,"cy":1.269837}},{"type":"Feature","geometry":{"type":"Polygon","coordinates":[[[103.792456,1.271103],[103.794433,1.271103],[103.794433,1.273093],[103.792456,1.273093],[103.792456,1.271103]]]},"properties":{"id":"c83_24","score":80.4,"land":93,"power":77,"fibre":48,"community":95,"dSub":702,"dDc":2575,"cx":103.793445,"cy":1.272098}},{"type":"Feature","geometry":{"type":"Polygon","coordinates":[[[103.837384,1.329887],[103.839361,1.329887],[103.839361,1.331877],[103.837384,1.331877],[103.837384,1.329887]]]},"properties":{"id":"c103_50","score":73.9,"land":100,"power":78,"fibre":19,"community":78,"dSub":662,"dDc":4056,"cx":103.838373,"cy":1.330882}},{"type":"Feature","geometry":{"type":"Polygon","coordinates":[[[103.853109,1.3118],[103.855086,1.3118],[103.855086,1.313789],[103.853109,1.313789],[103.853109,1.3118]]]},"properties":{"id":"c110_42","score":43.3,"land":3,"power":83,"fibre":50,"community":58,"dSub":519,"dDc":2503,"cx":103.854097,"cy":1.312794}},{"type":"Feature","geometry":{"type":"Polygon","coordinates":[[[103.808181,1.268842],[103.810158,1.268842],[103.810158,1.270832],[103.808181,1.270832],[103.808181,1.268842]]]},"properties":{"id":"c90_23","score":61.8,"land":100,"power":64,"fibre":29,"community":25,"dSub":1088,"dDc":3535,"cx":103.809169,"cy":1.269837}},{"type":"Feature","geometry":{"type":"Polygon","coordinates":[[[103.792456,1.268842],[103.794433,1.268842],[103.794433,1.270832],[103.792456,1.270832],[103.792456,1.268842]]]},"properties":{"id":"c83_23","score":82.2,"land":100,"power":75,"fibre":44,"community":99,"dSub":759,"dDc":2822,"cx":103.793445,"cy":1.269837}},{"type":"Feature","geometry":{"type":"Polygon","coordinates":[[[103.848616,1.388671],[103.850593,1.388671],[103.850593,1.390661],[103.848616,1.390661],[103.848616,1.388671]]]},"properties":{"id":"c108_76","score":55.0,"land":90,"power":0,"fibre":43,"community":75,"dSub":3149,"dDc":2851,"cx":103.849605,"cy":1.389666}},{"type":"Feature","geometry":{"type":"Polygon","coordinates":[[[103.792456,1.451977],[103.794433,1.451977],[103.794433,1.453967],[103.792456,1.453967],[103.792456,1.451977]]]},"properties":{"id":"c83_104","score":69.3,"land":97,"power":0,"fibre":83,"community":95,"dSub":8090,"dDc":869,"cx":103.793445,"cy":1.452972}},{"type":"Feature","geometry":{"type":"Polygon","coordinates":[[[103.839631,1.359279],[103.841607,1.359279],[103.841607,1.361269],[103.839631,1.361269],[103.839631,1.359279]]]},"properties":{"id":"c104_63","score":40.0,"land":26,"power":53,"fibre":24,"community":65,"dSub":1419,"dDc":3819,"cx":103.840619,"cy":1.360274}},{"type":"Feature","geometry":{"type":"Polygon","coordinates":[[[103.837384,1.359279],[103.839361,1.359279],[103.839361,1.361269],[103.837384,1.361269],[103.837384,1.359279]]]},"properties":{"id":"c103_63","score":58.9,"land":69,"power":53,"fibre":19,"community":89,"dSub":1403,"dDc":4044,"cx":103.838373,"cy":1.360274}},{"type":"Feature","geometry":{"type":"Polygon","coordinates":[[[103.796949,1.454238],[103.798926,1.454238],[103.798926,1.456228],[103.796949,1.456228],[103.796949,1.454238]]]},"properties":{"id":"c85_105","score":43.3,"land":23,"power":0,"fibre":87,"community":89,"dSub":8145,"dDc":646,"cx":103.797937,"cy":1.455233}},{"type":"Feature","geometry":{"type":"Polygon","coordinates":[[[103.803688,1.454238],[103.805665,1.454238],[103.805665,1.456228],[103.803688,1.456228],[103.803688,1.454238]]]},"properties":{"id":"c88_105","score":55.9,"land":56,"power":0,"fibre":86,"community":97,"dSub":7935,"dDc":719,"cx":103.804677,"cy":1.455233}},{"type":"Feature","geometry":{"type":"Polygon","coordinates":[[[103.808181,1.461021],[103.810158,1.461021],[103.810158,1.463011],[103.808181,1.463011],[103.808181,1.461021]]]},"properties":{"id":"c90_108","score":45.9,"land":38,"power":0,"fibre":68,"community":96,"dSub":8570,"dDc":1619,"cx":103.809169,"cy":1.462016}},{"type":"Feature","geometry":{"type":"Polygon","coordinates":[[[103.853109,1.354757],[103.855086,1.354757],[103.855086,1.356747],[103.853109,1.356747],[103.853109,1.354757]]]},"properties":{"id":"c110_61","score":67.4,"land":94,"power":35,"fibre":41,"community":88,"dSub":1939,"dDc":2930,"cx":103.854097,"cy":1.355752}},{"type":"Feature","geometry":{"type":"Polygon","coordinates":[[[103.81492,1.461021],[103.816897,1.461021],[103.816897,1.463011],[103.81492,1.463011],[103.81492,1.461021]]]},"properties":{"id":"c93_108","score":51.5,"land":58,"power":0,"fibre":57,"community":99,"dSub":8481,"dDc":2144,"cx":103.815909,"cy":1.462016}},{"type":"Feature","geometry":{"type":"Polygon","coordinates":[[[103.812674,1.461021],[103.814651,1.461021],[103.814651,1.463011],[103.812674,1.463011],[103.812674,1.461021]]]},"properties":{"id":"c92_108","score":66.8,"land":100,"power":0,"fibre":61,"community":99,"dSub":8504,"dDc":1952,"cx":103.813662,"cy":1.462016}},{"type":"Feature","geometry":{"type":"Polygon","coordinates":[[[103.810427,1.461021],[103.812404,1.461021],[103.812404,1.463011],[103.810427,1.463011],[103.810427,1.461021]]]},"properties":{"id":"c91_108","score":64.8,"land":94,"power":0,"fibre":64,"community":96,"dSub":8533,"dDc":1776,"cx":103.811416,"cy":1.462016}},{"type":"Feature","geometry":{"type":"Polygon","coordinates":[[[103.812674,1.442934],[103.814651,1.442934],[103.814651,1.444923],[103.812674,1.444923],[103.812674,1.442934]]]},"properties":{"id":"c92_100","score":59.4,"land":91,"power":0,"fibre":68,"community":69,"dSub":6518,"dDc":1594,"cx":103.813662,"cy":1.443928}},{"type":"Feature","geometry":{"type":"Polygon","coordinates":[[[103.817167,1.440673],[103.819143,1.440673],[103.819143,1.442662],[103.817167,1.442662],[103.817167,1.440673]]]},"properties":{"id":"c94_99","score":52.1,"land":87,"power":0,"fibre":57,"community":51,"dSub":6219,"dDc":2153,"cx":103.818155,"cy":1.441667}},{"type":"Feature","geometry":{"type":"Polygon","coordinates":[[[103.81492,1.442934],[103.816897,1.442934],[103.816897,1.444923],[103.81492,1.444923],[103.81492,1.442934]]]},"properties":{"id":"c93_100","score":41.0,"land":51,"power":0,"fibre":64,"community":53,"dSub":6489,"dDc":1823,"cx":103.815909,"cy":1.443928}},{"type":"Feature","geometry":{"type":"Polygon","coordinates":[[[103.812674,1.357018],[103.814651,1.357018],[103.814651,1.359008],[103.812674,1.359008],[103.812674,1.357018]]]},"properties":{"id":"c92_62","score":54.4,"land":98,"power":0,"fibre":0,"community":100,"dSub":3013,"dDc":6705,"cx":103.813662,"cy":1.358013}},{"type":"Feature","geometry":{"type":"Polygon","coordinates":[[[103.81492,1.354757],[103.816897,1.354757],[103.816897,1.356747],[103.81492,1.356747],[103.81492,1.354757]]]},"properties":{"id":"c93_61","score":57.5,"land":100,"power":10,"fibre":0,"community":100,"dSub":2690,"dDc":6547,"cx":103.815909,"cy":1.355752}},{"type":"Feature","geometry":{"type":"Polygon","coordinates":[[[103.817167,1.406759],[103.819143,1.406759],[103.819143,1.408748],[103.817167,1.408748],[103.817167,1.406759]]]},"properties":{"id":"c94_84","score":48.0,"land":55,"power":17,"fibre":35,"community":88,"dSub":2487,"dDc":3233,"cx":103.818155,"cy":1.407754}},{"type":"Feature","geometry":{"type":"Polygon","coordinates":[[[103.817167,1.404498],[103.819143,1.404498],[103.819143,1.406487],[103.817167,1.406487],[103.817167,1.404498]]]},"properties":{"id":"c94_83","score":48.7,"land":67,"power":25,"fibre":32,"community":62,"dSub":2241,"dDc":3420,"cx":103.818155,"cy":1.405493}},{"type":"Feature","geometry":{"type":"Polygon","coordinates":[[[103.817167,1.40902],[103.819143,1.40902],[103.819143,1.411009],[103.817167,1.411009],[103.817167,1.40902]]]},"properties":{"id":"c94_85","score":64.3,"land":100,"power":9,"fibre":39,"community":96,"dSub":2735,"dDc":3054,"cx":103.818155,"cy":1.410014}},{"type":"Feature","geometry":{"type":"Polygon","coordinates":[[[103.819413,1.406759],[103.82139,1.406759],[103.82139,1.408748],[103.819413,1.408748],[103.819413,1.406759]]]},"properties":{"id":"c95_84","score":59.6,"land":100,"power":18,"fibre":32,"community":69,"dSub":2461,"dDc":3407,"cx":103.820401,"cy":1.407754}},{"type":"Feature","geometry":{"type":"Polygon","coordinates":[[[103.819413,1.40902],[103.82139,1.40902],[103.82139,1.411009],[103.819413,1.411009],[103.819413,1.40902]]]},"properties":{"id":"c95_85","score":64.0,"land":100,"power":10,"fibre":35,"community":98,"dSub":2711,"dDc":3238,"cx":103.820401,"cy":1.410014}},{"type":"Feature","geometry":{"type":"Polygon","coordinates":[[[103.81492,1.406759],[103.816897,1.406759],[103.816897,1.408748],[103.81492,1.408748],[103.81492,1.406759]]]},"properties":{"id":"c93_84","score":50.4,"land":60,"power":15,"fibre":39,"community":89,"dSub":2538,"dDc":3068,"cx":103.815909,"cy":1.407754}},{"type":"Feature","geometry":{"type":"Polygon","coordinates":[[[103.835138,1.357018],[103.837115,1.357018],[103.837115,1.359008],[103.835138,1.359008],[103.835138,1.357018]]]},"properties":{"id":"c102_62","score":67.0,"land":100,"power":60,"fibre":12,"community":72,"dSub":1187,"dDc":4378,"cx":103.836126,"cy":1.358013}},{"type":"Feature","geometry":{"type":"Polygon","coordinates":[[[103.837384,1.357018],[103.839361,1.357018],[103.839361,1.359008],[103.837384,1.359008],[103.837384,1.357018]]]},"properties":{"id":"c103_62","score":61.8,"land":77,"power":62,"fibre":17,"community":81,"dSub":1153,"dDc":4156,"cx":103.838373,"cy":1.358013}},{"type":"Feature","geometry":{"type":"Polygon","coordinates":[[[103.835138,1.359279],[103.837115,1.359279],[103.837115,1.361269],[103.835138,1.361269],[103.835138,1.359279]]]},"properties":{"id":"c102_63","score":44.2,"land":40,"power":52,"fibre":15,"community":72,"dSub":1431,"dDc":4271,"cx":103.836126,"cy":1.360274}},{"type":"Feature","geometry":{"type":"Polygon","coordinates":[[[103.84637,1.390932],[103.848347,1.390932],[103.848347,1.392922],[103.84637,1.392922],[103.84637,1.390932]]]},"properties":{"id":"c107_77","score":49.2,"land":66,"power":2,"fibre":36,"community":93,"dSub":2952,"dDc":3197,"cx":103.847358,"cy":1.391927}},{"type":"Feature","geometry":{"type":"Polygon","coordinates":[[[103.835138,1.442934],[103.837115,1.442934],[103.837115,1.444923],[103.835138,1.444923],[103.835138,1.442934]]]},"properties":{"id":"c102_100","score":40.2,"land":55,"power":0,"fibre":20,"community":84,"dSub":6657,"dDc":3999,"cx":103.836126,"cy":1.443928}},{"type":"Feature","geometry":{"type":"Polygon","coordinates":[[[103.832891,1.440673],[103.834868,1.440673],[103.834868,1.442662],[103.832891,1.442662],[103.832891,1.440673]]]},"properties":{"id":"c101_99","score":44.5,"land":69,"power":0,"fibre":24,"community":77,"dSub":6356,"dDc":3807,"cx":103.83388,"cy":1.441667}},{"type":"Feature","geometry":{"type":"Polygon","coordinates":[[[103.832891,1.438412],[103.834868,1.438412],[103.834868,1.440401],[103.832891,1.440401],[103.832891,1.438412]]]},"properties":{"id":"c101_98","score":50.6,"land":96,"power":0,"fibre":22,"community":62,"dSub":6112,"dDc":3876,"cx":103.83388,"cy":1.439407}},{"type":"Feature","geometry":{"type":"Polygon","coordinates":[[[103.841877,1.438412],[103.843854,1.438412],[103.843854,1.440401],[103.841877,1.440401],[103.841877,1.438412]]]},"properties":{"id":"c105_98","score":53.0,"land":96,"power":0,"fibre":3,"community":93,"dSub":6410,"dDc":4837,"cx":103.842865,"cy":1.439407}},{"type":"Feature","geometry":{"type":"Polygon","coordinates":[[[103.803688,1.463282],[103.805665,1.463282],[103.805665,1.465272],[103.803688,1.465272],[103.803688,1.463282]]]},"properties":{"id":"c88_109","score":67.0,"land":97,"power":0,"fibre":67,"community":97,"dSub":8909,"dDc":1628,"cx":103.804677,"cy":1.464277}},{"type":"Feature","geometry":{"type":"Polygon","coordinates":[[[103.801442,1.463282],[103.803419,1.463282],[103.803419,1.465272],[103.801442,1.465272],[103.801442,1.463282]]]},"properties":{"id":"c87_109","score":67.2,"land":97,"power":0,"fibre":68,"community":98,"dSub":8965,"dDc":1579,"cx":103.80243,"cy":1.464277}},{"type":"Feature","geometry":{"type":"Polygon","coordinates":[[[103.803688,1.465543],[103.805665,1.465543],[103.805665,1.467533],[103.803688,1.467533],[103.803688,1.465543]]]},"properties":{"id":"c88_110","score":65.0,"land":95,"power":0,"fibre":63,"community":96,"dSub":9154,"dDc":1870,"cx":103.804677,"cy":1.466538}},{"type":"Feature","geometry":{"type":"Polygon","coordinates":[[[103.805935,1.465543],[103.807911,1.465543],[103.807911,1.467533],[103.805935,1.467533],[103.805935,1.465543]]]},"properties":{"id":"c89_110","score":63.4,"land":90,"power":0,"fibre":61,"community":98,"dSub":9105,"dDc":1944,"cx":103.806923,"cy":1.466538}},{"type":"Feature","geometry":{"type":"Polygon","coordinates":[[[103.805935,1.463282],[103.807911,1.463282],[103.807911,1.465272],[103.805935,1.465272],[103.805935,1.463282]]]},"properties":{"id":"c89_109","score":61.0,"land":82,"power":0,"fibre":66,"community":96,"dSub":8860,"dDc":1713,"cx":103.806923,"cy":1.464277}},{"type":"Feature","geometry":{"type":"Polygon","coordinates":[[[103.801442,1.420324],[103.803419,1.420324],[103.803419,1.422314],[103.801442,1.422314],[103.801442,1.420324]]]},"properties":{"id":"c87_90","score":43.5,"land":37,"power":0,"fibre":80,"community":73,"dSub":4496,"dDc":981,"cx":103.80243,"cy":1.421319}},{"type":"Feature","geometry":{"type":"Polygon","coordinates":[[[103.812674,1.420324],[103.814651,1.420324],[103.814651,1.422314],[103.812674,1.422314],[103.812674,1.420324]]]},"properties":{"id":"c92_90","score":48.8,"land":60,"power":0,"fibre":62,"community":77,"dSub":4055,"dDc":1905,"cx":103.813662,"cy":1.421319}},{"type":"Feature","geometry":{"type":"Polygon","coordinates":[[[103.81492,1.420324],[103.816897,1.420324],[103.816897,1.422314],[103.81492,1.422314],[103.81492,1.420324]]]},"properties":{"id":"c93_90","score":50.3,"land":63,"power":0,"fibre":57,"community":83,"dSub":4008,"dDc":2131,"cx":103.815909,"cy":1.421319}},{"type":"Feature","geometry":{"type":"Polygon","coordinates":[[[103.810427,1.420324],[103.812404,1.420324],[103.812404,1.422314],[103.810427,1.422314],[103.810427,1.420324]]]},"properties":{"id":"c91_90","score":48.2,"land":56,"power":0,"fibre":66,"community":77,"dSub":4117,"dDc":1687,"cx":103.811416,"cy":1.421319}},{"type":"Feature","geometry":{"type":"Polygon","coordinates":[[[103.808181,1.449716],[103.810158,1.449716],[103.810158,1.451706],[103.808181,1.451706],[103.808181,1.449716]]]},"properties":{"id":"c90_103","score":50.4,"land":42,"power":0,"fibre":81,"community":98,"dSub":7339,"dDc":943,"cx":103.809169,"cy":1.450711}},{"type":"Feature","geometry":{"type":"Polygon","coordinates":[[[103.805935,1.447455],[103.807911,1.447455],[103.807911,1.449445],[103.805935,1.449445],[103.805935,1.447455]]]},"properties":{"id":"c89_102","score":60.4,"land":74,"power":0,"fibre":86,"community":87,"dSub":7147,"dDc":714,"cx":103.806923,"cy":1.44845}},{"type":"Feature","geometry":{"type":"Polygon","coordinates":[[[103.810427,1.454238],[103.812404,1.454238],[103.812404,1.456228],[103.810427,1.456228],[103.810427,1.454238]]]},"properties":{"id":"c91_105","score":46.5,"land":42,"power":0,"fibre":74,"community":86,"dSub":7791,"dDc":1319,"cx":103.811416,"cy":1.455233}},{"type":"Feature","geometry":{"type":"Polygon","coordinates":[[[103.808181,1.451977],[103.810158,1.451977],[103.810158,1.453967],[103.808181,1.453967],[103.808181,1.451977]]]},"properties":{"id":"c90_104","score":58.2,"land":64,"power":0,"fibre":80,"community":99,"dSub":7585,"dDc":993,"cx":103.809169,"cy":1.452972}},{"type":"Feature","geometry":{"type":"Polygon","coordinates":[[[103.805935,1.451977],[103.807911,1.451977],[103.807911,1.453967],[103.805935,1.453967],[103.805935,1.451977]]]},"properties":{"id":"c89_104","score":44.0,"land":22,"power":0,"fibre":85,"community":96,"dSub":7635,"dDc":760,"cx":103.806923,"cy":1.452972}},{"type":"Feature","geometry":{"type":"Polygon","coordinates":[[[103.805935,1.449716],[103.807911,1.449716],[103.807911,1.451706],[103.805935,1.451706],[103.805935,1.449716]]]},"properties":{"id":"c89_103","score":51.8,"land":43,"power":0,"fibre":86,"community":97,"dSub":7391,"dDc":694,"cx":103.806923,"cy":1.450711}},{"type":"Feature","geometry":{"type":"Polygon","coordinates":[[[103.803688,1.449716],[103.805665,1.449716],[103.805665,1.451706],[103.803688,1.451706],[103.803688,1.449716]]]},"properties":{"id":"c88_103","score":62.0,"land":73,"power":0,"fibre":91,"community":90,"dSub":7450,"dDc":446,"cx":103.804677,"cy":1.450711}},{"type":"Feature","geometry":{"type":"Polygon","coordinates":[[[103.803688,1.451977],[103.805665,1.451977],[103.805665,1.453967],[103.803688,1.453967],[103.803688,1.451977]]]},"properties":{"id":"c88_104","score":59.1,"land":63,"power":0,"fibre":89,"community":96,"dSub":7692,"dDc":543,"cx":103.804677,"cy":1.452972}},{"type":"Feature","geometry":{"type":"Polygon","coordinates":[[[103.801442,1.451977],[103.803419,1.451977],[103.803419,1.453967],[103.801442,1.453967],[103.801442,1.451977]]]},"properties":{"id":"c87_104","score":62.3,"land":71,"power":0,"fibre":93,"community":94,"dSub":7757,"dDc":370,"cx":103.80243,"cy":1.452972}},{"type":"Feature","geometry":{"type":"Polygon","coordinates":[[[103.844123,1.381888],[103.8461,1.381888],[103.8461,1.383878],[103.844123,1.383878],[103.844123,1.381888]]]},"properties":{"id":"c106_73","score":42.3,"land":47,"power":12,"fibre":40,"community":74,"dSub":2632,"dDc":3010,"cx":103.845112,"cy":1.382883}},{"type":"Feature","geometry":{"type":"Polygon","coordinates":[[[103.801442,1.43389],[103.803419,1.43389],[103.803419,1.435879],[103.801442,1.435879],[103.801442,1.43389]]]},"properties":{"id":"c87_96","score":41.9,"land":48,"power":0,"fibre":85,"community":41,"dSub":5860,"dDc":766,"cx":103.80243,"cy":1.434885}},{"type":"Feature","geometry":{"type":"Polygon","coordinates":[[[103.810427,1.445195],[103.812404,1.445195],[103.812404,1.447184],[103.810427,1.447184],[103.810427,1.445195]]]},"properties":{"id":"c91_101","score":65.7,"land":100,"power":0,"fibre":75,"community":79,"dSub":6803,"dDc":1267,"cx":103.811416,"cy":1.446189}},{"type":"Feature","geometry":{"type":"Polygon","coordinates":[[[103.808181,1.445195],[103.810158,1.445195],[103.810158,1.447184],[103.808181,1.447184],[103.808181,1.445195]]]},"properties":{"id":"c90_101","score":57.6,"land":74,"power":0,"fibre":79,"community":79,"dSub":6849,"dDc":1035,"cx":103.809169,"cy":1.446189}},{"type":"Feature","geometry":{"type":"Polygon","coordinates":[[[103.796949,1.429368],[103.798926,1.429368],[103.798926,1.431358],[103.796949,1.431358],[103.796949,1.429368]]]},"properties":{"id":"c85_94","score":40.8,"land":41,"power":0,"fibre":97,"community":35,"dSub":5614,"dDc":137,"cx":103.797937,"cy":1.430363}},{"type":"Feature","geometry":{"type":"Polygon","coordinates":[[[103.828399,1.411281],[103.830375,1.411281],[103.830375,1.41327],[103.828399,1.41327],[103.828399,1.411281]]]},"properties":{"id":"c99_86","score":40.8,"land":64,"power":0,"fibre":22,"community":71,"dSub":3082,"dDc":3920,"cx":103.829387,"cy":1.412275}},{"type":"Feature","geometry":{"type":"Polygon","coordinates":[[[103.794703,1.354757],[103.796679,1.354757],[103.796679,1.356747],[103.794703,1.356747],[103.794703,1.354757]]]},"properties":{"id":"c84_61","score":47.2,"land":81,"power":0,"fibre":0,"community":93,"dSub":4377,"dDc":6348,"cx":103.795691,"cy":1.355752}},{"type":"Feature","geometry":{"type":"Polygon","coordinates":[[[103.801442,1.363801],[103.803419,1.363801],[103.803419,1.365791],[103.801442,1.365791],[103.801442,1.363801]]]},"properties":{"id":"c87_65","score":44.1,"land":82,"power":0,"fibre":0,"community":77,"dSub":3132,"dDc":7139,"cx":103.80243,"cy":1.364796}},{"type":"Feature","geometry":{"type":"Polygon","coordinates":[[[103.787963,1.352496],[103.78994,1.352496],[103.78994,1.354486],[103.787963,1.354486],[103.787963,1.352496]]]},"properties":{"id":"c81_60","score":50.4,"land":96,"power":0,"fibre":0,"community":84,"dSub":4542,"dDc":5574,"cx":103.788952,"cy":1.353491}},{"type":"Feature","geometry":{"type":"Polygon","coordinates":[[[103.792456,1.354757],[103.794433,1.354757],[103.794433,1.356747],[103.792456,1.356747],[103.792456,1.354757]]]},"properties":{"id":"c83_61","score":53.5,"land":100,"power":0,"fibre":0,"community":93,"dSub":4546,"dDc":6131,"cx":103.793445,"cy":1.355752}},{"type":"Feature","geometry":{"type":"Polygon","coordinates":[[[103.79021,1.354757],[103.792187,1.354757],[103.792187,1.356747],[103.79021,1.356747],[103.79021,1.354757]]]},"properties":{"id":"c82_61","score":49.7,"land":100,"power":0,"fibre":0,"community":73,"dSub":4706,"dDc":5917,"cx":103.791198,"cy":1.355752}},{"type":"Feature","geometry":{"type":"Polygon","coordinates":[[[103.801442,1.465543],[103.803419,1.465543],[103.803419,1.467533],[103.801442,1.467533],[103.801442,1.465543]]]},"properties":{"id":"c87_110","score":57.8,"land":74,"power":0,"fibre":63,"community":95,"dSub":9208,"dDc":1828,"cx":103.80243,"cy":1.466538}},{"type":"Feature","geometry":{"type":"Polygon","coordinates":[[[103.803688,1.467804],[103.805665,1.467804],[103.805665,1.469793],[103.803688,1.469793],[103.803688,1.467804]]]},"properties":{"id":"c88_111","score":63.1,"land":93,"power":0,"fibre":58,"community":94,"dSub":9398,"dDc":2114,"cx":103.804677,"cy":1.468799}},{"type":"Feature","geometry":{"type":"Polygon","coordinates":[[[103.801442,1.461021],[103.803419,1.461021],[103.803419,1.463011],[103.801442,1.463011],[103.801442,1.461021]]]},"properties":{"id":"c87_108","score":67.2,"land":93,"power":0,"fibre":73,"community":99,"dSub":8723,"dDc":1331,"cx":103.80243,"cy":1.462016}},{"type":"Feature","geometry":{"type":"Polygon","coordinates":[[[103.796949,1.45876],[103.798926,1.45876],[103.798926,1.46075],[103.796949,1.46075],[103.796949,1.45876]]]},"properties":{"id":"c85_107","score":64.1,"land":82,"power":0,"fibre":78,"community":99,"dSub":8620,"dDc":1111,"cx":103.797937,"cy":1.459755}},{"type":"Feature","geometry":{"type":"Polygon","coordinates":[[[103.794703,1.45876],[103.796679,1.45876],[103.796679,1.46075],[103.794703,1.46075],[103.794703,1.45876]]]},"properties":{"id":"c84_107","score":69.8,"land":100,"power":0,"fibre":76,"community":98,"dSub":8700,"dDc":1205,"cx":103.795691,"cy":1.459755}},{"type":"Feature","geometry":{"type":"Polygon","coordinates":[[[103.794703,1.456499],[103.796679,1.456499],[103.796679,1.458489],[103.794703,1.458489],[103.794703,1.456499]]]},"properties":{"id":"c84_106","score":43.8,"land":23,"power":0,"fibre":80,"community":99,"dSub":8464,"dDc":991,"cx":103.795691,"cy":1.457494}},{"type":"Feature","geometry":{"type":"Polygon","coordinates":[[[103.796949,1.456499],[103.798926,1.456499],[103.798926,1.458489],[103.796949,1.458489],[103.796949,1.456499]]]},"properties":{"id":"c85_106","score":54.4,"land":53,"power":0,"fibre":83,"community":97,"dSub":8382,"dDc":874,"cx":103.797937,"cy":1.457494}},{"type":"Feature","geometry":{"type":"Polygon","coordinates":[[[103.801442,1.45876],[103.803419,1.45876],[103.803419,1.46075],[103.801442,1.46075],[103.801442,1.45876]]]},"properties":{"id":"c87_107","score":68.5,"land":94,"power":0,"fibre":78,"community":100,"dSub":8481,"dDc":1084,"cx":103.80243,"cy":1.459755}},{"type":"Feature","geometry":{"type":"Polygon","coordinates":[[[103.799195,1.456499],[103.801172,1.456499],[103.801172,1.458489],[103.799195,1.458489],[103.799195,1.456499]]]},"properties":{"id":"c86_106","score":65.9,"land":84,"power":0,"fibre":84,"community":98,"dSub":8307,"dDc":820,"cx":103.800184,"cy":1.457494}},{"type":"Feature","geometry":{"type":"Polygon","coordinates":[[[103.799195,1.45876],[103.801172,1.45876],[103.801172,1.46075],[103.799195,1.46075],[103.799195,1.45876]]]},"properties":{"id":"c86_107","score":58.1,"land":64,"power":0,"fibre":79,"community":100,"dSub":8547,"dDc":1069,"cx":103.800184,"cy":1.459755}},{"type":"Feature","geometry":{"type":"Polygon","coordinates":[[[103.801442,1.456499],[103.803419,1.456499],[103.803419,1.458489],[103.801442,1.458489],[103.801442,1.456499]]]},"properties":{"id":"c87_106","score":70.8,"land":100,"power":0,"fibre":83,"community":96,"dSub":8239,"dDc":840,"cx":103.80243,"cy":1.457494}},{"type":"Feature","geometry":{"type":"Polygon","coordinates":[[[103.805935,1.456499],[103.807911,1.456499],[103.807911,1.458489],[103.805935,1.458489],[103.805935,1.456499]]]},"properties":{"id":"c89_106","score":64.8,"land":86,"power":0,"fibre":79,"community":94,"dSub":8124,"dDc":1070,"cx":103.806923,"cy":1.457494}},{"type":"Feature","geometry":{"type":"Polygon","coordinates":[[[103.801442,1.454238],[103.803419,1.454238],[103.803419,1.456228],[103.801442,1.456228],[103.801442,1.454238]]]},"properties":{"id":"c87_105","score":71.3,"land":99,"power":0,"fibre":88,"community":95,"dSub":7998,"dDc":599,"cx":103.80243,"cy":1.455233}},{"type":"Feature","geometry":{"type":"Polygon","coordinates":[[[103.803688,1.456499],[103.805665,1.456499],[103.805665,1.458489],[103.803688,1.458489],[103.803688,1.456499]]]},"properties":{"id":"c88_106","score":70.6,"land":100,"power":0,"fibre":81,"community":97,"dSub":8178,"dDc":929,"cx":103.804677,"cy":1.457494}},{"type":"Feature","geometry":{"type":"Polygon","coordinates":[[[103.805935,1.45876],[103.807911,1.45876],[103.807911,1.46075],[103.805935,1.46075],[103.805935,1.45876]]]},"properties":{"id":"c89_107","score":68.1,"land":97,"power":0,"fibre":75,"community":96,"dSub":8369,"dDc":1272,"cx":103.806923,"cy":1.459755}},{"type":"Feature","geometry":{"type":"Polygon","coordinates":[[[103.803688,1.45876],[103.805665,1.45876],[103.805665,1.46075],[103.803688,1.46075],[103.803688,1.45876]]]},"properties":{"id":"c88_107","score":58.9,"land":68,"power":0,"fibre":77,"community":99,"dSub":8421,"dDc":1155,"cx":103.804677,"cy":1.459755}},{"type":"Feature","geometry":{"type":"Polygon","coordinates":[[[103.799195,1.454238],[103.801172,1.454238],[103.801172,1.456228],[103.799195,1.456228],[103.799195,1.454238]]]},"properties":{"id":"c86_105","score":46.5,"land":28,"power":0,"fibre":89,"community":94,"dSub":8068,"dDc":571,"cx":103.800184,"cy":1.455233}},{"type":"Feature","geometry":{"type":"Polygon","coordinates":[[[103.801442,1.449716],[103.803419,1.449716],[103.803419,1.451706],[103.801442,1.451706],[103.801442,1.449716]]]},"properties":{"id":"c87_103","score":63.6,"land":82,"power":0,"fibre":96,"community":78,"dSub":7517,"dDc":202,"cx":103.80243,"cy":1.450711}},{"type":"Feature","geometry":{"type":"Polygon","coordinates":[[[103.803688,1.447455],[103.805665,1.447455],[103.805665,1.449445],[103.803688,1.449445],[103.803688,1.447455]]]},"properties":{"id":"c88_102","score":57.3,"land":68,"power":0,"fibre":90,"community":77,"dSub":7208,"dDc":477,"cx":103.804677,"cy":1.44845}},{"type":"Feature","geometry":{"type":"Polygon","coordinates":[[[103.810427,1.447455],[103.812404,1.447455],[103.812404,1.449445],[103.810427,1.449445],[103.810427,1.447455]]]},"properties":{"id":"c91_102","score":50.5,"land":54,"power":0,"fibre":76,"community":82,"dSub":7049,"dDc":1205,"cx":103.811416,"cy":1.44845}},{"type":"Feature","geometry":{"type":"Polygon","coordinates":[[[103.799195,1.449716],[103.801172,1.449716],[103.801172,1.451706],[103.799195,1.451706],[103.799195,1.449716]]]},"properties":{"id":"c86_103","score":56.6,"land":63,"power":0,"fibre":98,"community":75,"dSub":7592,"dDc":90,"cx":103.800184,"cy":1.450711}},{"type":"Feature","geometry":{"type":"Polygon","coordinates":[[[103.796949,1.449716],[103.798926,1.449716],[103.798926,1.451706],[103.796949,1.451706],[103.796949,1.449716]]]},"properties":{"id":"c85_103","score":47.7,"land":38,"power":0,"fibre":94,"community":79,"dSub":7674,"dDc":317,"cx":103.797937,"cy":1.450711}},{"type":"Feature","geometry":{"type":"Polygon","coordinates":[[[103.799195,1.451977],[103.801172,1.451977],[103.801172,1.453967],[103.799195,1.453967],[103.799195,1.451977]]]},"properties":{"id":"c86_104","score":54.8,"land":50,"power":0,"fibre":94,"community":93,"dSub":7830,"dDc":323,"cx":103.800184,"cy":1.452972}},{"type":"Feature","geometry":{"type":"Polygon","coordinates":[[[103.796949,1.451977],[103.798926,1.451977],[103.798926,1.453967],[103.796949,1.453967],[103.796949,1.451977]]]},"properties":{"id":"c85_104","score":49.9,"land":41,"power":0,"fibre":91,"community":87,"dSub":7909,"dDc":443,"cx":103.797937,"cy":1.452972}},{"type":"Feature","geometry":{"type":"Polygon","coordinates":[[[103.794703,1.451977],[103.796679,1.451977],[103.796679,1.453967],[103.794703,1.453967],[103.794703,1.451977]]]},"properties":{"id":"c84_104","score":52.7,"land":48,"power":0,"fibre":87,"community":92,"dSub":7996,"dDc":643,"cx":103.795691,"cy":1.452972}},{"type":"Feature","geometry":{"type":"Polygon","coordinates":[[[103.794703,1.449716],[103.796679,1.449716],[103.796679,1.451706],[103.794703,1.451706],[103.794703,1.449716]]]},"properties":{"id":"c84_103","score":53.0,"land":50,"power":0,"fibre":89,"community":88,"dSub":7763,"dDc":563,"cx":103.795691,"cy":1.450711}},{"type":"Feature","geometry":{"type":"Polygon","coordinates":[[[103.794703,1.447455],[103.796679,1.447455],[103.796679,1.449445],[103.794703,1.449445],[103.794703,1.447455]]]},"properties":{"id":"c84_102","score":63.8,"land":100,"power":0,"fibre":88,"community":56,"dSub":7532,"dDc":588,"cx":103.795691,"cy":1.44845}},{"type":"Feature","geometry":{"type":"Polygon","coordinates":[[[103.792456,1.454238],[103.794433,1.454238],[103.794433,1.456228],[103.792456,1.456228],[103.792456,1.454238]]]},"properties":{"id":"c83_105","score":62.5,"land":78,"power":0,"fibre":80,"community":96,"dSub":8321,"dDc":988,"cx":103.793445,"cy":1.455233}},{"type":"Feature","geometry":{"type":"Polygon","coordinates":[[[103.803688,1.461021],[103.805665,1.461021],[103.805665,1.463011],[103.803688,1.463011],[103.803688,1.461021]]]},"properties":{"id":"c88_108","score":69.2,"land":100,"power":0,"fibre":72,"community":99,"dSub":8665,"dDc":1389,"cx":103.804677,"cy":1.462016}},{"type":"Feature","geometry":{"type":"Polygon","coordinates":[[[103.805935,1.461021],[103.807911,1.461021],[103.807911,1.463011],[103.805935,1.463011],[103.805935,1.461021]]]},"properties":{"id":"c89_108","score":62.6,"land":84,"power":0,"fibre":70,"community":96,"dSub":8614,"dDc":1488,"cx":103.806923,"cy":1.462016}},{"type":"Feature","geometry":{"type":"Polygon","coordinates":[[[103.808181,1.463282],[103.810158,1.463282],[103.810158,1.465272],[103.808181,1.465272],[103.808181,1.463282]]]},"properties":{"id":"c90_109","score":41.1,"land":26,"power":0,"fibre":63,"community":96,"dSub":8817,"dDc":1828,"cx":103.809169,"cy":1.464277}},{"type":"Feature","geometry":{"type":"Polygon","coordinates":[[[103.808181,1.467804],[103.810158,1.467804],[103.810158,1.469793],[103.808181,1.469793],[103.808181,1.467804]]]},"properties":{"id":"c90_111","score":49.7,"land":55,"power":0,"fibre":55,"community":98,"dSub":9311,"dDc":2272,"cx":103.809169,"cy":1.468799}},{"type":"Feature","geometry":{"type":"Polygon","coordinates":[[[103.808181,1.470065],[103.810158,1.470065],[103.810158,1.472054],[103.808181,1.472054],[103.808181,1.470065]]]},"properties":{"id":"c90_112","score":64.7,"land":100,"power":0,"fibre":50,"community":99,"dSub":9558,"dDc":2501,"cx":103.809169,"cy":1.47106}},{"type":"Feature","geometry":{"type":"Polygon","coordinates":[[[103.805935,1.467804],[103.807911,1.467804],[103.807911,1.469793],[103.805935,1.469793],[103.805935,1.467804]]]},"properties":{"id":"c89_111","score":57.7,"land":77,"power":0,"fibre":56,"community":97,"dSub":9352,"dDc":2180,"cx":103.806923,"cy":1.468799}},{"type":"Feature","geometry":{"type":"Polygon","coordinates":[[[103.810427,1.467804],[103.812404,1.467804],[103.812404,1.469793],[103.810427,1.469793],[103.810427,1.467804]]]},"properties":{"id":"c91_111","score":51.6,"land":62,"power":0,"fibre":52,"community":96,"dSub":9277,"dDc":2386,"cx":103.811416,"cy":1.468799}},{"type":"Feature","geometry":{"type":"Polygon","coordinates":[[[103.810427,1.465543],[103.812404,1.465543],[103.812404,1.467533],[103.810427,1.467533],[103.810427,1.465543]]]},"properties":{"id":"c91_110","score":49.5,"land":54,"power":0,"fibre":57,"community":97,"dSub":9029,"dDc":2173,"cx":103.811416,"cy":1.466538}},{"type":"Feature","geometry":{"type":"Polygon","coordinates":[[[103.812674,1.467804],[103.814651,1.467804],[103.814651,1.469793],[103.812674,1.469793],[103.812674,1.467804]]]},"properties":{"id":"c92_111","score":51.3,"land":67,"power":0,"fibre":50,"community":90,"dSub":9250,"dDc":2520,"cx":103.813662,"cy":1.468799}},{"type":"Feature","geometry":{"type":"Polygon","coordinates":[[[103.812674,1.465543],[103.814651,1.465543],[103.814651,1.467533],[103.812674,1.467533],[103.812674,1.465543]]]},"properties":{"id":"c92_110","score":51.5,"land":64,"power":0,"fibre":54,"community":92,"dSub":9001,"dDc":2319,"cx":103.813662,"cy":1.466538}},{"type":"Feature","geometry":{"type":"Polygon","coordinates":[[[103.812674,1.470065],[103.814651,1.470065],[103.814651,1.472054],[103.812674,1.472054],[103.812674,1.470065]]]},"properties":{"id":"c92_112","score":63.7,"land":100,"power":0,"fibre":45,"community":98,"dSub":9499,"dDc":2729,"cx":103.813662,"cy":1.47106}},{"type":"Feature","geometry":{"type":"Polygon","coordinates":[[[103.808181,1.465543],[103.810158,1.465543],[103.810158,1.467533],[103.808181,1.467533],[103.808181,1.465543]]]},"properties":{"id":"c90_110","score":48.5,"land":49,"power":0,"fibre":59,"community":98,"dSub":9064,"dDc":2047,"cx":103.809169,"cy":1.466538}},{"type":"Feature","geometry":{"type":"Polygon","coordinates":[[[103.812674,1.463282],[103.814651,1.463282],[103.814651,1.465272],[103.812674,1.465272],[103.812674,1.463282]]]},"properties":{"id":"c92_109","score":56.3,"land":75,"power":0,"fibre":57,"community":94,"dSub":8752,"dDc":2129,"cx":103.813662,"cy":1.464277}},{"type":"Feature","geometry":{"type":"Polygon","coordinates":[[[103.84637,1.384149],[103.848347,1.384149],[103.848347,1.386139],[103.84637,1.386139],[103.84637,1.384149]]]},"properties":{"id":"c107_74","score":55.8,"land":77,"power":4,"fibre":43,"community":95,"dSub":2866,"dDc":2849,"cx":103.847358,"cy":1.385144}},{"type":"Feature","geometry":{"type":"Polygon","coordinates":[[[103.787963,1.404498],[103.78994,1.404498],[103.78994,1.406487],[103.787963,1.406487],[103.787963,1.404498]]]},"properties":{"id":"c81_83","score":61.5,"land":100,"power":0,"fibre":43,"community":89,"dSub":4252,"dDc":2830,"cx":103.788952,"cy":1.405493}},{"type":"Feature","geometry":{"type":"Polygon","coordinates":[[[103.848616,1.38641],[103.850593,1.38641],[103.850593,1.3884],[103.848616,1.3884],[103.848616,1.38641]]]},"properties":{"id":"c108_75","score":59.0,"land":95,"power":0,"fibre":45,"community":84,"dSub":3122,"dDc":2725,"cx":103.849605,"cy":1.387405}},{"type":"Feature","geometry":{"type":"Polygon","coordinates":[[[103.848616,1.384149],[103.850593,1.384149],[103.850593,1.386139],[103.848616,1.386139],[103.848616,1.384149]]]},"properties":{"id":"c108_74","score":48.6,"land":62,"power":0,"fibre":48,"community":87,"dSub":3116,"dDc":2617,"cx":103.849605,"cy":1.385144}},{"type":"Feature","geometry":{"type":"Polygon","coordinates":[[[103.853109,1.357018],[103.855086,1.357018],[103.855086,1.359008],[103.853109,1.359008],[103.853109,1.357018]]]},"properties":{"id":"c110_62","score":68.3,"land":96,"power":31,"fibre":45,"community":89,"dSub":2067,"dDc":2745,"cx":103.854097,"cy":1.358013}},{"type":"Feature","geometry":{"type":"Polygon","coordinates":[[[103.84637,1.38641],[103.848347,1.38641],[103.848347,1.3884],[103.84637,1.3884],[103.84637,1.38641]]]},"properties":{"id":"c107_75","score":49.9,"land":62,"power":4,"fibre":41,"community":95,"dSub":2873,"dDc":2948,"cx":103.847358,"cy":1.387405}},{"type":"Feature","geometry":{"type":"Polygon","coordinates":[[[103.850863,1.375106],[103.852839,1.375106],[103.852839,1.377095],[103.850863,1.377095],[103.850863,1.375106]]]},"properties":{"id":"c109_70","score":48.6,"land":77,"power":0,"fibre":57,"community":51,"dSub":3477,"dDc":2158,"cx":103.851851,"cy":1.376101}},{"type":"Feature","geometry":{"type":"Polygon","coordinates":[[[103.808181,1.399976],[103.810158,1.399976],[103.810158,1.401966],[103.808181,1.401966],[103.808181,1.399976]]]},"properties":{"id":"c90_81","score":44.6,"land":62,"power":27,"fibre":33,"community":48,"dSub":2198,"dDc":3345,"cx":103.809169,"cy":1.400971}},{"type":"Feature","geometry":{"type":"Polygon","coordinates":[[[103.839631,1.357018],[103.841607,1.357018],[103.841607,1.359008],[103.839631,1.359008],[103.839631,1.357018]]]},"properties":{"id":"c104_62","score":59.9,"land":82,"power":61,"fibre":21,"community":58,"dSub":1173,"dDc":3938,"cx":103.840619,"cy":1.358013}},{"type":"Feature","geometry":{"type":"Polygon","coordinates":[[[103.819413,1.45876],[103.82139,1.45876],[103.82139,1.46075],[103.819413,1.46075],[103.819413,1.45876]]]},"properties":{"id":"c95_107","score":57.4,"land":86,"power":0,"fibre":51,"community":86,"dSub":8209,"dDc":2437,"cx":103.820401,"cy":1.459755}},{"type":"Feature","geometry":{"type":"Polygon","coordinates":[[[103.817167,1.45876],[103.819143,1.45876],[103.819143,1.46075],[103.817167,1.46075],[103.817167,1.45876]]]},"properties":{"id":"c94_107","score":62.8,"land":98,"power":0,"fibre":56,"community":87,"dSub":8217,"dDc":2215,"cx":103.818155,"cy":1.459755}},{"type":"Feature","geometry":{"type":"Polygon","coordinates":[[[103.817167,1.461021],[103.819143,1.461021],[103.819143,1.463011],[103.817167,1.463011],[103.817167,1.461021]]]},"properties":{"id":"c94_108","score":54.9,"land":71,"power":0,"fibre":53,"community":97,"dSub":8466,"dDc":2346,"cx":103.818155,"cy":1.462016}},{"type":"Feature","geometry":{"type":"Polygon","coordinates":[[[103.787963,1.415802],[103.78994,1.415802],[103.78994,1.417792],[103.787963,1.417792],[103.787963,1.415802]]]},"properties":{"id":"c81_88","score":68.1,"land":100,"power":0,"fibre":65,"community":100,"dSub":5016,"dDc":1735,"cx":103.788952,"cy":1.416797}},{"type":"Feature","geometry":{"type":"Polygon","coordinates":[[[103.79021,1.404498],[103.792187,1.404498],[103.792187,1.406487],[103.79021,1.406487],[103.79021,1.404498]]]},"properties":{"id":"c82_83","score":53.3,"land":78,"power":0,"fibre":45,"community":86,"dSub":4041,"dDc":2747,"cx":103.791198,"cy":1.405493}},{"type":"Feature","geometry":{"type":"Polygon","coordinates":[[[103.841877,1.436151],[103.843854,1.436151],[103.843854,1.43814],[103.841877,1.43814],[103.841877,1.436151]]]},"properties":{"id":"c105_97","score":40.6,"land":72,"power":0,"fibre":2,"community":75,"dSub":6178,"dDc":4905,"cx":103.842865,"cy":1.437146}},{"type":"Feature","geometry":{"type":"Polygon","coordinates":[[[103.817167,1.467804],[103.819143,1.467804],[103.819143,1.469793],[103.817167,1.469793],[103.817167,1.467804]]]},"properties":{"id":"c94_111","score":45.3,"land":61,"power":0,"fibre":43,"community":77,"dSub":9216,"dDc":2836,"cx":103.818155,"cy":1.468799}},{"type":"Feature","geometry":{"type":"Polygon","coordinates":[[[103.79021,1.424846],[103.792187,1.424846],[103.792187,1.426836],[103.79021,1.426836],[103.79021,1.424846]]]},"properties":{"id":"c82_92","score":59.0,"land":79,"power":0,"fibre":82,"community":74,"dSub":5597,"dDc":890,"cx":103.791198,"cy":1.425841}},{"type":"Feature","geometry":{"type":"Polygon","coordinates":[[[103.832891,1.45876],[103.834868,1.45876],[103.834868,1.46075],[103.832891,1.46075],[103.832891,1.45876]]]},"properties":{"id":"c101_107","score":53.6,"land":99,"power":0,"fibre":23,"community":72,"dSub":8320,"dDc":3842,"cx":103.83388,"cy":1.459755}},{"type":"Feature","geometry":{"type":"Polygon","coordinates":[[[103.830645,1.45876],[103.832622,1.45876],[103.832622,1.46075],[103.830645,1.46075],[103.830645,1.45876]]]},"properties":{"id":"c100_107","score":50.8,"land":82,"power":0,"fibre":28,"community":84,"dSub":8283,"dDc":3603,"cx":103.831633,"cy":1.459755}},{"type":"Feature","geometry":{"type":"Polygon","coordinates":[[[103.796949,1.465543],[103.798926,1.465543],[103.798926,1.467533],[103.796949,1.467533],[103.796949,1.465543]]]},"properties":{"id":"c85_110","score":67.4,"land":100,"power":0,"fibre":63,"community":99,"dSub":9337,"dDc":1844,"cx":103.797937,"cy":1.466538}},{"type":"Feature","geometry":{"type":"Polygon","coordinates":[[[103.799195,1.465543],[103.801172,1.465543],[103.801172,1.467533],[103.799195,1.467533],[103.799195,1.465543]]]},"properties":{"id":"c86_110","score":65.5,"land":97,"power":0,"fibre":64,"community":94,"dSub":9270,"dDc":1819,"cx":103.800184,"cy":1.466538}},{"type":"Feature","geometry":{"type":"Polygon","coordinates":[[[103.835138,1.463282],[103.837115,1.463282],[103.837115,1.465272],[103.835138,1.465272],[103.835138,1.463282]]]},"properties":{"id":"c102_109","score":49.6,"land":91,"power":0,"fibre":15,"community":73,"dSub":8856,"dDc":4241,"cx":103.836126,"cy":1.464277}},{"type":"Feature","geometry":{"type":"Polygon","coordinates":[[[103.817167,1.420324],[103.819143,1.420324],[103.819143,1.422314],[103.817167,1.422314],[103.817167,1.420324]]]},"properties":{"id":"c94_90","score":44.6,"land":53,"power":0,"fibre":53,"community":78,"dSub":3976,"dDc":2361,"cx":103.818155,"cy":1.421319}},{"type":"Feature","geometry":{"type":"Polygon","coordinates":[[[103.826152,1.368323],[103.828129,1.368323],[103.828129,1.370313],[103.826152,1.370313],[103.826152,1.368323]]]},"properties":{"id":"c98_67","score":43.1,"land":73,"power":37,"fibre":1,"community":41,"dSub":1895,"dDc":4961,"cx":103.827141,"cy":1.369318}},{"type":"Feature","geometry":{"type":"Polygon","coordinates":[[[103.837384,1.384149],[103.839361,1.384149],[103.839361,1.386139],[103.837384,1.386139],[103.837384,1.384149]]]},"properties":{"id":"c103_74","score":40.9,"land":49,"power":38,"fibre":24,"community":48,"dSub":1866,"dDc":3799,"cx":103.838373,"cy":1.385144}},{"type":"Feature","geometry":{"type":"Polygon","coordinates":[[[103.812674,1.40902],[103.814651,1.40902],[103.814651,1.411009],[103.812674,1.411009],[103.812674,1.40902]]]},"properties":{"id":"c92_85","score":43.3,"land":42,"power":5,"fibre":46,"community":91,"dSub":2848,"dDc":2717,"cx":103.813662,"cy":1.410014}},{"type":"Feature","geometry":{"type":"Polygon","coordinates":[[[103.810427,1.40902],[103.812404,1.40902],[103.812404,1.411009],[103.810427,1.411009],[103.810427,1.40902]]]},"properties":{"id":"c91_85","score":56.3,"land":80,"power":2,"fibre":49,"community":90,"dSub":2936,"dDc":2569,"cx":103.811416,"cy":1.410014}},{"type":"Feature","geometry":{"type":"Polygon","coordinates":[[[103.794703,1.461021],[103.796679,1.461021],[103.796679,1.463011],[103.794703,1.463011],[103.794703,1.461021]]]},"properties":{"id":"c84_108","score":40.3,"land":18,"power":0,"fibre":71,"community":98,"dSub":8936,"dDc":1431,"cx":103.795691,"cy":1.462016}},{"type":"Feature","geometry":{"type":"Polygon","coordinates":[[[103.792456,1.461021],[103.794433,1.461021],[103.794433,1.463011],[103.792456,1.463011],[103.792456,1.461021]]]},"properties":{"id":"c83_108","score":54.3,"land":61,"power":0,"fibre":69,"community":96,"dSub":9020,"dDc":1546,"cx":103.793445,"cy":1.462016}},{"type":"Feature","geometry":{"type":"Polygon","coordinates":[[[103.79021,1.461021],[103.792187,1.461021],[103.792187,1.463011],[103.79021,1.463011],[103.79021,1.461021]]]},"properties":{"id":"c82_108","score":63.1,"land":95,"power":0,"fibre":66,"community":84,"dSub":9110,"dDc":1691,"cx":103.791198,"cy":1.462016}},{"type":"Feature","geometry":{"type":"Polygon","coordinates":[[[103.792456,1.463282],[103.794433,1.463282],[103.794433,1.465272],[103.792456,1.465272],[103.792456,1.463282]]]},"properties":{"id":"c83_109","score":66.8,"land":100,"power":0,"fibre":65,"community":94,"dSub":9255,"dDc":1764,"cx":103.793445,"cy":1.464277}},{"type":"Feature","geometry":{"type":"Polygon","coordinates":[[[103.79021,1.454238],[103.792187,1.454238],[103.792187,1.456228],[103.79021,1.456228],[103.79021,1.454238]]]},"properties":{"id":"c82_105","score":59.7,"land":71,"power":0,"fibre":76,"community":99,"dSub":8418,"dDc":1202,"cx":103.791198,"cy":1.455233}},{"type":"Feature","geometry":{"type":"Polygon","coordinates":[[[103.79021,1.449716],[103.792187,1.449716],[103.792187,1.451706],[103.79021,1.451706],[103.79021,1.449716]]]},"properties":{"id":"c82_103","score":56.3,"land":64,"power":0,"fibre":79,"community":91,"dSub":7963,"dDc":1061,"cx":103.791198,"cy":1.450711}},{"type":"Feature","geometry":{"type":"Polygon","coordinates":[[[103.79021,1.447455],[103.792187,1.447455],[103.792187,1.449445],[103.79021,1.449445],[103.79021,1.447455]]]},"properties":{"id":"c82_102","score":41.0,"land":34,"power":0,"fibre":79,"community":67,"dSub":7737,"dDc":1075,"cx":103.791198,"cy":1.44845}},{"type":"Feature","geometry":{"type":"Polygon","coordinates":[[[103.792456,1.449716],[103.794433,1.449716],[103.794433,1.451706],[103.792456,1.451706],[103.792456,1.449716]]]},"properties":{"id":"c83_103","score":43.2,"land":23,"power":0,"fibre":84,"community":91,"dSub":7860,"dDc":812,"cx":103.793445,"cy":1.450711}},{"type":"Feature","geometry":{"type":"Polygon","coordinates":[[[103.81492,1.404498],[103.816897,1.404498],[103.816897,1.406487],[103.81492,1.406487],[103.81492,1.404498]]]},"properties":{"id":"c93_83","score":44.7,"land":53,"power":23,"fibre":35,"community":67,"dSub":2297,"dDc":3266,"cx":103.815909,"cy":1.405493}},{"type":"Feature","geometry":{"type":"Polygon","coordinates":[[[103.819413,1.359279],[103.82139,1.359279],[103.82139,1.361269],[103.819413,1.361269],[103.819413,1.359279]]]},"properties":{"id":"c95_63","score":59.4,"land":100,"power":18,"fibre":0,"community":100,"dSub":2471,"dDc":5915,"cx":103.820401,"cy":1.360274}},{"type":"Feature","geometry":{"type":"Polygon","coordinates":[[[103.823906,1.429368],[103.825883,1.429368],[103.825883,1.431358],[103.823906,1.431358],[103.823906,1.429368]]]},"properties":{"id":"c97_94","score":46.0,"land":83,"power":0,"fibre":41,"community":43,"dSub":4971,"dDc":2945,"cx":103.824894,"cy":1.430363}},{"type":"Feature","geometry":{"type":"Polygon","coordinates":[[[103.828399,1.381888],[103.830375,1.381888],[103.830375,1.383878],[103.828399,1.383878],[103.828399,1.381888]]]},"properties":{"id":"c99_73","score":47.0,"land":47,"power":70,"fibre":6,"community":60,"dSub":914,"dDc":4722,"cx":103.829387,"cy":1.382883}},{"type":"Feature","geometry":{"type":"Polygon","coordinates":[[[103.826152,1.384149],[103.828129,1.384149],[103.828129,1.386139],[103.826152,1.386139],[103.826152,1.384149]]]},"properties":{"id":"c98_74","score":69.3,"land":93,"power":79,"fibre":0,"community":84,"dSub":617,"dDc":5014,"cx":103.827141,"cy":1.385144}},{"type":"Feature","geometry":{"type":"Polygon","coordinates":[[[103.832891,1.402237],[103.834868,1.402237],[103.834868,1.404226],[103.832891,1.404226],[103.832891,1.402237]]]},"properties":{"id":"c101_82","score":58.6,"land":100,"power":20,"fibre":2,"community":90,"dSub":2387,"dDc":4880,"cx":103.83388,"cy":1.403232}},{"type":"Feature","geometry":{"type":"Polygon","coordinates":[[[103.832891,1.395454],[103.834868,1.395454],[103.834868,1.397444],[103.832891,1.397444],[103.832891,1.395454]]]},"properties":{"id":"c101_79","score":42.5,"land":38,"power":39,"fibre":5,"community":91,"dSub":1823,"dDc":4740,"cx":103.83388,"cy":1.396449}},{"type":"Feature","geometry":{"type":"Polygon","coordinates":[[[103.830645,1.404498],[103.832622,1.404498],[103.832622,1.406487],[103.830645,1.406487],[103.830645,1.404498]]]},"properties":{"id":"c100_83","score":56.2,"land":91,"power":18,"fibre":9,"community":90,"dSub":2473,"dDc":4531,"cx":103.831633,"cy":1.405493}},{"type":"Feature","geometry":{"type":"Polygon","coordinates":[[[103.826152,1.38641],[103.828129,1.38641],[103.828129,1.3884],[103.826152,1.3884],[103.826152,1.38641]]]},"properties":{"id":"c98_75","score":53.3,"land":47,"power":78,"fibre":0,"community":87,"dSub":650,"dDc":5071,"cx":103.827141,"cy":1.387405}},{"type":"Feature","geometry":{"type":"Polygon","coordinates":[[[103.828399,1.38641],[103.830375,1.38641],[103.830375,1.3884],[103.828399,1.3884],[103.828399,1.38641]]]},"properties":{"id":"c99_75","score":61.4,"land":73,"power":70,"fibre":3,"community":87,"dSub":890,"dDc":4829,"cx":103.829387,"cy":1.387405}},{"type":"Feature","geometry":{"type":"Polygon","coordinates":[[[103.828399,1.384149],[103.830375,1.384149],[103.830375,1.386139],[103.828399,1.386139],[103.828399,1.384149]]]},"properties":{"id":"c99_74","score":54.3,"land":57,"power":71,"fibre":5,"community":78,"dSub":867,"dDc":4769,"cx":103.829387,"cy":1.385144}},{"type":"Feature","geometry":{"type":"Polygon","coordinates":[[[103.828399,1.388671],[103.830375,1.388671],[103.830375,1.390661],[103.828399,1.390661],[103.828399,1.388671]]]},"properties":{"id":"c99_76","score":59.7,"land":70,"power":67,"fibre":2,"community":91,"dSub":979,"dDc":4901,"cx":103.829387,"cy":1.389666}},{"type":"Feature","geometry":{"type":"Polygon","coordinates":[[[103.830645,1.38641],[103.832622,1.38641],[103.832622,1.3884],[103.830645,1.3884],[103.830645,1.38641]]]},"properties":{"id":"c100_75","score":66.0,"land":100,"power":62,"fibre":8,"community":69,"dSub":1135,"dDc":4589,"cx":103.831633,"cy":1.387405}},{"type":"Feature","geometry":{"type":"Polygon","coordinates":[[[103.830645,1.463282],[103.832622,1.463282],[103.832622,1.465272],[103.830645,1.465272],[103.830645,1.463282]]]},"properties":{"id":"c100_109","score":57.7,"land":96,"power":0,"fibre":24,"community":97,"dSub":8779,"dDc":3781,"cx":103.831633,"cy":1.464277}},{"type":"Feature","geometry":{"type":"Polygon","coordinates":[[[103.830645,1.461021],[103.832622,1.461021],[103.832622,1.463011],[103.830645,1.463011],[103.830645,1.461021]]]},"properties":{"id":"c100_108","score":58.9,"land":100,"power":0,"fibre":26,"community":93,"dSub":8531,"dDc":3684,"cx":103.831633,"cy":1.462016}},{"type":"Feature","geometry":{"type":"Polygon","coordinates":[[[103.830645,1.465543],[103.832622,1.465543],[103.832622,1.467533],[103.830645,1.467533],[103.830645,1.465543]]]},"properties":{"id":"c100_110","score":57.9,"land":100,"power":0,"fibre":22,"community":92,"dSub":9027,"dDc":3891,"cx":103.831633,"cy":1.466538}},{"type":"Feature","geometry":{"type":"Polygon","coordinates":[[[103.819413,1.463282],[103.82139,1.463282],[103.82139,1.465272],[103.819413,1.465272],[103.819413,1.463282]]]},"properties":{"id":"c95_109","score":54.1,"land":73,"power":0,"fibre":46,"community":96,"dSub":8709,"dDc":2694,"cx":103.820401,"cy":1.464277}},{"type":"Feature","geometry":{"type":"Polygon","coordinates":[[[103.821659,1.463282],[103.823636,1.463282],[103.823636,1.465272],[103.821659,1.465272],[103.821659,1.463282]]]},"properties":{"id":"c96_109","score":62.8,"land":100,"power":0,"fibre":42,"community":97,"dSub":8708,"dDc":2901,"cx":103.822648,"cy":1.464277}},{"type":"Feature","geometry":{"type":"Polygon","coordinates":[[[103.821659,1.461021],[103.823636,1.461021],[103.823636,1.463011],[103.821659,1.463011],[103.821659,1.461021]]]},"properties":{"id":"c96_108","score":62.5,"land":100,"power":0,"fibre":45,"community":93,"dSub":8458,"dDc":2774,"cx":103.822648,"cy":1.462016}},{"type":"Feature","geometry":{"type":"Polygon","coordinates":[[[103.850863,1.384149],[103.852839,1.384149],[103.852839,1.386139],[103.850863,1.386139],[103.850863,1.384149]]]},"properties":{"id":"c109_74","score":53.8,"land":80,"power":0,"fibre":52,"community":77,"dSub":3366,"dDc":2389,"cx":103.851851,"cy":1.385144}},{"type":"Feature","geometry":{"type":"Polygon","coordinates":[[[103.810427,1.413542],[103.812404,1.413542],[103.812404,1.415531],[103.810427,1.415531],[103.810427,1.413542]]]},"properties":{"id":"c91_87","score":41.1,"land":34,"power":0,"fibre":57,"community":89,"dSub":3402,"dDc":2173,"cx":103.811416,"cy":1.414536}},{"type":"Feature","geometry":{"type":"Polygon","coordinates":[[[103.808181,1.456499],[103.810158,1.456499],[103.810158,1.458489],[103.808181,1.458489],[103.808181,1.456499]]]},"properties":{"id":"c90_106","score":62.3,"land":79,"power":0,"fibre":75,"community":98,"dSub":8077,"dDc":1246,"cx":103.809169,"cy":1.457494}},{"type":"Feature","geometry":{"type":"Polygon","coordinates":[[[103.805935,1.454238],[103.807911,1.454238],[103.807911,1.456228],[103.805935,1.456228],[103.805935,1.454238]]]},"properties":{"id":"c89_105","score":49.7,"land":41,"power":0,"fibre":82,"community":95,"dSub":7879,"dDc":894,"cx":103.806923,"cy":1.455233}},{"type":"Feature","geometry":{"type":"Polygon","coordinates":[[[103.808181,1.45876],[103.810158,1.45876],[103.810158,1.46075],[103.808181,1.46075],[103.808181,1.45876]]]},"properties":{"id":"c90_107","score":64.1,"land":88,"power":0,"fibre":72,"community":95,"dSub":8324,"dDc":1423,"cx":103.809169,"cy":1.459755}},{"type":"Feature","geometry":{"type":"Polygon","coordinates":[[[103.805935,1.411281],[103.807911,1.411281],[103.807911,1.41327],[103.805935,1.41327],[103.805935,1.411281]]]},"properties":{"id":"c89_86","score":60.8,"land":92,"power":0,"fibre":58,"community":86,"dSub":3379,"dDc":2099,"cx":103.806923,"cy":1.412275}},{"type":"Feature","geometry":{"type":"Polygon","coordinates":[[[103.787963,1.447455],[103.78994,1.447455],[103.78994,1.449445],[103.787963,1.449445],[103.787963,1.447455]]]},"properties":{"id":"c81_102","score":68.2,"land":100,"power":0,"fibre":77,"community":89,"dSub":7850,"dDc":1135,"cx":103.788952,"cy":1.44845}},{"type":"Feature","geometry":{"type":"Polygon","coordinates":[[[103.817167,1.465543],[103.819143,1.465543],[103.819143,1.467533],[103.817167,1.467533],[103.817167,1.465543]]]},"properties":{"id":"c94_110","score":53.2,"land":78,"power":0,"fibre":47,"community":82,"dSub":8966,"dDc":2659,"cx":103.818155,"cy":1.466538}},{"type":"Feature","geometry":{"type":"Polygon","coordinates":[[[103.81492,1.465543],[103.816897,1.465543],[103.816897,1.467533],[103.81492,1.467533],[103.81492,1.465543]]]},"properties":{"id":"c93_110","score":41.8,"land":41,"power":0,"fibre":50,"community":88,"dSub":8980,"dDc":2482,"cx":103.815909,"cy":1.466538}},{"type":"Feature","geometry":{"type":"Polygon","coordinates":[[[103.817167,1.463282],[103.819143,1.463282],[103.819143,1.465272],[103.817167,1.465272],[103.817167,1.463282]]]},"properties":{"id":"c94_109","score":60.4,"land":92,"power":0,"fibre":50,"community":91,"dSub":8716,"dDc":2495,"cx":103.818155,"cy":1.464277}},{"type":"Feature","geometry":{"type":"Polygon","coordinates":[[[103.823906,1.461021],[103.825883,1.461021],[103.825883,1.463011],[103.823906,1.463011],[103.823906,1.461021]]]},"properties":{"id":"c97_108","score":60.0,"land":97,"power":0,"fibre":40,"community":90,"dSub":8465,"dDc":2996,"cx":103.824894,"cy":1.462016}},{"type":"Feature","geometry":{"type":"Polygon","coordinates":[[[103.810427,1.395454],[103.812404,1.395454],[103.812404,1.397444],[103.810427,1.397444],[103.810427,1.395454]]]},"properties":{"id":"c91_79","score":64.9,"land":100,"power":45,"fibre":22,"community":72,"dSub":1657,"dDc":3902,"cx":103.811416,"cy":1.396449}},{"type":"Feature","geometry":{"type":"Polygon","coordinates":[[[103.844123,1.436151],[103.8461,1.436151],[103.8461,1.43814],[103.844123,1.43814],[103.844123,1.436151]]]},"properties":{"id":"c106_97","score":46.4,"land":87,"power":0,"fibre":0,"community":80,"dSub":6278,"dDc":5144,"cx":103.845112,"cy":1.437146}},{"type":"Feature","geometry":{"type":"Polygon","coordinates":[[[103.803688,1.43389],[103.805665,1.43389],[103.805665,1.435879],[103.803688,1.435879],[103.803688,1.43389]]]},"properties":{"id":"c88_96","score":64.0,"land":100,"power":0,"fibre":81,"community":64,"dSub":5774,"dDc":933,"cx":103.804677,"cy":1.434885}},{"type":"Feature","geometry":{"type":"Polygon","coordinates":[[[103.805935,1.436151],[103.807911,1.436151],[103.807911,1.43814],[103.805935,1.43814],[103.805935,1.436151]]]},"properties":{"id":"c89_97","score":64.0,"land":100,"power":0,"fibre":74,"community":71,"dSub":5937,"dDc":1286,"cx":103.806923,"cy":1.437146}},{"type":"Feature","geometry":{"type":"Polygon","coordinates":[[[103.799195,1.429368],[103.801172,1.429368],[103.801172,1.431358],[103.799195,1.431358],[103.799195,1.429368]]]},"properties":{"id":"c86_94","score":48.5,"land":63,"power":0,"fibre":95,"community":38,"dSub":5501,"dDc":229,"cx":103.800184,"cy":1.430363}},{"type":"Feature","geometry":{"type":"Polygon","coordinates":[[[103.796949,1.463282],[103.798926,1.463282],[103.798926,1.465272],[103.796949,1.465272],[103.796949,1.463282]]]},"properties":{"id":"c85_109","score":68.5,"land":100,"power":0,"fibre":68,"community":99,"dSub":9097,"dDc":1598,"cx":103.797937,"cy":1.464277}},{"type":"Feature","geometry":{"type":"Polygon","coordinates":[[[103.799195,1.463282],[103.801172,1.463282],[103.801172,1.465272],[103.799195,1.465272],[103.799195,1.463282]]]},"properties":{"id":"c86_109","score":68.3,"land":100,"power":0,"fibre":69,"community":98,"dSub":9028,"dDc":1569,"cx":103.800184,"cy":1.464277}},{"type":"Feature","geometry":{"type":"Polygon","coordinates":[[[103.799195,1.461021],[103.801172,1.461021],[103.801172,1.463011],[103.799195,1.463011],[103.799195,1.461021]]]},"properties":{"id":"c86_108","score":69.6,"land":100,"power":0,"fibre":74,"community":99,"dSub":8787,"dDc":1319,"cx":103.800184,"cy":1.462016}},{"type":"Feature","geometry":{"type":"Polygon","coordinates":[[[103.796949,1.418063],[103.798926,1.418063],[103.798926,1.420053],[103.796949,1.420053],[103.796949,1.418063]]]},"properties":{"id":"c85_89","score":70.1,"land":100,"power":0,"fibre":77,"community":98,"dSub":4548,"dDc":1127,"cx":103.797937,"cy":1.419058}},{"type":"Feature","geometry":{"type":"Polygon","coordinates":[[[103.794703,1.420324],[103.796679,1.420324],[103.796679,1.422314],[103.794703,1.422314],[103.794703,1.420324]]]},"properties":{"id":"c84_90","score":53.5,"land":50,"power":0,"fibre":81,"community":99,"dSub":4897,"dDc":928,"cx":103.795691,"cy":1.421319}},{"type":"Feature","geometry":{"type":"Polygon","coordinates":[[[103.828399,1.465543],[103.830375,1.465543],[103.830375,1.467533],[103.828399,1.467533],[103.828399,1.465543]]]},"properties":{"id":"c99_110","score":60.3,"land":100,"power":0,"fibre":27,"community":100,"dSub":8999,"dDc":3672,"cx":103.829387,"cy":1.466538}},{"type":"Feature","geometry":{"type":"Polygon","coordinates":[[[103.828399,1.461021],[103.830375,1.461021],[103.830375,1.463011],[103.828399,1.463011],[103.828399,1.461021]]]},"properties":{"id":"c99_108","score":59.7,"land":100,"power":0,"fibre":31,"community":92,"dSub":8502,"dDc":3452,"cx":103.829387,"cy":1.462016}},{"type":"Feature","geometry":{"type":"Polygon","coordinates":[[[103.826152,1.463282],[103.828129,1.463282],[103.828129,1.465272],[103.826152,1.465272],[103.826152,1.463282]]]},"properties":{"id":"c98_109","score":61.3,"land":100,"power":0,"fibre":33,"community":98,"dSub":8729,"dDc":3332,"cx":103.827141,"cy":1.464277}},{"type":"Feature","geometry":{"type":"Polygon","coordinates":[[[103.826152,1.465543],[103.828129,1.465543],[103.828129,1.467533],[103.826152,1.467533],[103.826152,1.465543]]]},"properties":{"id":"c98_110","score":61.2,"land":100,"power":0,"fibre":31,"community":100,"dSub":8979,"dDc":3457,"cx":103.827141,"cy":1.466538}},{"type":"Feature","geometry":{"type":"Polygon","coordinates":[[[103.828399,1.463282],[103.830375,1.463282],[103.830375,1.465272],[103.828399,1.465272],[103.828399,1.463282]]]},"properties":{"id":"c99_109","score":60.5,"land":100,"power":0,"fibre":29,"community":99,"dSub":8750,"dDc":3555,"cx":103.829387,"cy":1.464277}},{"type":"Feature","geometry":{"type":"Polygon","coordinates":[[[103.817167,1.411281],[103.819143,1.411281],[103.819143,1.41327],[103.817167,1.41327],[103.817167,1.411281]]]},"properties":{"id":"c94_86","score":42.9,"land":42,"power":1,"fibre":42,"community":97,"dSub":2982,"dDc":2885,"cx":103.818155,"cy":1.412275}},{"type":"Feature","geometry":{"type":"Polygon","coordinates":[[[103.823906,1.411281],[103.825883,1.411281],[103.825883,1.41327],[103.823906,1.41327],[103.823906,1.411281]]]},"properties":{"id":"c97_86","score":59.0,"land":100,"power":1,"fibre":30,"community":89,"dSub":2980,"dDc":3489,"cx":103.824894,"cy":1.412275}},{"type":"Feature","geometry":{"type":"Polygon","coordinates":[[[103.812674,1.445195],[103.814651,1.445195],[103.814651,1.447184],[103.812674,1.447184],[103.812674,1.445195]]]},"properties":{"id":"c92_101","score":44.9,"land":53,"power":0,"fibre":70,"community":61,"dSub":6766,"dDc":1504,"cx":103.813662,"cy":1.446189}},{"type":"Feature","geometry":{"type":"Polygon","coordinates":[[[103.799195,1.415802],[103.801172,1.415802],[103.801172,1.417792],[103.799195,1.417792],[103.799195,1.415802]]]},"properties":{"id":"c86_88","score":69.2,"land":100,"power":0,"fibre":72,"community":99,"dSub":4200,"dDc":1389,"cx":103.800184,"cy":1.416797}},{"type":"Feature","geometry":{"type":"Polygon","coordinates":[[[103.799195,1.427107],[103.801172,1.427107],[103.801172,1.429097],[103.799195,1.429097],[103.799195,1.427107]]]},"properties":{"id":"c86_93","score":66.4,"land":100,"power":0,"fibre":95,"community":62,"dSub":5277,"dDc":230,"cx":103.800184,"cy":1.428102}},{"type":"Feature","geometry":{"type":"Polygon","coordinates":[[[103.837384,1.393193],[103.839361,1.393193],[103.839361,1.395183],[103.837384,1.395183],[103.837384,1.393193]]]},"properties":{"id":"c103_78","score":63.1,"land":100,"power":30,"fibre":16,"community":86,"dSub":2097,"dDc":4181,"cx":103.838373,"cy":1.394188}},{"type":"Feature","geometry":{"type":"Polygon","coordinates":[[[103.839631,1.393193],[103.841607,1.393193],[103.841607,1.395183],[103.839631,1.395183],[103.839631,1.393193]]]},"properties":{"id":"c104_78","score":61.2,"land":100,"power":23,"fibre":21,"community":82,"dSub":2322,"dDc":3965,"cx":103.840619,"cy":1.394188}},{"type":"Feature","geometry":{"type":"Polygon","coordinates":[[[103.787963,1.456499],[103.78994,1.456499],[103.78994,1.458489],[103.787963,1.458489],[103.787963,1.456499]]]},"properties":{"id":"c81_106","score":68.7,"land":100,"power":0,"fibre":69,"community":100,"dSub":8748,"dDc":1544,"cx":103.788952,"cy":1.457494}},{"type":"Feature","geometry":{"type":"Polygon","coordinates":[[[103.792456,1.456499],[103.794433,1.456499],[103.794433,1.458489],[103.792456,1.458489],[103.792456,1.456499]]]},"properties":{"id":"c83_106","score":70.0,"land":100,"power":0,"fibre":77,"community":98,"dSub":8553,"dDc":1150,"cx":103.793445,"cy":1.457494}},{"type":"Feature","geometry":{"type":"Polygon","coordinates":[[[103.803688,1.372845],[103.805665,1.372845],[103.805665,1.374834],[103.803688,1.374834],[103.803688,1.372845]]]},"properties":{"id":"c88_69","score":49.9,"land":100,"power":24,"fibre":0,"community":45,"dSub":2285,"dDc":6164,"cx":103.804677,"cy":1.37384}},{"type":"Feature","geometry":{"type":"Polygon","coordinates":[[[103.823906,1.366062],[103.825883,1.366062],[103.825883,1.368052],[103.823906,1.368052],[103.823906,1.366062]]]},"properties":{"id":"c97_66","score":59.1,"land":100,"power":31,"fibre":0,"community":82,"dSub":2075,"dDc":5249,"cx":103.824894,"cy":1.367057}},{"type":"Feature","geometry":{"type":"Polygon","coordinates":[[[103.823906,1.463282],[103.825883,1.463282],[103.825883,1.465272],[103.823906,1.465272],[103.823906,1.463282]]]},"properties":{"id":"c97_109","score":62.1,"land":100,"power":0,"fibre":38,"community":98,"dSub":8715,"dDc":3114,"cx":103.824894,"cy":1.464277}},{"type":"Feature","geometry":{"type":"Polygon","coordinates":[[[103.81492,1.440673],[103.816897,1.440673],[103.816897,1.442662],[103.81492,1.442662],[103.81492,1.440673]]]},"properties":{"id":"c93_99","score":60.4,"land":100,"power":0,"fibre":61,"community":66,"dSub":6240,"dDc":1931,"cx":103.815909,"cy":1.441667}},{"type":"Feature","geometry":{"type":"Polygon","coordinates":[[[103.787963,1.406759],[103.78994,1.406759],[103.78994,1.408748],[103.787963,1.408748],[103.787963,1.406759]]]},"properties":{"id":"c81_84","score":63.0,"land":100,"power":0,"fibre":48,"community":92,"dSub":4387,"dDc":2600,"cx":103.788952,"cy":1.407754}},{"type":"Feature","geometry":{"type":"Polygon","coordinates":[[[103.810427,1.370584],[103.812404,1.370584],[103.812404,1.372573],[103.810427,1.372573],[103.810427,1.370584]]]},"properties":{"id":"c91_68","score":45.7,"land":100,"power":36,"fibre":0,"community":8,"dSub":1915,"dDc":6536,"cx":103.811416,"cy":1.371579}},{"type":"Feature","geometry":{"type":"Polygon","coordinates":[[[103.805935,1.422585],[103.807911,1.422585],[103.807911,1.424575],[103.805935,1.424575],[103.805935,1.422585]]]},"properties":{"id":"c89_91","score":69.5,"land":100,"power":0,"fibre":77,"community":95,"dSub":4514,"dDc":1131,"cx":103.806923,"cy":1.42358}},{"type":"Feature","geometry":{"type":"Polygon","coordinates":[[[103.805935,1.424846],[103.807911,1.424846],[103.807911,1.426836],[103.805935,1.426836],[103.805935,1.424846]]]},"properties":{"id":"c89_92","score":69.9,"land":100,"power":0,"fibre":80,"community":95,"dSub":4748,"dDc":1014,"cx":103.806923,"cy":1.425841}},{"type":"Feature","geometry":{"type":"Polygon","coordinates":[[[104.001371,1.377367],[104.003348,1.377367],[104.003348,1.379356],[104.001371,1.379356],[104.001371,1.377367]]]},"properties":{"id":"c176_71","score":52.0,"land":83,"power":0,"fibre":15,"community":100,"dSub":5702,"dDc":4245,"cx":104.00236,"cy":1.378361}},{"type":"Feature","geometry":{"type":"Polygon","coordinates":[[[103.951951,1.377367],[103.953927,1.377367],[103.953927,1.379356],[103.951951,1.379356],[103.951951,1.377367]]]},"properties":{"id":"c154_71","score":45.9,"land":2,"power":55,"fibre":71,"community":87,"dSub":1336,"dDc":1456,"cx":103.952939,"cy":1.378361}},{"type":"Feature","geometry":{"type":"Polygon","coordinates":[[[103.909269,1.334409],[103.911246,1.334409],[103.911246,1.336399],[103.909269,1.336399],[103.909269,1.334409]]]},"properties":{"id":"c135_52","score":55.7,"land":57,"power":55,"fibre":65,"community":45,"dSub":1354,"dDc":1746,"cx":103.910257,"cy":1.335404}},{"type":"Feature","geometry":{"type":"Polygon","coordinates":[[[103.911515,1.341192],[103.913492,1.341192],[103.913492,1.343181],[103.911515,1.343181],[103.911515,1.341192]]]},"properties":{"id":"c136_55","score":74.7,"land":96,"power":37,"fibre":59,"community":100,"dSub":1886,"dDc":2062,"cx":103.912504,"cy":1.342187}},{"type":"Feature","geometry":{"type":"Polygon","coordinates":[[[103.976661,1.372845],[103.978638,1.372845],[103.978638,1.374834],[103.976661,1.374834],[103.976661,1.372845]]]},"properties":{"id":"c165_69","score":40.2,"land":20,"power":3,"fibre":71,"community":91,"dSub":2916,"dDc":1453,"cx":103.977649,"cy":1.37384}},{"type":"Feature","geometry":{"type":"Polygon","coordinates":[[[103.972168,1.352496],[103.974145,1.352496],[103.974145,1.354486],[103.972168,1.354486],[103.972168,1.352496]]]},"properties":{"id":"c163_60","score":64.7,"land":91,"power":10,"fibre":54,"community":98,"dSub":2695,"dDc":2306,"cx":103.973157,"cy":1.353491}},{"type":"Feature","geometry":{"type":"Polygon","coordinates":[[[103.963183,1.370584],[103.965159,1.370584],[103.965159,1.372573],[103.963183,1.372573],[103.963183,1.370584]]]},"properties":{"id":"c159_68","score":59.7,"land":46,"power":53,"fibre":98,"community":54,"dSub":1420,"dDc":117,"cx":103.964171,"cy":1.371579}},{"type":"Feature","geometry":{"type":"Polygon","coordinates":[[[103.945211,1.33667],[103.947188,1.33667],[103.947188,1.33866],[103.945211,1.33866],[103.945211,1.33667]]]},"properties":{"id":"c151_53","score":57.2,"land":97,"power":8,"fibre":13,"community":94,"dSub":2767,"dDc":4367,"cx":103.9462,"cy":1.337665}},{"type":"Feature","geometry":{"type":"Polygon","coordinates":[[[103.945211,1.334409],[103.947188,1.334409],[103.947188,1.336399],[103.945211,1.336399],[103.945211,1.334409]]]},"properties":{"id":"c151_52","score":47.9,"land":81,"power":13,"fibre":8,"community":74,"dSub":2613,"dDc":4589,"cx":103.9462,"cy":1.335404}},{"type":"Feature","geometry":{"type":"Polygon","coordinates":[[[103.909269,1.372845],[103.911246,1.372845],[103.911246,1.374834],[103.909269,1.374834],[103.909269,1.372845]]]},"properties":{"id":"c135_69","score":61.1,"land":100,"power":0,"fibre":31,"community":100,"dSub":4731,"dDc":3465,"cx":103.910257,"cy":1.37384}},{"type":"Feature","geometry":{"type":"Polygon","coordinates":[[[103.972168,1.366062],[103.974145,1.366062],[103.974145,1.368052],[103.972168,1.368052],[103.972168,1.366062]]]},"properties":{"id":"c163_66","score":63.2,"land":79,"power":23,"fibre":78,"community":71,"dSub":2295,"dDc":1122,"cx":103.973157,"cy":1.367057}},{"type":"Feature","geometry":{"type":"Polygon","coordinates":[[[103.942965,1.33667],[103.944942,1.33667],[103.944942,1.33866],[103.942965,1.33866],[103.942965,1.33667]]]},"properties":{"id":"c150_53","score":59.4,"land":99,"power":14,"fibre":10,"community":96,"dSub":2580,"dDc":4490,"cx":103.943953,"cy":1.337665}},{"type":"Feature","geometry":{"type":"Polygon","coordinates":[[[103.951951,1.372845],[103.953927,1.372845],[103.953927,1.374834],[103.951951,1.374834],[103.951951,1.372845]]]},"properties":{"id":"c154_69","score":55.7,"land":33,"power":72,"fibre":74,"community":56,"dSub":836,"dDc":1313,"cx":103.952939,"cy":1.37384}},{"type":"Feature","geometry":{"type":"Polygon","coordinates":[[[103.933979,1.381888],[103.935956,1.381888],[103.935956,1.383878],[103.933979,1.383878],[103.933979,1.381888]]]},"properties":{"id":"c146_73","score":52.3,"land":88,"power":11,"fibre":30,"community":63,"dSub":2683,"dDc":3498,"cx":103.934968,"cy":1.382883}},{"type":"Feature","geometry":{"type":"Polygon","coordinates":[[[103.95869,1.368323],[103.960667,1.368323],[103.960667,1.370313],[103.95869,1.370313],[103.95869,1.368323]]]},"properties":{"id":"c157_67","score":41.8,"land":8,"power":71,"fibre":87,"community":19,"dSub":861,"dDc":657,"cx":103.959678,"cy":1.369318}},{"type":"Feature","geometry":{"type":"Polygon","coordinates":[[[103.918255,1.329887],[103.920231,1.329887],[103.920231,1.331877],[103.918255,1.331877],[103.918255,1.329887]]]},"properties":{"id":"c139_50","score":47.9,"land":45,"power":55,"fibre":44,"community":48,"dSub":1351,"dDc":2790,"cx":103.919243,"cy":1.330882}},{"type":"Feature","geometry":{"type":"Polygon","coordinates":[[[103.931733,1.372845],[103.93371,1.372845],[103.93371,1.374834],[103.931733,1.374834],[103.931733,1.372845]]]},"properties":{"id":"c145_69","score":40.5,"land":33,"power":21,"fibre":29,"community":89,"dSub":2359,"dDc":3557,"cx":103.932721,"cy":1.37384}},{"type":"Feature","geometry":{"type":"Polygon","coordinates":[[[103.931733,1.370584],[103.93371,1.370584],[103.93371,1.372573],[103.931733,1.372573],[103.931733,1.370584]]]},"properties":{"id":"c145_68","score":46.8,"land":49,"power":24,"fibre":29,"community":90,"dSub":2283,"dDc":3556,"cx":103.932721,"cy":1.371579}},{"type":"Feature","geometry":{"type":"Polygon","coordinates":[[[103.949704,1.338931],[103.951681,1.338931],[103.951681,1.34092],[103.949704,1.34092],[103.949704,1.338931]]]},"properties":{"id":"c153_54","score":42.7,"land":71,"power":3,"fibre":22,"community":65,"dSub":2922,"dDc":3924,"cx":103.950693,"cy":1.339926}},{"type":"Feature","geometry":{"type":"Polygon","coordinates":[[[103.963183,1.350235],[103.965159,1.350235],[103.965159,1.352225],[103.963183,1.352225],[103.963183,1.350235]]]},"properties":{"id":"c159_59","score":52.2,"land":63,"power":30,"fibre":53,"community":60,"dSub":2108,"dDc":2354,"cx":103.964171,"cy":1.35123}},{"type":"Feature","geometry":{"type":"Polygon","coordinates":[[[103.992386,1.370584],[103.994363,1.370584],[103.994363,1.372573],[103.992386,1.372573],[103.992386,1.370584]]]},"properties":{"id":"c172_68","score":62.0,"land":99,"power":0,"fibre":36,"community":100,"dSub":4581,"dDc":3197,"cx":103.993374,"cy":1.371579}},{"type":"Feature","geometry":{"type":"Polygon","coordinates":[[[103.994632,1.372845],[103.996609,1.372845],[103.996609,1.374834],[103.994632,1.374834],[103.994632,1.372845]]]},"properties":{"id":"c173_69","score":61.2,"land":100,"power":0,"fibre":31,"community":100,"dSub":4866,"dDc":3449,"cx":103.995621,"cy":1.37384}},{"type":"Feature","geometry":{"type":"Polygon","coordinates":[[[103.994632,1.370584],[103.996609,1.370584],[103.996609,1.372573],[103.994632,1.372573],[103.994632,1.370584]]]},"properties":{"id":"c173_68","score":57.1,"land":88,"power":0,"fibre":31,"community":100,"dSub":4829,"dDc":3447,"cx":103.995621,"cy":1.371579}},{"type":"Feature","geometry":{"type":"Polygon","coordinates":[[[103.996879,1.381888],[103.998855,1.381888],[103.998855,1.383878],[103.996879,1.383878],[103.996879,1.381888]]]},"properties":{"id":"c174_73","score":44.0,"land":56,"power":0,"fibre":23,"community":99,"dSub":5367,"dDc":3870,"cx":103.997867,"cy":1.382883}},{"type":"Feature","geometry":{"type":"Polygon","coordinates":[[[103.999125,1.384149],[104.001102,1.384149],[104.001102,1.386139],[103.999125,1.386139],[103.999125,1.384149]]]},"properties":{"id":"c175_74","score":48.7,"land":73,"power":0,"fibre":16,"community":99,"dSub":5689,"dDc":4186,"cx":104.000113,"cy":1.385144}},{"type":"Feature","geometry":{"type":"Polygon","coordinates":[[[103.996879,1.375106],[103.998855,1.375106],[103.998855,1.377095],[103.996879,1.377095],[103.996879,1.375106]]]},"properties":{"id":"c174_70","score":60.1,"land":100,"power":0,"fibre":26,"community":100,"dSub":5159,"dDc":3717,"cx":103.997867,"cy":1.376101}},{"type":"Feature","geometry":{"type":"Polygon","coordinates":[[[103.999125,1.381888],[104.001102,1.381888],[104.001102,1.383878],[103.999125,1.383878],[103.999125,1.381888]]]},"properties":{"id":"c175_73","score":58.3,"land":100,"power":0,"fibre":18,"community":99,"dSub":5603,"dDc":4109,"cx":104.000113,"cy":1.382883}},{"type":"Feature","geometry":{"type":"Polygon","coordinates":[[[103.960936,1.329887],[103.962913,1.329887],[103.962913,1.331877],[103.960936,1.331877],[103.960936,1.329887]]]},"properties":{"id":"c158_50","score":55.0,"land":96,"power":0,"fibre":8,"community":99,"dSub":4005,"dDc":4613,"cx":103.961925,"cy":1.330882}},{"type":"Feature","geometry":{"type":"Polygon","coordinates":[[[103.963183,1.327626],[103.965159,1.327626],[103.965159,1.329616],[103.963183,1.329616],[103.963183,1.327626]]]},"properties":{"id":"c159_49","score":55.5,"land":100,"power":0,"fibre":3,"community":99,"dSub":4194,"dDc":4854,"cx":103.964171,"cy":1.328621}},{"type":"Feature","geometry":{"type":"Polygon","coordinates":[[[104.030575,1.406759],[104.032551,1.406759],[104.032551,1.408748],[104.030575,1.408748],[104.030575,1.406759]]]},"properties":{"id":"c189_84","score":51.6,"land":100,"power":0,"fibre":0,"community":83,"dSub":9917,"dDc":8404,"cx":104.031563,"cy":1.407754}},{"type":"Feature","geometry":{"type":"Polygon","coordinates":[[[104.028328,1.40902],[104.030305,1.40902],[104.030305,1.411009],[104.028328,1.411009],[104.028328,1.40902]]]},"properties":{"id":"c188_85","score":48.8,"land":84,"power":0,"fibre":0,"community":96,"dSub":9817,"dDc":8305,"cx":104.029317,"cy":1.410014}},{"type":"Feature","geometry":{"type":"Polygon","coordinates":[[[103.916008,1.329887],[103.917985,1.329887],[103.917985,1.331877],[103.916008,1.331877],[103.916008,1.329887]]]},"properties":{"id":"c138_50","score":56.3,"land":73,"power":49,"fibre":49,"community":43,"dSub":1525,"dDc":2540,"cx":103.916997,"cy":1.330882}},{"type":"Feature","geometry":{"type":"Polygon","coordinates":[[[103.949704,1.334409],[103.951681,1.334409],[103.951681,1.336399],[103.949704,1.336399],[103.949704,1.334409]]]},"properties":{"id":"c153_52","score":49.9,"land":92,"power":0,"fibre":12,"community":76,"dSub":3033,"dDc":4388,"cx":103.950693,"cy":1.335404}},{"type":"Feature","geometry":{"type":"Polygon","coordinates":[[[103.947458,1.334409],[103.949435,1.334409],[103.949435,1.336399],[103.947458,1.336399],[103.947458,1.334409]]]},"properties":{"id":"c152_52","score":44.2,"land":73,"power":6,"fibre":10,"community":76,"dSub":2820,"dDc":4482,"cx":103.948446,"cy":1.335404}},{"type":"Feature","geometry":{"type":"Polygon","coordinates":[[[103.967675,1.345714],[103.969652,1.345714],[103.969652,1.347703],[103.967675,1.347703],[103.967675,1.345714]]]},"properties":{"id":"c161_57","score":64.7,"land":99,"power":6,"fibre":42,"community":99,"dSub":2811,"dDc":2888,"cx":103.968664,"cy":1.346708}},{"type":"Feature","geometry":{"type":"Polygon","coordinates":[[[103.929487,1.320843],[103.931463,1.320843],[103.931463,1.322833],[103.929487,1.322833],[103.929487,1.320843]]]},"properties":{"id":"c144_46","score":76.0,"land":100,"power":88,"fibre":16,"community":80,"dSub":372,"dDc":4204,"cx":103.930475,"cy":1.321838}},{"type":"Feature","geometry":{"type":"Polygon","coordinates":[[[103.929487,1.318582],[103.931463,1.318582],[103.931463,1.320572],[103.929487,1.320572],[103.929487,1.318582]]]},"properties":{"id":"c144_45","score":73.7,"land":99,"power":86,"fibre":14,"community":74,"dSub":434,"dDc":4281,"cx":103.930475,"cy":1.319577}},{"type":"Feature","geometry":{"type":"Polygon","coordinates":[[[103.931733,1.318582],[103.93371,1.318582],[103.93371,1.320572],[103.931733,1.320572],[103.931733,1.318582]]]},"properties":{"id":"c145_45","score":61.5,"land":74,"power":78,"fibre":10,"community":71,"dSub":661,"dDc":4517,"cx":103.932721,"cy":1.319577}},{"type":"Feature","geometry":{"type":"Polygon","coordinates":[[[103.92724,1.318582],[103.929217,1.318582],[103.929217,1.320572],[103.92724,1.320572],[103.92724,1.318582]]]},"properties":{"id":"c143_45","score":63.9,"land":71,"power":92,"fibre":19,"community":62,"dSub":255,"dDc":4046,"cx":103.928229,"cy":1.319577}},{"type":"Feature","geometry":{"type":"Polygon","coordinates":[[[103.931733,1.320843],[103.93371,1.320843],[103.93371,1.322833],[103.931733,1.322833],[103.931733,1.320843]]]},"properties":{"id":"c145_46","score":40.6,"land":13,"power":79,"fibre":11,"community":71,"dSub":622,"dDc":4444,"cx":103.932721,"cy":1.321838}},{"type":"Feature","geometry":{"type":"Polygon","coordinates":[[[104.028328,1.316322],[104.030305,1.316322],[104.030305,1.318311],[104.028328,1.318311],[104.028328,1.316322]]]},"properties":{"id":"c188_44","score":51.0,"land":91,"power":0,"fibre":0,"community":95,"dSub":10115,"dDc":9435,"cx":104.029317,"cy":1.317316}},{"type":"Feature","geometry":{"type":"Polygon","coordinates":[[[104.030575,1.320843],[104.032551,1.320843],[104.032551,1.322833],[104.030575,1.322833],[104.030575,1.320843]]]},"properties":{"id":"c189_46","score":46.4,"land":78,"power":0,"fibre":0,"community":97,"dSub":10074,"dDc":9319,"cx":104.031563,"cy":1.321838}},{"type":"Feature","geometry":{"type":"Polygon","coordinates":[[[104.030575,1.318582],[104.032551,1.318582],[104.032551,1.320572],[104.030575,1.320572],[104.030575,1.318582]]]},"properties":{"id":"c189_45","score":45.4,"land":74,"power":0,"fibre":0,"community":97,"dSub":10198,"dDc":9471,"cx":104.031563,"cy":1.319577}},{"type":"Feature","geometry":{"type":"Polygon","coordinates":[[[104.028328,1.323104],[104.030305,1.323104],[104.030305,1.325094],[104.028328,1.325094],[104.028328,1.323104]]]},"properties":{"id":"c188_47","score":53.8,"land":100,"power":0,"fibre":0,"community":94,"dSub":9734,"dDc":8969,"cx":104.029317,"cy":1.324099}},{"type":"Feature","geometry":{"type":"Polygon","coordinates":[[[104.01485,1.350235],[104.016827,1.350235],[104.016827,1.352225],[104.01485,1.352225],[104.01485,1.350235]]]},"properties":{"id":"c182_59","score":55.0,"land":100,"power":0,"fibre":0,"community":100,"dSub":7238,"dDc":6163,"cx":104.015838,"cy":1.35123}},{"type":"Feature","geometry":{"type":"Polygon","coordinates":[[[104.026082,1.320843],[104.028059,1.320843],[104.028059,1.322833],[104.026082,1.322833],[104.026082,1.320843]]]},"properties":{"id":"c187_46","score":42.8,"land":70,"power":0,"fibre":0,"community":92,"dSub":9640,"dDc":8924,"cx":104.02707,"cy":1.321838}},{"type":"Feature","geometry":{"type":"Polygon","coordinates":[[[103.972168,1.338931],[103.974145,1.338931],[103.974145,1.34092],[103.972168,1.34092],[103.972168,1.338931]]]},"properties":{"id":"c163_54","score":49.9,"land":75,"power":0,"fibre":25,"community":92,"dSub":3709,"dDc":3725,"cx":103.973157,"cy":1.339926}},{"type":"Feature","geometry":{"type":"Polygon","coordinates":[[[103.969922,1.338931],[103.971899,1.338931],[103.971899,1.34092],[103.969922,1.34092],[103.969922,1.338931]]]},"properties":{"id":"c162_54","score":59.3,"land":99,"power":0,"fibre":27,"community":96,"dSub":3560,"dDc":3670,"cx":103.97091,"cy":1.339926}},{"type":"Feature","geometry":{"type":"Polygon","coordinates":[[[103.972168,1.33667],[103.974145,1.33667],[103.974145,1.33866],[103.972168,1.33866],[103.972168,1.33667]]]},"properties":{"id":"c163_53","score":42.3,"land":53,"power":0,"fibre":21,"community":97,"dSub":3908,"dDc":3968,"cx":103.973157,"cy":1.337665}},{"type":"Feature","geometry":{"type":"Polygon","coordinates":[[[103.981154,1.377367],[103.983131,1.377367],[103.983131,1.379356],[103.981154,1.379356],[103.981154,1.377367]]]},"properties":{"id":"c167_71","score":64.1,"land":94,"power":0,"fibre":59,"community":97,"dSub":3554,"dDc":2050,"cx":103.982142,"cy":1.378361}},{"type":"Feature","geometry":{"type":"Polygon","coordinates":[[[103.981154,1.375106],[103.983131,1.375106],[103.983131,1.377095],[103.981154,1.377095],[103.981154,1.375106]]]},"properties":{"id":"c167_70","score":66.6,"land":100,"power":0,"fibre":60,"community":98,"dSub":3468,"dDc":1986,"cx":103.982142,"cy":1.376101}},{"type":"Feature","geometry":{"type":"Polygon","coordinates":[[[103.909269,1.33667],[103.911246,1.33667],[103.911246,1.33866],[103.909269,1.33866],[103.909269,1.33667]]]},"properties":{"id":"c135_53","score":65.4,"land":71,"power":52,"fibre":65,"community":73,"dSub":1429,"dDc":1736,"cx":103.910257,"cy":1.337665}},{"type":"Feature","geometry":{"type":"Polygon","coordinates":[[[103.981154,1.372845],[103.983131,1.372845],[103.983131,1.374834],[103.981154,1.374834],[103.981154,1.372845]]]},"properties":{"id":"c167_69","score":62.3,"land":88,"power":0,"fibre":61,"community":97,"dSub":3398,"dDc":1951,"cx":103.982142,"cy":1.37384}},{"type":"Feature","geometry":{"type":"Polygon","coordinates":[[[103.976661,1.375106],[103.978638,1.375106],[103.978638,1.377095],[103.976661,1.377095],[103.976661,1.375106]]]},"properties":{"id":"c165_70","score":68.0,"land":100,"power":0,"fibre":70,"community":95,"dSub":2997,"dDc":1499,"cx":103.977649,"cy":1.376101}},{"type":"Feature","geometry":{"type":"Polygon","coordinates":[[[103.976661,1.377367],[103.978638,1.377367],[103.978638,1.379356],[103.976661,1.379356],[103.976661,1.377367]]]},"properties":{"id":"c165_71","score":47.5,"land":42,"power":0,"fibre":68,"community":96,"dSub":3096,"dDc":1584,"cx":103.977649,"cy":1.378361}},{"type":"Feature","geometry":{"type":"Polygon","coordinates":[[[103.974415,1.384149],[103.976391,1.384149],[103.976391,1.386139],[103.974415,1.386139],[103.974415,1.384149]]]},"properties":{"id":"c164_74","score":66.7,"land":99,"power":0,"fibre":63,"community":96,"dSub":3289,"dDc":1839,"cx":103.975403,"cy":1.385144}},{"type":"Feature","geometry":{"type":"Polygon","coordinates":[[[103.974415,1.379628],[103.976391,1.379628],[103.976391,1.381617],[103.974415,1.381617],[103.974415,1.379628]]]},"properties":{"id":"c164_72","score":63.6,"land":88,"power":0,"fibre":70,"community":94,"dSub":2997,"dDc":1495,"cx":103.975403,"cy":1.380622}},{"type":"Feature","geometry":{"type":"Polygon","coordinates":[[[103.969922,1.381888],[103.971899,1.381888],[103.971899,1.383878],[103.969922,1.383878],[103.969922,1.381888]]]},"properties":{"id":"c162_73","score":57.6,"land":61,"power":8,"fibre":73,"community":98,"dSub":2747,"dDc":1341,"cx":103.97091,"cy":1.382883}},{"type":"Feature","geometry":{"type":"Polygon","coordinates":[[[103.972168,1.384149],[103.974145,1.384149],[103.974145,1.386139],[103.972168,1.386139],[103.972168,1.384149]]]},"properties":{"id":"c163_74","score":53.3,"land":58,"power":0,"fibre":66,"community":98,"dSub":3100,"dDc":1687,"cx":103.973157,"cy":1.385144}},{"type":"Feature","geometry":{"type":"Polygon","coordinates":[[[103.974415,1.381888],[103.976391,1.381888],[103.976391,1.383878],[103.974415,1.383878],[103.974415,1.381888]]]},"properties":{"id":"c164_73","score":62.0,"land":84,"power":0,"fibre":67,"community":97,"dSub":3136,"dDc":1657,"cx":103.975403,"cy":1.382883}},{"type":"Feature","geometry":{"type":"Polygon","coordinates":[[[103.969922,1.384149],[103.971899,1.384149],[103.971899,1.386139],[103.969922,1.386139],[103.969922,1.384149]]]},"properties":{"id":"c162_74","score":66.8,"land":93,"power":3,"fibre":69,"community":99,"dSub":2920,"dDc":1560,"cx":103.97091,"cy":1.385144}},{"type":"Feature","geometry":{"type":"Polygon","coordinates":[[[103.972168,1.381888],[103.974145,1.381888],[103.974145,1.383878],[103.972168,1.383878],[103.972168,1.381888]]]},"properties":{"id":"c163_73","score":56.4,"land":63,"power":2,"fibre":70,"community":98,"dSub":2937,"dDc":1486,"cx":103.973157,"cy":1.382883}},{"type":"Feature","geometry":{"type":"Polygon","coordinates":[[[103.972168,1.38641],[103.974145,1.38641],[103.974145,1.3884],[103.972168,1.3884],[103.972168,1.38641]]]},"properties":{"id":"c163_75","score":66.6,"land":100,"power":0,"fibre":62,"community":96,"dSub":3273,"dDc":1899,"cx":103.973157,"cy":1.387405}},{"type":"Feature","geometry":{"type":"Polygon","coordinates":[[[103.972168,1.379628],[103.974145,1.379628],[103.974145,1.381617],[103.972168,1.381617],[103.972168,1.379628]]]},"properties":{"id":"c163_72","score":70.3,"land":98,"power":7,"fibre":74,"community":97,"dSub":2788,"dDc":1303,"cx":103.973157,"cy":1.380622}},{"type":"Feature","geometry":{"type":"Polygon","coordinates":[[[103.967675,1.379628],[103.969652,1.379628],[103.969652,1.381617],[103.967675,1.381617],[103.967675,1.379628]]]},"properties":{"id":"c161_72","score":67.7,"land":77,"power":20,"fibre":80,"community":98,"dSub":2394,"dDc":1001,"cx":103.968664,"cy":1.380622}},{"type":"Feature","geometry":{"type":"Polygon","coordinates":[[[103.969922,1.379628],[103.971899,1.379628],[103.971899,1.381617],[103.969922,1.381617],[103.969922,1.379628]]]},"properties":{"id":"c162_72","score":69.1,"land":88,"power":14,"fibre":77,"community":98,"dSub":2586,"dDc":1135,"cx":103.97091,"cy":1.380622}},{"type":"Feature","geometry":{"type":"Polygon","coordinates":[[[103.972168,1.375106],[103.974145,1.375106],[103.974145,1.377095],[103.972168,1.377095],[103.972168,1.375106]]]},"properties":{"id":"c163_70","score":55.4,"land":46,"power":15,"fibre":79,"community":98,"dSub":2537,"dDc":1026,"cx":103.973157,"cy":1.376101}},{"type":"Feature","geometry":{"type":"Polygon","coordinates":[[[103.974415,1.377367],[103.976391,1.377367],[103.976391,1.379356],[103.974415,1.379356],[103.974415,1.377367]]]},"properties":{"id":"c164_71","score":52.2,"land":49,"power":4,"fibre":73,"community":97,"dSub":2873,"dDc":1359,"cx":103.975403,"cy":1.378361}},{"type":"Feature","geometry":{"type":"Polygon","coordinates":[[[103.972168,1.377367],[103.974145,1.377367],[103.974145,1.379356],[103.972168,1.379356],[103.972168,1.377367]]]},"properties":{"id":"c163_71","score":53.5,"land":45,"power":12,"fibre":77,"community":98,"dSub":2654,"dDc":1146,"cx":103.973157,"cy":1.378361}},{"type":"Feature","geometry":{"type":"Polygon","coordinates":[[[103.969922,1.372845],[103.971899,1.372845],[103.971899,1.374834],[103.969922,1.374834],[103.969922,1.372845]]]},"properties":{"id":"c162_69","score":71.3,"land":81,"power":26,"fibre":86,"community":97,"dSub":2208,"dDc":711,"cx":103.97091,"cy":1.37384}},{"type":"Feature","geometry":{"type":"Polygon","coordinates":[[[103.969922,1.375106],[103.971899,1.375106],[103.971899,1.377095],[103.969922,1.377095],[103.969922,1.375106]]]},"properties":{"id":"c162_70","score":63.5,"land":61,"power":23,"fibre":84,"community":98,"dSub":2314,"dDc":801,"cx":103.97091,"cy":1.376101}},{"type":"Feature","geometry":{"type":"Polygon","coordinates":[[[103.972168,1.372845],[103.974145,1.372845],[103.974145,1.374834],[103.972168,1.374834],[103.972168,1.372845]]]},"properties":{"id":"c163_69","score":56.4,"land":46,"power":19,"fibre":81,"community":97,"dSub":2441,"dDc":957,"cx":103.973157,"cy":1.37384}},{"type":"Feature","geometry":{"type":"Polygon","coordinates":[[[103.967675,1.372845],[103.969652,1.372845],[103.969652,1.374834],[103.967675,1.374834],[103.967675,1.372845]]]},"properties":{"id":"c161_69","score":75.7,"land":85,"power":34,"fibre":91,"community":96,"dSub":1978,"dDc":469,"cx":103.968664,"cy":1.37384}},{"type":"Feature","geometry":{"type":"Polygon","coordinates":[[[103.969922,1.370584],[103.971899,1.370584],[103.971899,1.372573],[103.969922,1.372573],[103.969922,1.370584]]]},"properties":{"id":"c162_68","score":59.0,"land":44,"power":29,"fibre":86,"community":96,"dSub":2126,"dDc":703,"cx":103.97091,"cy":1.371579}},{"type":"Feature","geometry":{"type":"Polygon","coordinates":[[[103.967675,1.375106],[103.969652,1.375106],[103.969652,1.377095],[103.967675,1.377095],[103.967675,1.375106]]]},"properties":{"id":"c161_70","score":65.4,"land":59,"power":30,"fibre":88,"community":97,"dSub":2096,"dDc":597,"cx":103.968664,"cy":1.376101}},{"type":"Feature","geometry":{"type":"Polygon","coordinates":[[[103.965429,1.375106],[103.967406,1.375106],[103.967406,1.377095],[103.965429,1.377095],[103.965429,1.375106]]]},"properties":{"id":"c160_70","score":72.5,"land":74,"power":37,"fibre":91,"community":95,"dSub":1887,"dDc":442,"cx":103.966417,"cy":1.376101}},{"type":"Feature","geometry":{"type":"Polygon","coordinates":[[[103.965429,1.372845],[103.967406,1.372845],[103.967406,1.374834],[103.965429,1.374834],[103.965429,1.372845]]]},"properties":{"id":"c160_69","score":67.1,"land":55,"power":41,"fibre":95,"community":92,"dSub":1755,"dDc":245,"cx":103.966417,"cy":1.37384}},{"type":"Feature","geometry":{"type":"Polygon","coordinates":[[[103.963183,1.372845],[103.965159,1.372845],[103.965159,1.374834],[103.963183,1.374834],[103.963183,1.372845]]]},"properties":{"id":"c159_69","score":59.5,"land":43,"power":49,"fibre":97,"community":64,"dSub":1540,"dDc":156,"cx":103.964171,"cy":1.37384}},{"type":"Feature","geometry":{"type":"Polygon","coordinates":[[[103.967675,1.370584],[103.969652,1.370584],[103.969652,1.372573],[103.967675,1.372573],[103.967675,1.370584]]]},"properties":{"id":"c161_68","score":80.5,"land":97,"power":37,"fibre":91,"community":96,"dSub":1887,"dDc":458,"cx":103.968664,"cy":1.371579}},{"type":"Feature","geometry":{"type":"Polygon","coordinates":[[[103.965429,1.370584],[103.967406,1.370584],[103.967406,1.372573],[103.965429,1.372573],[103.965429,1.370584]]]},"properties":{"id":"c160_68","score":78.6,"land":88,"power":45,"fibre":96,"community":87,"dSub":1651,"dDc":221,"cx":103.966417,"cy":1.371579}},{"type":"Feature","geometry":{"type":"Polygon","coordinates":[[[103.974415,1.375106],[103.976391,1.375106],[103.976391,1.377095],[103.974415,1.377095],[103.974415,1.375106]]]},"properties":{"id":"c164_70","score":67.9,"land":91,"power":8,"fibre":75,"community":96,"dSub":2765,"dDc":1260,"cx":103.975403,"cy":1.376101}},{"type":"Feature","geometry":{"type":"Polygon","coordinates":[[[103.972168,1.370584],[103.974145,1.370584],[103.974145,1.372573],[103.972168,1.372573],[103.972168,1.370584]]]},"properties":{"id":"c163_68","score":64.5,"land":69,"power":21,"fibre":81,"community":94,"dSub":2367,"dDc":951,"cx":103.973157,"cy":1.371579}},{"type":"Feature","geometry":{"type":"Polygon","coordinates":[[[103.967675,1.377367],[103.969652,1.377367],[103.969652,1.379356],[103.967675,1.379356],[103.967675,1.377367]]]},"properties":{"id":"c161_71","score":76.1,"land":97,"power":25,"fibre":84,"community":95,"dSub":2236,"dDc":785,"cx":103.968664,"cy":1.378361}},{"type":"Feature","geometry":{"type":"Polygon","coordinates":[[[103.967675,1.347975],[103.969652,1.347975],[103.969652,1.349964],[103.967675,1.349964],[103.967675,1.347975]]]},"properties":{"id":"c161_58","score":60.8,"land":81,"power":13,"fibre":47,"community":99,"dSub":2624,"dDc":2641,"cx":103.968664,"cy":1.348969}},{"type":"Feature","geometry":{"type":"Polygon","coordinates":[[[103.965429,1.347975],[103.967406,1.347975],[103.967406,1.349964],[103.965429,1.349964],[103.965429,1.347975]]]},"properties":{"id":"c160_58","score":66.8,"land":100,"power":18,"fibre":48,"community":89,"dSub":2459,"dDc":2611,"cx":103.966417,"cy":1.348969}},{"type":"Feature","geometry":{"type":"Polygon","coordinates":[[[103.965429,1.350235],[103.967406,1.350235],[103.967406,1.352225],[103.965429,1.352225],[103.965429,1.350235]]]},"properties":{"id":"c160_59","score":60.0,"land":73,"power":24,"fibre":53,"community":89,"dSub":2270,"dDc":2361,"cx":103.966417,"cy":1.35123}},{"type":"Feature","geometry":{"type":"Polygon","coordinates":[[[103.967675,1.350235],[103.969652,1.350235],[103.969652,1.352225],[103.967675,1.352225],[103.967675,1.350235]]]},"properties":{"id":"c161_59","score":62.9,"land":82,"power":18,"fibre":52,"community":97,"dSub":2447,"dDc":2395,"cx":103.968664,"cy":1.35123}},{"type":"Feature","geometry":{"type":"Polygon","coordinates":[[[103.969922,1.345714],[103.971899,1.345714],[103.971899,1.347703],[103.969922,1.347703],[103.969922,1.345714]]]},"properties":{"id":"c162_57","score":56.2,"land":80,"power":1,"fibre":41,"community":99,"dSub":2977,"dDc":2937,"cx":103.97091,"cy":1.346708}},{"type":"Feature","geometry":{"type":"Polygon","coordinates":[[[103.965429,1.352496],[103.967406,1.352496],[103.967406,1.354486],[103.965429,1.354486],[103.965429,1.352496]]]},"properties":{"id":"c160_60","score":53.8,"land":58,"power":30,"fibre":58,"community":72,"dSub":2094,"dDc":2112,"cx":103.966417,"cy":1.353491}},{"type":"Feature","geometry":{"type":"Polygon","coordinates":[[[103.969922,1.352496],[103.971899,1.352496],[103.971899,1.354486],[103.969922,1.354486],[103.969922,1.352496]]]},"properties":{"id":"c162_60","score":54.2,"land":58,"power":17,"fibre":56,"community":92,"dSub":2485,"dDc":2215,"cx":103.97091,"cy":1.353491}},{"type":"Feature","geometry":{"type":"Polygon","coordinates":[[[103.969922,1.350235],[103.971899,1.350235],[103.971899,1.352225],[103.969922,1.352225],[103.969922,1.350235]]]},"properties":{"id":"c162_59","score":66.4,"land":97,"power":12,"fibre":51,"community":96,"dSub":2636,"dDc":2454,"cx":103.97091,"cy":1.35123}},{"type":"Feature","geometry":{"type":"Polygon","coordinates":[[[103.967675,1.352496],[103.969652,1.352496],[103.969652,1.354486],[103.967675,1.354486],[103.967675,1.352496]]]},"properties":{"id":"c161_60","score":59.6,"land":71,"power":24,"fibre":57,"community":86,"dSub":2284,"dDc":2150,"cx":103.968664,"cy":1.353491}},{"type":"Feature","geometry":{"type":"Polygon","coordinates":[[[103.969922,1.343453],[103.971899,1.343453],[103.971899,1.345442],[103.969922,1.345442],[103.969922,1.343453]]]},"properties":{"id":"c162_56","score":62.1,"land":100,"power":0,"fibre":36,"community":99,"dSub":3163,"dDc":3180,"cx":103.97091,"cy":1.344448}},{"type":"Feature","geometry":{"type":"Polygon","coordinates":[[[103.969922,1.347975],[103.971899,1.347975],[103.971899,1.349964],[103.969922,1.349964],[103.969922,1.347975]]]},"properties":{"id":"c162_58","score":55.8,"land":72,"power":7,"fibre":46,"community":99,"dSub":2800,"dDc":2695,"cx":103.97091,"cy":1.348969}},{"type":"Feature","geometry":{"type":"Polygon","coordinates":[[[103.972168,1.345714],[103.974145,1.345714],[103.974145,1.347703],[103.972168,1.347703],[103.972168,1.345714]]]},"properties":{"id":"c163_57","score":42.6,"land":42,"power":0,"fibre":40,"community":99,"dSub":3154,"dDc":3006,"cx":103.973157,"cy":1.346708}},{"type":"Feature","geometry":{"type":"Polygon","coordinates":[[[103.967675,1.334409],[103.969652,1.334409],[103.969652,1.336399],[103.967675,1.336399],[103.967675,1.334409]]]},"properties":{"id":"c161_52","score":54.5,"land":91,"power":0,"fibre":17,"community":96,"dSub":3857,"dDc":4127,"cx":103.968664,"cy":1.335404}},{"type":"Feature","geometry":{"type":"Polygon","coordinates":[[[103.969922,1.334409],[103.971899,1.334409],[103.971899,1.336399],[103.969922,1.336399],[103.969922,1.334409]]]},"properties":{"id":"c162_52","score":46.9,"land":70,"power":0,"fibre":17,"community":95,"dSub":3980,"dDc":4162,"cx":103.97091,"cy":1.335404}},{"type":"Feature","geometry":{"type":"Polygon","coordinates":[[[103.965429,1.327626],[103.967406,1.327626],[103.967406,1.329616],[103.965429,1.329616],[103.965429,1.327626]]]},"properties":{"id":"c160_49","score":48.2,"land":80,"power":0,"fibre":3,"community":99,"dSub":4440,"dDc":4857,"cx":103.966417,"cy":1.328621}},{"type":"Feature","geometry":{"type":"Polygon","coordinates":[[[103.967675,1.327626],[103.969652,1.327626],[103.969652,1.329616],[103.967675,1.329616],[103.967675,1.327626]]]},"properties":{"id":"c161_49","score":54.4,"land":97,"power":0,"fibre":3,"community":99,"dSub":4535,"dDc":4874,"cx":103.968664,"cy":1.328621}},{"type":"Feature","geometry":{"type":"Polygon","coordinates":[[[103.965429,1.329887],[103.967406,1.329887],[103.967406,1.331877],[103.965429,1.331877],[103.965429,1.329887]]]},"properties":{"id":"c160_50","score":56.2,"land":100,"power":0,"fibre":8,"community":98,"dSub":4208,"dDc":4607,"cx":103.966417,"cy":1.330882}},{"type":"Feature","geometry":{"type":"Polygon","coordinates":[[[103.963183,1.33667],[103.965159,1.33667],[103.965159,1.33866],[103.963183,1.33866],[103.963183,1.33667]]]},"properties":{"id":"c159_53","score":54.9,"land":90,"power":0,"fibre":23,"community":93,"dSub":3419,"dDc":3854,"cx":103.964171,"cy":1.337665}},{"type":"Feature","geometry":{"type":"Polygon","coordinates":[[[103.947458,1.33667],[103.949435,1.33667],[103.949435,1.33866],[103.947458,1.33866],[103.947458,1.33667]]]},"properties":{"id":"c152_53","score":55.5,"land":100,"power":1,"fibre":15,"community":86,"dSub":2963,"dDc":4255,"cx":103.948446,"cy":1.337665}},{"type":"Feature","geometry":{"type":"Polygon","coordinates":[[[103.940719,1.338931],[103.942695,1.338931],[103.942695,1.34092],[103.940719,1.34092],[103.940719,1.338931]]]},"properties":{"id":"c149_54","score":55.8,"land":92,"power":14,"fibre":12,"community":89,"dSub":2595,"dDc":4417,"cx":103.941707,"cy":1.339926}},{"type":"Feature","geometry":{"type":"Polygon","coordinates":[[[103.942965,1.341192],[103.944942,1.341192],[103.944942,1.343181],[103.942965,1.343181],[103.942965,1.341192]]]},"properties":{"id":"c150_55","score":57.5,"land":99,"power":6,"fibre":19,"community":88,"dSub":2831,"dDc":4069,"cx":103.943953,"cy":1.342187}},{"type":"Feature","geometry":{"type":"Polygon","coordinates":[[[103.942965,1.338931],[103.944942,1.338931],[103.944942,1.34092],[103.942965,1.34092],[103.942965,1.338931]]]},"properties":{"id":"c150_54","score":44.7,"land":57,"power":8,"fibre":14,"community":100,"dSub":2758,"dDc":4277,"cx":103.943953,"cy":1.339926}},{"type":"Feature","geometry":{"type":"Polygon","coordinates":[[[103.940719,1.33667],[103.942695,1.33667],[103.942695,1.33866],[103.940719,1.33866],[103.940719,1.33667]]]},"properties":{"id":"c149_53","score":55.6,"land":92,"power":20,"fibre":8,"community":84,"dSub":2405,"dDc":4623,"cx":103.941707,"cy":1.337665}},{"type":"Feature","geometry":{"type":"Polygon","coordinates":[[[103.942965,1.343453],[103.944942,1.343453],[103.944942,1.345442],[103.942965,1.345442],[103.942965,1.343453]]]},"properties":{"id":"c150_56","score":45.3,"land":74,"power":13,"fibre":23,"community":57,"dSub":2597,"dDc":3865,"cx":103.943953,"cy":1.344448}},{"type":"Feature","geometry":{"type":"Polygon","coordinates":[[[103.931733,1.379628],[103.93371,1.379628],[103.93371,1.381617],[103.931733,1.381617],[103.931733,1.379628]]]},"properties":{"id":"c145_72","score":59.0,"land":100,"power":9,"fibre":27,"community":81,"dSub":2717,"dDc":3666,"cx":103.932721,"cy":1.380622}},{"type":"Feature","geometry":{"type":"Polygon","coordinates":[[[103.931733,1.377367],[103.93371,1.377367],[103.93371,1.379356],[103.931733,1.379356],[103.931733,1.377367]]]},"properties":{"id":"c145_71","score":57.5,"land":97,"power":14,"fibre":28,"community":73,"dSub":2579,"dDc":3613,"cx":103.932721,"cy":1.378361}},{"type":"Feature","geometry":{"type":"Polygon","coordinates":[[[103.929487,1.379628],[103.931463,1.379628],[103.931463,1.381617],[103.929487,1.381617],[103.929487,1.379628]]]},"properties":{"id":"c144_72","score":59.6,"land":100,"power":3,"fibre":22,"community":98,"dSub":2924,"dDc":3909,"cx":103.930475,"cy":1.380622}},{"type":"Feature","geometry":{"type":"Polygon","coordinates":[[[103.933979,1.384149],[103.935956,1.384149],[103.935956,1.386139],[103.933979,1.386139],[103.933979,1.384149]]]},"properties":{"id":"c146_74","score":56.4,"land":100,"power":5,"fibre":28,"community":73,"dSub":2859,"dDc":3587,"cx":103.934968,"cy":1.385144}},{"type":"Feature","geometry":{"type":"Polygon","coordinates":[[[103.965429,1.343453],[103.967406,1.343453],[103.967406,1.345442],[103.965429,1.345442],[103.965429,1.343453]]]},"properties":{"id":"c160_56","score":58.6,"land":100,"power":4,"fibre":38,"community":75,"dSub":2866,"dDc":3109,"cx":103.966417,"cy":1.344448}},{"type":"Feature","geometry":{"type":"Polygon","coordinates":[[[103.949704,1.375106],[103.951681,1.375106],[103.951681,1.377095],[103.949704,1.377095],[103.949704,1.375106]]]},"properties":{"id":"c153_70","score":43.2,"land":3,"power":63,"fibre":68,"community":65,"dSub":1105,"dDc":1604,"cx":103.950693,"cy":1.376101}},{"type":"Feature","geometry":{"type":"Polygon","coordinates":[[[103.95869,1.379628],[103.960667,1.379628],[103.960667,1.381617],[103.95869,1.381617],[103.95869,1.379628]]]},"properties":{"id":"c157_72","score":40.4,"land":19,"power":41,"fibre":79,"community":38,"dSub":1773,"dDc":1054,"cx":103.959678,"cy":1.380622}},{"type":"Feature","geometry":{"type":"Polygon","coordinates":[[[104.003618,1.375106],[104.005595,1.375106],[104.005595,1.377095],[104.003618,1.377095],[104.003618,1.375106]]]},"properties":{"id":"c177_70","score":52.8,"land":88,"power":0,"fibre":11,"community":99,"dSub":5894,"dDc":4463,"cx":104.004606,"cy":1.376101}},{"type":"Feature","geometry":{"type":"Polygon","coordinates":[[[104.001371,1.375106],[104.003348,1.375106],[104.003348,1.377095],[104.001371,1.377095],[104.001371,1.375106]]]},"properties":{"id":"c176_70","score":53.8,"land":88,"power":0,"fibre":16,"community":100,"dSub":5649,"dDc":4214,"cx":104.00236,"cy":1.376101}},{"type":"Feature","geometry":{"type":"Polygon","coordinates":[[[103.999125,1.375106],[104.001102,1.375106],[104.001102,1.377095],[103.999125,1.377095],[103.999125,1.375106]]]},"properties":{"id":"c175_70","score":51.1,"land":77,"power":0,"fibre":21,"community":100,"dSub":5404,"dDc":3966,"cx":104.000113,"cy":1.376101}},{"type":"Feature","geometry":{"type":"Polygon","coordinates":[[[103.999125,1.377367],[104.001102,1.377367],[104.001102,1.379356],[103.999125,1.379356],[103.999125,1.377367]]]},"properties":{"id":"c175_71","score":58.9,"land":100,"power":0,"fibre":20,"community":100,"dSub":5459,"dDc":3998,"cx":104.000113,"cy":1.378361}},{"type":"Feature","geometry":{"type":"Polygon","coordinates":[[[103.996879,1.379628],[103.998855,1.379628],[103.998855,1.381617],[103.996879,1.381617],[103.996879,1.379628]]]},"properties":{"id":"c174_72","score":56.3,"land":91,"power":0,"fibre":24,"community":99,"dSub":5287,"dDc":3803,"cx":103.997867,"cy":1.380622}},{"type":"Feature","geometry":{"type":"Polygon","coordinates":[[[103.994632,1.377367],[103.996609,1.377367],[103.996609,1.379356],[103.994632,1.379356],[103.994632,1.377367]]]},"properties":{"id":"c173_71","score":61.0,"land":100,"power":0,"fibre":30,"community":100,"dSub":4976,"dDc":3506,"cx":103.995621,"cy":1.378361}},{"type":"Feature","geometry":{"type":"Polygon","coordinates":[[[103.972168,1.350235],[103.974145,1.350235],[103.974145,1.352225],[103.972168,1.352225],[103.972168,1.350235]]]},"properties":{"id":"c163_59","score":57.1,"land":75,"power":6,"fibre":49,"community":98,"dSub":2834,"dDc":2536,"cx":103.973157,"cy":1.35123}},{"type":"Feature","geometry":{"type":"Polygon","coordinates":[[[103.940719,1.354757],[103.942695,1.354757],[103.942695,1.356747],[103.940719,1.356747],[103.940719,1.354757]]]},"properties":{"id":"c149_61","score":41.2,"land":22,"power":44,"fibre":37,"community":76,"dSub":1677,"dDc":3156,"cx":103.941707,"cy":1.355752}},{"type":"Feature","geometry":{"type":"Polygon","coordinates":[[[103.951951,1.366062],[103.953927,1.366062],[103.953927,1.368052],[103.951951,1.368052],[103.951951,1.366062]]]},"properties":{"id":"c154_66","score":45.4,"land":13,"power":97,"fibre":71,"community":12,"dSub":96,"dDc":1437,"cx":103.952939,"cy":1.367057}},{"type":"Feature","geometry":{"type":"Polygon","coordinates":[[[103.985647,1.350235],[103.987623,1.350235],[103.987623,1.352225],[103.985647,1.352225],[103.985647,1.350235]]]},"properties":{"id":"c169_59","score":61.4,"land":100,"power":0,"fibre":32,"community":100,"dSub":4143,"dDc":3394,"cx":103.986635,"cy":1.35123}},{"type":"Feature","geometry":{"type":"Polygon","coordinates":[[[103.9834,1.375106],[103.985377,1.375106],[103.985377,1.377095],[103.9834,1.377095],[103.9834,1.375106]]]},"properties":{"id":"c168_70","score":65.3,"land":100,"power":0,"fibre":55,"community":96,"dSub":3706,"dDc":2231,"cx":103.984389,"cy":1.376101}},{"type":"Feature","geometry":{"type":"Polygon","coordinates":[[[103.9834,1.377367],[103.985377,1.377367],[103.985377,1.379356],[103.9834,1.379356],[103.9834,1.377367]]]},"properties":{"id":"c168_71","score":49.5,"land":56,"power":0,"fibre":54,"community":95,"dSub":3787,"dDc":2289,"cx":103.984389,"cy":1.378361}},{"type":"Feature","geometry":{"type":"Polygon","coordinates":[[[103.985647,1.347975],[103.987623,1.347975],[103.987623,1.349964],[103.985647,1.349964],[103.985647,1.347975]]]},"properties":{"id":"c169_58","score":60.7,"land":100,"power":0,"fibre":29,"community":100,"dSub":4249,"dDc":3572,"cx":103.986635,"cy":1.348969}},{"type":"Feature","geometry":{"type":"Polygon","coordinates":[[[103.990139,1.357018],[103.992116,1.357018],[103.992116,1.359008],[103.990139,1.359008],[103.990139,1.357018]]]},"properties":{"id":"c171_62","score":61.4,"land":100,"power":0,"fibre":33,"community":99,"dSub":4390,"dDc":3354,"cx":103.991128,"cy":1.358013}},{"type":"Feature","geometry":{"type":"Polygon","coordinates":[[[103.985647,1.352496],[103.987623,1.352496],[103.987623,1.354486],[103.985647,1.354486],[103.985647,1.352496]]]},"properties":{"id":"c169_60","score":62.1,"land":100,"power":0,"fibre":35,"community":100,"dSub":4049,"dDc":3226,"cx":103.986635,"cy":1.353491}},{"type":"Feature","geometry":{"type":"Polygon","coordinates":[[[103.992386,1.372845],[103.994363,1.372845],[103.994363,1.374834],[103.992386,1.374834],[103.992386,1.372845]]]},"properties":{"id":"c172_69","score":62.2,"land":100,"power":0,"fibre":36,"community":100,"dSub":4620,"dDc":3199,"cx":103.993374,"cy":1.37384}},{"type":"Feature","geometry":{"type":"Polygon","coordinates":[[[103.987893,1.36154],[103.98987,1.36154],[103.98987,1.36353],[103.987893,1.36353],[103.987893,1.36154]]]},"properties":{"id":"c170_64","score":63.3,"land":100,"power":0,"fibre":42,"community":100,"dSub":4065,"dDc":2913,"cx":103.988881,"cy":1.362535}},{"type":"Feature","geometry":{"type":"Polygon","coordinates":[[[103.9834,1.347975],[103.985377,1.347975],[103.985377,1.349964],[103.9834,1.349964],[103.9834,1.347975]]]},"properties":{"id":"c168_58","score":61.4,"land":100,"power":0,"fibre":32,"community":100,"dSub":4028,"dDc":3406,"cx":103.984389,"cy":1.348969}},{"type":"Feature","geometry":{"type":"Polygon","coordinates":[[[103.960936,1.33667],[103.962913,1.33667],[103.962913,1.33866],[103.960936,1.33866],[103.960936,1.33667]]]},"properties":{"id":"c158_53","score":57.4,"land":100,"power":0,"fibre":23,"community":89,"dSub":3332,"dDc":3865,"cx":103.961925,"cy":1.337665}},{"type":"Feature","geometry":{"type":"Polygon","coordinates":[[[103.954197,1.375106],[103.956174,1.375106],[103.956174,1.377095],[103.954197,1.377095],[103.954197,1.375106]]]},"properties":{"id":"c155_70","score":62.9,"land":56,"power":63,"fibre":77,"community":61,"dSub":1124,"dDc":1126,"cx":103.955185,"cy":1.376101}},{"type":"Feature","geometry":{"type":"Polygon","coordinates":[[[103.929487,1.370584],[103.931463,1.370584],[103.931463,1.372573],[103.929487,1.372573],[103.929487,1.370584]]]},"properties":{"id":"c144_68","score":63.4,"land":100,"power":16,"fibre":24,"community":98,"dSub":2525,"dDc":3806,"cx":103.930475,"cy":1.371579}},{"type":"Feature","geometry":{"type":"Polygon","coordinates":[[[103.92724,1.372845],[103.929217,1.372845],[103.929217,1.374834],[103.92724,1.374834],[103.92724,1.372845]]]},"properties":{"id":"c143_69","score":60.0,"land":100,"power":6,"fibre":19,"community":99,"dSub":2832,"dDc":4057,"cx":103.928229,"cy":1.37384}},{"type":"Feature","geometry":{"type":"Polygon","coordinates":[[[103.920501,1.375106],[103.922478,1.375106],[103.922478,1.377095],[103.920501,1.377095],[103.920501,1.375106]]]},"properties":{"id":"c140_70","score":54.5,"land":96,"power":0,"fibre":9,"community":96,"dSub":3623,"dDc":4529,"cx":103.921489,"cy":1.376101}},{"type":"Feature","geometry":{"type":"Polygon","coordinates":[[[103.92724,1.368323],[103.929217,1.368323],[103.929217,1.370313],[103.92724,1.370313],[103.92724,1.368323]]]},"properties":{"id":"c143_67","score":59.2,"land":100,"power":9,"fibre":19,"community":91,"dSub":2727,"dDc":4070,"cx":103.928229,"cy":1.369318}},{"type":"Feature","geometry":{"type":"Polygon","coordinates":[[[103.92724,1.370584],[103.929217,1.370584],[103.929217,1.372573],[103.92724,1.372573],[103.92724,1.370584]]]},"properties":{"id":"c143_68","score":43.0,"land":50,"power":8,"fibre":19,"community":99,"dSub":2769,"dDc":4056,"cx":103.928229,"cy":1.371579}},{"type":"Feature","geometry":{"type":"Polygon","coordinates":[[[103.956443,1.377367],[103.95842,1.377367],[103.95842,1.379356],[103.956443,1.379356],[103.956443,1.377367]]]},"properties":{"id":"c156_71","score":52.1,"land":32,"power":52,"fibre":79,"community":59,"dSub":1442,"dDc":1032,"cx":103.957432,"cy":1.378361}},{"type":"Feature","geometry":{"type":"Polygon","coordinates":[[[103.956443,1.379628],[103.95842,1.379628],[103.95842,1.381617],[103.956443,1.381617],[103.956443,1.379628]]]},"properties":{"id":"c156_72","score":57.6,"land":54,"power":44,"fibre":76,"community":63,"dSub":1676,"dDc":1205,"cx":103.957432,"cy":1.380622}},{"type":"Feature","geometry":{"type":"Polygon","coordinates":[[[104.008111,1.338931],[104.010087,1.338931],[104.010087,1.34092],[104.008111,1.34092],[104.008111,1.338931]]]},"properties":{"id":"c179_54","score":46.8,"land":81,"power":0,"fibre":0,"community":92,"dSub":6936,"dDc":6119,"cx":104.009099,"cy":1.339926}},{"type":"Feature","geometry":{"type":"Polygon","coordinates":[[[104.008111,1.33667],[104.010087,1.33667],[104.010087,1.33866],[104.008111,1.33866],[104.008111,1.33667]]]},"properties":{"id":"c179_53","score":47.3,"land":82,"power":0,"fibre":0,"community":92,"dSub":7044,"dDc":6270,"cx":104.009099,"cy":1.337665}},{"type":"Feature","geometry":{"type":"Polygon","coordinates":[[[104.005864,1.332148],[104.007841,1.332148],[104.007841,1.334138],[104.005864,1.334138],[104.005864,1.332148]]]},"properties":{"id":"c178_51","score":54.1,"land":100,"power":0,"fibre":0,"community":96,"dSub":7068,"dDc":6403,"cx":104.006853,"cy":1.333143}},{"type":"Feature","geometry":{"type":"Polygon","coordinates":[[[104.005864,1.329887],[104.007841,1.329887],[104.007841,1.331877],[104.005864,1.331877],[104.005864,1.329887]]]},"properties":{"id":"c178_50","score":53.7,"land":97,"power":0,"fibre":0,"community":99,"dSub":7201,"dDc":6576,"cx":104.006853,"cy":1.330882}},{"type":"Feature","geometry":{"type":"Polygon","coordinates":[[[104.008111,1.334409],[104.010087,1.334409],[104.010087,1.336399],[104.008111,1.336399],[104.008111,1.334409]]]},"properties":{"id":"c179_52","score":42.4,"land":68,"power":0,"fibre":0,"community":93,"dSub":7160,"dDc":6426,"cx":104.009099,"cy":1.335404}},{"type":"Feature","geometry":{"type":"Polygon","coordinates":[[[104.005864,1.334409],[104.007841,1.334409],[104.007841,1.336399],[104.005864,1.336399],[104.005864,1.334409]]]},"properties":{"id":"c178_52","score":53.6,"land":100,"power":0,"fibre":0,"community":93,"dSub":6942,"dDc":6236,"cx":104.006853,"cy":1.335404}},{"type":"Feature","geometry":{"type":"Polygon","coordinates":[[[103.931733,1.390932],[103.93371,1.390932],[103.93371,1.392922],[103.931733,1.392922],[103.931733,1.390932]]]},"properties":{"id":"c145_77","score":54.9,"land":91,"power":0,"fibre":17,"community":99,"dSub":3593,"dDc":4152,"cx":103.932721,"cy":1.391927}},{"type":"Feature","geometry":{"type":"Polygon","coordinates":[[[103.931733,1.393193],[103.93371,1.393193],[103.93371,1.395183],[103.931733,1.395183],[103.931733,1.393193]]]},"properties":{"id":"c145_78","score":49.4,"land":77,"power":0,"fibre":14,"community":99,"dSub":3793,"dDc":4287,"cx":103.932721,"cy":1.394188}},{"type":"Feature","geometry":{"type":"Polygon","coordinates":[[[103.933979,1.393193],[103.935956,1.393193],[103.935956,1.395183],[103.933979,1.395183],[103.933979,1.393193]]]},"properties":{"id":"c146_78","score":55.0,"land":90,"power":0,"fibre":18,"community":99,"dSub":3653,"dDc":4082,"cx":103.934968,"cy":1.394188}},{"type":"Feature","geometry":{"type":"Polygon","coordinates":[[[103.938472,1.370584],[103.940449,1.370584],[103.940449,1.372573],[103.938472,1.372573],[103.938472,1.370584]]]},"properties":{"id":"c148_68","score":53.2,"land":78,"power":48,"fibre":44,"community":25,"dSub":1570,"dDc":2806,"cx":103.939461,"cy":1.371579}},{"type":"Feature","geometry":{"type":"Polygon","coordinates":[[[103.963183,1.366062],[103.965159,1.366062],[103.965159,1.368052],[103.963183,1.368052],[103.963183,1.366062]]]},"properties":{"id":"c159_66","score":40.8,"land":10,"power":57,"fibre":88,"community":27,"dSub":1296,"dDc":606,"cx":103.964171,"cy":1.367057}},{"type":"Feature","geometry":{"type":"Polygon","coordinates":[[[103.981154,1.366062],[103.983131,1.366062],[103.983131,1.368052],[103.981154,1.368052],[103.981154,1.366062]]]},"properties":{"id":"c167_66","score":58.1,"land":86,"power":0,"fibre":59,"community":81,"dSub":3295,"dDc":2037,"cx":103.982142,"cy":1.367057}},{"type":"Feature","geometry":{"type":"Polygon","coordinates":[[[103.978907,1.377367],[103.980884,1.377367],[103.980884,1.379356],[103.978907,1.379356],[103.978907,1.377367]]]},"properties":{"id":"c166_71","score":52.6,"land":59,"power":0,"fibre":64,"community":95,"dSub":3324,"dDc":1815,"cx":103.979896,"cy":1.378361}},{"type":"Feature","geometry":{"type":"Polygon","coordinates":[[[103.978907,1.366062],[103.980884,1.366062],[103.980884,1.368052],[103.978907,1.368052],[103.978907,1.366062]]]},"properties":{"id":"c166_66","score":50.1,"land":63,"power":0,"fibre":64,"community":77,"dSub":3045,"dDc":1800,"cx":103.979896,"cy":1.367057}},{"type":"Feature","geometry":{"type":"Polygon","coordinates":[[[103.9834,1.370584],[103.985377,1.370584],[103.985377,1.372573],[103.9834,1.372573],[103.9834,1.370584]]]},"properties":{"id":"c168_68","score":54.4,"land":73,"power":0,"fibre":56,"community":89,"dSub":3592,"dDc":2198,"cx":103.984389,"cy":1.371579}},{"type":"Feature","geometry":{"type":"Polygon","coordinates":[[[104.008111,1.323104],[104.010087,1.323104],[104.010087,1.325094],[104.008111,1.325094],[104.008111,1.323104]]]},"properties":{"id":"c179_47","score":42.9,"land":67,"power":0,"fibre":0,"community":97,"dSub":7834,"dDc":7288,"cx":104.009099,"cy":1.324099}},{"type":"Feature","geometry":{"type":"Polygon","coordinates":[[[103.981154,1.368323],[103.983131,1.368323],[103.983131,1.370313],[103.981154,1.370313],[103.981154,1.368323]]]},"properties":{"id":"c167_67","score":48.7,"land":58,"power":0,"fibre":60,"community":81,"dSub":3311,"dDc":1978,"cx":103.982142,"cy":1.369318}},{"type":"Feature","geometry":{"type":"Polygon","coordinates":[[[103.974415,1.316322],[103.976391,1.316322],[103.976391,1.318311],[103.974415,1.318311],[103.974415,1.316322]]]},"properties":{"id":"c164_44","score":48.1,"land":100,"power":0,"fibre":0,"community":66,"dSub":5392,"dDc":6219,"cx":103.975403,"cy":1.317316}},{"type":"Feature","geometry":{"type":"Polygon","coordinates":[[[103.951951,1.375106],[103.953927,1.375106],[103.953927,1.377095],[103.951951,1.377095],[103.951951,1.375106]]]},"properties":{"id":"c154_70","score":46.6,"land":4,"power":64,"fibre":73,"community":73,"dSub":1086,"dDc":1363,"cx":103.952939,"cy":1.376101}},{"type":"Feature","geometry":{"type":"Polygon","coordinates":[[[103.956443,1.370584],[103.95842,1.370584],[103.95842,1.372573],[103.956443,1.372573],[103.956443,1.370584]]]},"properties":{"id":"c156_68","score":44.4,"land":12,"power":73,"fibre":84,"community":25,"dSub":799,"dDc":811,"cx":103.957432,"cy":1.371579}},{"type":"Feature","geometry":{"type":"Polygon","coordinates":[[[103.922747,1.325365],[103.924724,1.325365],[103.924724,1.327355],[103.922747,1.327355],[103.922747,1.325365]]]},"properties":{"id":"c141_48","score":53.9,"land":55,"power":78,"fibre":33,"community":42,"dSub":648,"dDc":3354,"cx":103.923736,"cy":1.32636}},{"type":"Feature","geometry":{"type":"Polygon","coordinates":[[[103.924994,1.325365],[103.926971,1.325365],[103.926971,1.327355],[103.924994,1.327355],[103.924994,1.325365]]]},"properties":{"id":"c142_48","score":43.4,"land":35,"power":82,"fibre":28,"community":25,"dSub":542,"dDc":3599,"cx":103.925982,"cy":1.32636}},{"type":"Feature","geometry":{"type":"Polygon","coordinates":[[[103.945211,1.341192],[103.947188,1.341192],[103.947188,1.343181],[103.945211,1.343181],[103.945211,1.341192]]]},"properties":{"id":"c151_55","score":56.0,"land":100,"power":8,"fibre":21,"community":73,"dSub":2757,"dDc":3933,"cx":103.9462,"cy":1.342187}},{"type":"Feature","geometry":{"type":"Polygon","coordinates":[[[104.005864,1.314061],[104.007841,1.314061],[104.007841,1.31605],[104.005864,1.31605],[104.005864,1.314061]]]},"properties":{"id":"c178_43","score":48.2,"land":82,"power":0,"fibre":0,"community":98,"dSub":8283,"dDc":7900,"cx":104.006853,"cy":1.315055}},{"type":"Feature","geometry":{"type":"Polygon","coordinates":[[[103.996879,1.3118],[103.998855,1.3118],[103.998855,1.313789],[103.996879,1.313789],[103.996879,1.3118]]]},"properties":{"id":"c174_42","score":43.1,"land":76,"power":0,"fibre":0,"community":83,"dSub":7773,"dDc":7567,"cx":103.997867,"cy":1.312794}},{"type":"Feature","geometry":{"type":"Polygon","coordinates":[[[103.92724,1.366062],[103.929217,1.366062],[103.929217,1.368052],[103.92724,1.368052],[103.92724,1.366062]]]},"properties":{"id":"c143_66","score":42.1,"land":59,"power":10,"fibre":18,"community":77,"dSub":2708,"dDc":4099,"cx":103.928229,"cy":1.367057}},{"type":"Feature","geometry":{"type":"Polygon","coordinates":[[[103.924994,1.372845],[103.926971,1.372845],[103.926971,1.374834],[103.924994,1.374834],[103.924994,1.372845]]]},"properties":{"id":"c142_69","score":55.5,"land":94,"power":0,"fibre":14,"community":99,"dSub":3072,"dDc":4307,"cx":103.925982,"cy":1.37384}},{"type":"Feature","geometry":{"type":"Polygon","coordinates":[[[103.967675,1.366062],[103.969652,1.366062],[103.969652,1.368052],[103.967675,1.368052],[103.967675,1.366062]]]},"properties":{"id":"c161_66","score":45.0,"land":27,"power":40,"fibre":85,"community":43,"dSub":1796,"dDc":750,"cx":103.968664,"cy":1.367057}},{"type":"Feature","geometry":{"type":"Polygon","coordinates":[[[103.909269,1.338931],[103.911246,1.338931],[103.911246,1.34092],[103.909269,1.34092],[103.909269,1.338931]]]},"properties":{"id":"c135_54","score":67.0,"land":72,"power":49,"fibre":65,"community":82,"dSub":1541,"dDc":1763,"cx":103.910257,"cy":1.339926}},{"type":"Feature","geometry":{"type":"Polygon","coordinates":[[[103.95869,1.323104],[103.960667,1.323104],[103.960667,1.325094],[103.95869,1.325094],[103.95869,1.323104]]]},"properties":{"id":"c157_47","score":47.8,"land":88,"power":0,"fibre":0,"community":85,"dSub":3632,"dDc":5382,"cx":103.959678,"cy":1.324099}},{"type":"Feature","geometry":{"type":"Polygon","coordinates":[[[103.967675,1.381888],[103.969652,1.381888],[103.969652,1.383878],[103.967675,1.383878],[103.967675,1.381888]]]},"properties":{"id":"c161_73","score":61.1,"land":65,"power":14,"fibre":75,"community":98,"dSub":2566,"dDc":1230,"cx":103.968664,"cy":1.382883}},{"type":"Feature","geometry":{"type":"Polygon","coordinates":[[[104.005864,1.316322],[104.007841,1.316322],[104.007841,1.318311],[104.005864,1.318311],[104.005864,1.316322]]]},"properties":{"id":"c178_44","score":49.6,"land":85,"power":0,"fibre":0,"community":99,"dSub":8114,"dDc":7701,"cx":104.006853,"cy":1.317316}},{"type":"Feature","geometry":{"type":"Polygon","coordinates":[[[104.003618,1.316322],[104.005595,1.316322],[104.005595,1.318311],[104.003618,1.318311],[104.003618,1.316322]]]},"properties":{"id":"c177_44","score":54.2,"land":99,"power":0,"fibre":0,"community":99,"dSub":7930,"dDc":7551,"cx":104.004606,"cy":1.317316}},{"type":"Feature","geometry":{"type":"Polygon","coordinates":[[[103.924994,1.363801],[103.926971,1.363801],[103.926971,1.365791],[103.924994,1.365791],[103.924994,1.363801]]]},"properties":{"id":"c142_65","score":56.1,"land":100,"power":1,"fibre":14,"community":90,"dSub":2961,"dDc":4305,"cx":103.925982,"cy":1.364796}},{"type":"Feature","geometry":{"type":"Polygon","coordinates":[[[103.92724,1.320843],[103.929217,1.320843],[103.929217,1.322833],[103.92724,1.322833],[103.92724,1.320843]]]},"properties":{"id":"c143_46","score":72.2,"land":87,"power":96,"fibre":21,"community":67,"dSub":124,"dDc":3964,"cx":103.928229,"cy":1.321838}},{"type":"Feature","geometry":{"type":"Polygon","coordinates":[[[103.981154,1.38641],[103.983131,1.38641],[103.983131,1.3884],[103.981154,1.3884],[103.981154,1.38641]]]},"properties":{"id":"c167_75","score":46.8,"land":65,"power":0,"fibre":49,"community":71,"dSub":4037,"dDc":2549,"cx":103.982142,"cy":1.387405}},{"type":"Feature","geometry":{"type":"Polygon","coordinates":[[[103.985647,1.38641],[103.987623,1.38641],[103.987623,1.3884],[103.985647,1.3884],[103.985647,1.38641]]]},"properties":{"id":"c169_75","score":43.4,"land":57,"power":0,"fibre":41,"community":76,"dSub":4455,"dDc":2948,"cx":103.986635,"cy":1.387405}},{"type":"Feature","geometry":{"type":"Polygon","coordinates":[[[103.987893,1.384149],[103.98987,1.384149],[103.98987,1.386139],[103.987893,1.386139],[103.987893,1.384149]]]},"properties":{"id":"c170_74","score":51.2,"land":75,"power":0,"fibre":39,"community":85,"dSub":4550,"dDc":3036,"cx":103.988881,"cy":1.385144}},{"type":"Feature","geometry":{"type":"Polygon","coordinates":[[[103.976661,1.384149],[103.978638,1.384149],[103.978638,1.386139],[103.976661,1.386139],[103.976661,1.384149]]]},"properties":{"id":"c165_74","score":56.3,"land":75,"power":0,"fibre":60,"community":91,"dSub":3486,"dDc":2010,"cx":103.977649,"cy":1.385144}},{"type":"Feature","geometry":{"type":"Polygon","coordinates":[[[103.916008,1.309539],[103.917985,1.309539],[103.917985,1.311528],[103.916008,1.311528],[103.916008,1.309539]]]},"properties":{"id":"c138_41","score":41.6,"land":35,"power":45,"fibre":30,"community":62,"dSub":1665,"dDc":3512,"cx":103.916997,"cy":1.310534}},{"type":"Feature","geometry":{"type":"Polygon","coordinates":[[[103.913762,1.341192],[103.915739,1.341192],[103.915739,1.343181],[103.913762,1.343181],[103.913762,1.341192]]]},"properties":{"id":"c137_55","score":73.0,"land":100,"power":30,"fibre":54,"community":98,"dSub":2099,"dDc":2304,"cx":103.91475,"cy":1.342187}},{"type":"Feature","geometry":{"type":"Polygon","coordinates":[[[103.976661,1.38641],[103.978638,1.38641],[103.978638,1.3884],[103.976661,1.3884],[103.976661,1.38641]]]},"properties":{"id":"c165_75","score":56.9,"land":82,"power":0,"fibre":56,"community":85,"dSub":3641,"dDc":2191,"cx":103.977649,"cy":1.387405}},{"type":"Feature","geometry":{"type":"Polygon","coordinates":[[[103.978907,1.388671],[103.980884,1.388671],[103.980884,1.390661],[103.978907,1.390661],[103.978907,1.388671]]]},"properties":{"id":"c166_76","score":40.3,"land":46,"power":0,"fibre":49,"community":71,"dSub":3993,"dDc":2544,"cx":103.979896,"cy":1.389666}},{"type":"Feature","geometry":{"type":"Polygon","coordinates":[[[103.916008,1.33667],[103.917985,1.33667],[103.917985,1.33866],[103.916008,1.33866],[103.916008,1.33667]]]},"properties":{"id":"c138_53","score":60.1,"land":100,"power":30,"fibre":50,"community":38,"dSub":2104,"dDc":2486,"cx":103.916997,"cy":1.337665}},{"type":"Feature","geometry":{"type":"Polygon","coordinates":[[[103.916008,1.327626],[103.917985,1.327626],[103.917985,1.329616],[103.916008,1.329616],[103.916008,1.327626]]]},"properties":{"id":"c138_49","score":50.7,"land":56,"power":54,"fibre":49,"community":38,"dSub":1370,"dDc":2570,"cx":103.916997,"cy":1.328621}},{"type":"Feature","geometry":{"type":"Polygon","coordinates":[[[103.918255,1.327626],[103.920231,1.327626],[103.920231,1.329616],[103.918255,1.329616],[103.918255,1.327626]]]},"properties":{"id":"c139_49","score":46.0,"land":34,"power":61,"fibre":44,"community":50,"dSub":1172,"dDc":2817,"cx":103.919243,"cy":1.328621}},{"type":"Feature","geometry":{"type":"Polygon","coordinates":[[[103.929487,1.375106],[103.931463,1.375106],[103.931463,1.377095],[103.929487,1.377095],[103.929487,1.375106]]]},"properties":{"id":"c144_70","score":61.4,"land":100,"power":10,"fibre":24,"community":95,"dSub":2686,"dDc":3825,"cx":103.930475,"cy":1.376101}},{"type":"Feature","geometry":{"type":"Polygon","coordinates":[[[103.929487,1.372845],[103.931463,1.372845],[103.931463,1.374834],[103.929487,1.374834],[103.929487,1.372845]]]},"properties":{"id":"c144_69","score":62.4,"land":100,"power":14,"fibre":24,"community":96,"dSub":2595,"dDc":3807,"cx":103.930475,"cy":1.37384}},{"type":"Feature","geometry":{"type":"Polygon","coordinates":[[[103.976661,1.381888],[103.978638,1.381888],[103.978638,1.383878],[103.976661,1.383878],[103.976661,1.381888]]]},"properties":{"id":"c165_73","score":57.5,"land":75,"power":0,"fibre":63,"community":94,"dSub":3342,"dDc":1845,"cx":103.977649,"cy":1.382883}},{"type":"Feature","geometry":{"type":"Polygon","coordinates":[[[103.974415,1.38641],[103.976391,1.38641],[103.976391,1.3884],[103.974415,1.3884],[103.974415,1.38641]]]},"properties":{"id":"c164_75","score":42.2,"land":33,"power":0,"fibre":59,"community":94,"dSub":3453,"dDc":2035,"cx":103.975403,"cy":1.387405}},{"type":"Feature","geometry":{"type":"Polygon","coordinates":[[[103.974415,1.368323],[103.976391,1.368323],[103.976391,1.370313],[103.974415,1.370313],[103.974415,1.368323]]]},"properties":{"id":"c164_67","score":55.9,"land":58,"power":14,"fibre":75,"community":85,"dSub":2566,"dDc":1247,"cx":103.975403,"cy":1.369318}},{"type":"Feature","geometry":{"type":"Polygon","coordinates":[[[103.972168,1.368323],[103.974145,1.368323],[103.974145,1.370313],[103.972168,1.370313],[103.972168,1.368323]]]},"properties":{"id":"c163_67","score":70.1,"land":90,"power":23,"fibre":80,"community":85,"dSub":2318,"dDc":1010,"cx":103.973157,"cy":1.369318}},{"type":"Feature","geometry":{"type":"Polygon","coordinates":[[[103.974415,1.370584],[103.976391,1.370584],[103.976391,1.372573],[103.974415,1.372573],[103.974415,1.370584]]]},"properties":{"id":"c164_68","score":50.0,"land":37,"power":13,"fibre":76,"community":92,"dSub":2610,"dDc":1200,"cx":103.975403,"cy":1.371579}},{"type":"Feature","geometry":{"type":"Polygon","coordinates":[[[103.978907,1.363801],[103.980884,1.363801],[103.980884,1.365791],[103.978907,1.365791],[103.978907,1.363801]]]},"properties":{"id":"c166_65","score":50.7,"land":67,"power":0,"fibre":62,"community":74,"dSub":3048,"dDc":1898,"cx":103.979896,"cy":1.364796}},{"type":"Feature","geometry":{"type":"Polygon","coordinates":[[[103.920501,1.323104],[103.922478,1.323104],[103.922478,1.325094],[103.920501,1.325094],[103.920501,1.323104]]]},"properties":{"id":"c140_47","score":51.0,"land":44,"power":77,"fibre":37,"community":45,"dSub":687,"dDc":3174,"cx":103.921489,"cy":1.324099}},{"type":"Feature","geometry":{"type":"Polygon","coordinates":[[[103.918255,1.323104],[103.920231,1.323104],[103.920231,1.325094],[103.918255,1.325094],[103.918255,1.323104]]]},"properties":{"id":"c139_47","score":45.4,"land":34,"power":69,"fibre":41,"community":40,"dSub":921,"dDc":2936,"cx":103.919243,"cy":1.324099}},{"type":"Feature","geometry":{"type":"Polygon","coordinates":[[[103.920501,1.320843],[103.922478,1.320843],[103.922478,1.322833],[103.920501,1.322833],[103.920501,1.320843]]]},"properties":{"id":"c140_46","score":50.9,"land":48,"power":79,"fibre":35,"community":36,"dSub":629,"dDc":3256,"cx":103.921489,"cy":1.321838}},{"type":"Feature","geometry":{"type":"Polygon","coordinates":[[[103.931733,1.316322],[103.93371,1.316322],[103.93371,1.318311],[103.931733,1.318311],[103.931733,1.316322]]]},"properties":{"id":"c145_44","score":50.3,"land":50,"power":74,"fibre":8,"community":63,"dSub":782,"dDc":4602,"cx":103.932721,"cy":1.317316}},{"type":"Feature","geometry":{"type":"Polygon","coordinates":[[[103.929487,1.316322],[103.931463,1.316322],[103.931463,1.318311],[103.929487,1.318311],[103.929487,1.316322]]]},"properties":{"id":"c144_44","score":43.3,"land":22,"power":80,"fibre":13,"community":65,"dSub":602,"dDc":4371,"cx":103.930475,"cy":1.317316}},{"type":"Feature","geometry":{"type":"Polygon","coordinates":[[[103.931733,1.314061],[103.93371,1.314061],[103.93371,1.31605],[103.931733,1.31605],[103.931733,1.314061]]]},"properties":{"id":"c145_43","score":50.3,"land":60,"power":68,"fibre":6,"community":56,"dSub":954,"dDc":4699,"cx":103.932721,"cy":1.315055}},{"type":"Feature","geometry":{"type":"Polygon","coordinates":[[[103.974415,1.354757],[103.976391,1.354757],[103.976391,1.356747],[103.974415,1.356747],[103.974415,1.354757]]]},"properties":{"id":"c164_61","score":41.0,"land":29,"power":7,"fibre":56,"community":90,"dSub":2798,"dDc":2206,"cx":103.975403,"cy":1.355752}},{"type":"Feature","geometry":{"type":"Polygon","coordinates":[[[103.972168,1.357018],[103.974145,1.357018],[103.974145,1.359008],[103.972168,1.359008],[103.972168,1.357018]]]},"properties":{"id":"c163_62","score":68.9,"land":100,"power":18,"fibre":63,"community":84,"dSub":2469,"dDc":1861,"cx":103.973157,"cy":1.358013}},{"type":"Feature","geometry":{"type":"Polygon","coordinates":[[[103.967675,1.354757],[103.969652,1.354757],[103.969652,1.356747],[103.967675,1.356747],[103.967675,1.354757]]]},"properties":{"id":"c161_61","score":44.8,"land":32,"power":29,"fibre":62,"community":69,"dSub":2139,"dDc":1906,"cx":103.968664,"cy":1.355752}},{"type":"Feature","geometry":{"type":"Polygon","coordinates":[[[103.956443,1.404498],[103.95842,1.404498],[103.95842,1.406487],[103.956443,1.406487],[103.956443,1.404498]]]},"properties":{"id":"c156_83","score":42.5,"land":100,"power":0,"fibre":25,"community":12,"dSub":4369,"dDc":3734,"cx":103.957432,"cy":1.405493}},{"type":"Feature","geometry":{"type":"Polygon","coordinates":[[[103.940719,1.357018],[103.942695,1.357018],[103.942695,1.359008],[103.940719,1.359008],[103.940719,1.357018]]]},"properties":{"id":"c149_62","score":62.3,"land":100,"power":50,"fibre":40,"community":35,"dSub":1514,"dDc":3016,"cx":103.941707,"cy":1.358013}},{"type":"Feature","geometry":{"type":"Polygon","coordinates":[[[103.92724,1.323104],[103.929217,1.323104],[103.929217,1.325094],[103.92724,1.325094],[103.92724,1.323104]]]},"properties":{"id":"c143_47","score":45.8,"land":20,"power":90,"fibre":22,"community":60,"dSub":302,"dDc":3897,"cx":103.928229,"cy":1.324099}},{"type":"Feature","geometry":{"type":"Polygon","coordinates":[[[103.916008,1.3118],[103.917985,1.3118],[103.917985,1.313789],[103.916008,1.313789],[103.916008,1.3118]]]},"properties":{"id":"c138_42","score":43.4,"land":35,"power":50,"fibre":33,"community":60,"dSub":1491,"dDc":3344,"cx":103.916997,"cy":1.312794}},{"type":"Feature","geometry":{"type":"Polygon","coordinates":[[[103.918255,1.375106],[103.920231,1.375106],[103.920231,1.377095],[103.918255,1.377095],[103.918255,1.375106]]]},"properties":{"id":"c139_70","score":41.8,"land":58,"power":0,"fibre":13,"community":93,"dSub":3862,"dDc":4341,"cx":103.919243,"cy":1.376101}},{"type":"Feature","geometry":{"type":"Polygon","coordinates":[[[104.028328,1.318582],[104.030305,1.318582],[104.030305,1.320572],[104.028328,1.320572],[104.028328,1.318582]]]},"properties":{"id":"c188_45","score":53.5,"land":99,"power":0,"fibre":0,"community":94,"dSub":9983,"dDc":9276,"cx":104.029317,"cy":1.319577}},{"type":"Feature","geometry":{"type":"Polygon","coordinates":[[[103.981154,1.384149],[103.983131,1.384149],[103.983131,1.386139],[103.981154,1.386139],[103.981154,1.384149]]]},"properties":{"id":"c167_74","score":40.9,"land":52,"power":0,"fibre":52,"community":62,"dSub":3898,"dDc":2395,"cx":103.982142,"cy":1.385144}},{"type":"Feature","geometry":{"type":"Polygon","coordinates":[[[103.978907,1.384149],[103.980884,1.384149],[103.980884,1.386139],[103.978907,1.386139],[103.978907,1.384149]]]},"properties":{"id":"c166_74","score":41.0,"land":39,"power":0,"fibre":56,"community":81,"dSub":3689,"dDc":2197,"cx":103.979896,"cy":1.385144}},{"type":"Feature","geometry":{"type":"Polygon","coordinates":[[[103.969922,1.341192],[103.971899,1.341192],[103.971899,1.343181],[103.969922,1.343181],[103.969922,1.341192]]]},"properties":{"id":"c162_55","score":61.0,"land":100,"power":0,"fibre":32,"community":99,"dSub":3358,"dDc":3425,"cx":103.97091,"cy":1.342187}},{"type":"Feature","geometry":{"type":"Polygon","coordinates":[[[103.972168,1.341192],[103.974145,1.341192],[103.974145,1.343181],[103.972168,1.343181],[103.972168,1.341192]]]},"properties":{"id":"c163_55","score":46.1,"land":60,"power":0,"fibre":30,"community":95,"dSub":3516,"dDc":3484,"cx":103.973157,"cy":1.342187}},{"type":"Feature","geometry":{"type":"Polygon","coordinates":[[[103.972168,1.347975],[103.974145,1.347975],[103.974145,1.349964],[103.972168,1.349964],[103.972168,1.347975]]]},"properties":{"id":"c163_58","score":63.9,"land":100,"power":0,"fibre":45,"community":99,"dSub":2988,"dDc":2770,"cx":103.973157,"cy":1.348969}},{"type":"Feature","geometry":{"type":"Polygon","coordinates":[[[103.999125,1.379628],[104.001102,1.379628],[104.001102,1.381617],[103.999125,1.381617],[103.999125,1.379628]]]},"properties":{"id":"c175_72","score":44.1,"land":58,"power":0,"fibre":19,"community":99,"dSub":5526,"dDc":4046,"cx":104.000113,"cy":1.380622}},{"type":"Feature","geometry":{"type":"Polygon","coordinates":[[[103.909269,1.354757],[103.911246,1.354757],[103.911246,1.356747],[103.909269,1.356747],[103.909269,1.354757]]]},"properties":{"id":"c135_61","score":61.9,"land":90,"power":4,"fibre":54,"community":93,"dSub":2865,"dDc":2318,"cx":103.910257,"cy":1.355752}},{"type":"Feature","geometry":{"type":"Polygon","coordinates":[[[103.909269,1.352496],[103.911246,1.352496],[103.911246,1.354486],[103.909269,1.354486],[103.909269,1.352496]]]},"properties":{"id":"c135_60","score":56.1,"land":72,"power":12,"fibre":55,"community":86,"dSub":2646,"dDc":2260,"cx":103.910257,"cy":1.353491}},{"type":"Feature","geometry":{"type":"Polygon","coordinates":[[[103.911515,1.354757],[103.913492,1.354757],[103.913492,1.356747],[103.911515,1.356747],[103.911515,1.354757]]]},"properties":{"id":"c136_61","score":63.1,"land":100,"power":0,"fibre":49,"community":91,"dSub":2989,"dDc":2559,"cx":103.912504,"cy":1.355752}},{"type":"Feature","geometry":{"type":"Polygon","coordinates":[[[103.913762,1.354757],[103.915739,1.354757],[103.915739,1.356747],[103.913762,1.356747],[103.913762,1.354757]]]},"properties":{"id":"c137_61","score":53.8,"land":79,"power":0,"fibre":44,"community":87,"dSub":3128,"dDc":2801,"cx":103.91475,"cy":1.355752}},{"type":"Feature","geometry":{"type":"Polygon","coordinates":[[[104.010357,1.316322],[104.012334,1.316322],[104.012334,1.318311],[104.010357,1.318311],[104.010357,1.316322]]]},"properties":{"id":"c180_44","score":48.5,"land":85,"power":0,"fibre":0,"community":93,"dSub":8493,"dDc":8015,"cx":104.011345,"cy":1.317316}},{"type":"Feature","geometry":{"type":"Polygon","coordinates":[[[104.017096,1.318582],[104.019073,1.318582],[104.019073,1.320572],[104.017096,1.320572],[104.017096,1.318582]]]},"properties":{"id":"c183_45","score":40.1,"land":60,"power":0,"fibre":0,"community":95,"dSub":8937,"dDc":8343,"cx":104.018085,"cy":1.319577}},{"type":"Feature","geometry":{"type":"Polygon","coordinates":[[[104.021589,1.320843],[104.023566,1.320843],[104.023566,1.322833],[104.021589,1.322833],[104.021589,1.320843]]]},"properties":{"id":"c185_46","score":47.5,"land":80,"power":0,"fibre":0,"community":98,"dSub":9214,"dDc":8541,"cx":104.022577,"cy":1.321838}},{"type":"Feature","geometry":{"type":"Polygon","coordinates":[[[104.003618,1.325365],[104.005595,1.325365],[104.005595,1.327355],[104.003618,1.327355],[104.003618,1.325365]]]},"properties":{"id":"c177_48","score":40.1,"land":73,"power":0,"fibre":0,"community":72,"dSub":7284,"dDc":6768,"cx":104.004606,"cy":1.32636}},{"type":"Feature","geometry":{"type":"Polygon","coordinates":[[[103.974415,1.325365],[103.976391,1.325365],[103.976391,1.327355],[103.974415,1.327355],[103.974415,1.325365]]]},"properties":{"id":"c164_48","score":46.3,"land":90,"power":0,"fibre":0,"community":74,"dSub":5095,"dDc":5242,"cx":103.975403,"cy":1.32636}},{"type":"Feature","geometry":{"type":"Polygon","coordinates":[[[103.963183,1.316322],[103.965159,1.316322],[103.965159,1.318311],[103.963183,1.318311],[103.963183,1.316322]]]},"properties":{"id":"c159_44","score":44.9,"land":100,"power":0,"fibre":0,"community":49,"dSub":4149,"dDc":6104,"cx":103.964171,"cy":1.317316}},{"type":"Feature","geometry":{"type":"Polygon","coordinates":[[[103.976661,1.359279],[103.978638,1.359279],[103.978638,1.361269],[103.976661,1.361269],[103.976661,1.359279]]]},"properties":{"id":"c165_63","score":51.8,"land":88,"power":4,"fibre":60,"community":39,"dSub":2872,"dDc":1980,"cx":103.977649,"cy":1.360274}},{"type":"Feature","geometry":{"type":"Polygon","coordinates":[[[103.974415,1.350235],[103.976391,1.350235],[103.976391,1.352225],[103.974415,1.352225],[103.974415,1.350235]]]},"properties":{"id":"c164_59","score":64.1,"land":100,"power":0,"fibre":47,"community":98,"dSub":3040,"dDc":2640,"cx":103.975403,"cy":1.35123}},{"type":"Feature","geometry":{"type":"Polygon","coordinates":[[[103.978907,1.36154],[103.980884,1.36154],[103.980884,1.36353],[103.978907,1.36353],[103.978907,1.36154]]]},"properties":{"id":"c166_64","score":61.5,"land":100,"power":0,"fibre":60,"community":73,"dSub":3072,"dDc":2023,"cx":103.979896,"cy":1.362535}},{"type":"Feature","geometry":{"type":"Polygon","coordinates":[[[103.976661,1.352496],[103.978638,1.352496],[103.978638,1.354486],[103.976661,1.354486],[103.976661,1.352496]]]},"properties":{"id":"c165_60","score":64.2,"land":100,"power":0,"fibre":49,"community":97,"dSub":3131,"dDc":2552,"cx":103.977649,"cy":1.353491}},{"type":"Feature","geometry":{"type":"Polygon","coordinates":[[[103.981154,1.363801],[103.983131,1.363801],[103.983131,1.365791],[103.981154,1.365791],[103.981154,1.363801]]]},"properties":{"id":"c167_65","score":62.5,"land":94,"power":0,"fibre":58,"community":90,"dSub":3298,"dDc":2125,"cx":103.982142,"cy":1.364796}},{"type":"Feature","geometry":{"type":"Polygon","coordinates":[[[103.911515,1.347975],[103.913492,1.347975],[103.913492,1.349964],[103.911515,1.349964],[103.911515,1.347975]]]},"properties":{"id":"c136_58","score":42.9,"land":40,"power":21,"fibre":53,"community":65,"dSub":2384,"dDc":2353,"cx":103.912504,"cy":1.348969}},{"type":"Feature","geometry":{"type":"Polygon","coordinates":[[[103.911515,1.350235],[103.913492,1.350235],[103.913492,1.352225],[103.911515,1.352225],[103.911515,1.350235]]]},"properties":{"id":"c136_59","score":43.0,"land":41,"power":14,"fibre":50,"community":75,"dSub":2577,"dDc":2478,"cx":103.912504,"cy":1.35123}},{"type":"Feature","geometry":{"type":"Polygon","coordinates":[[[103.976661,1.368323],[103.978638,1.368323],[103.978638,1.370313],[103.976661,1.370313],[103.976661,1.368323]]]},"properties":{"id":"c165_67","score":54.5,"land":68,"power":6,"fibre":70,"community":75,"dSub":2814,"dDc":1488,"cx":103.977649,"cy":1.369318}},{"type":"Feature","geometry":{"type":"Polygon","coordinates":[[[103.981154,1.370584],[103.983131,1.370584],[103.983131,1.372573],[103.981154,1.372573],[103.981154,1.370584]]]},"properties":{"id":"c167_68","score":44.9,"land":42,"power":0,"fibre":61,"community":91,"dSub":3345,"dDc":1948,"cx":103.982142,"cy":1.371579}},{"type":"Feature","geometry":{"type":"Polygon","coordinates":[[[103.92724,1.359279],[103.929217,1.359279],[103.929217,1.361269],[103.92724,1.361269],[103.92724,1.359279]]]},"properties":{"id":"c143_63","score":53.0,"land":83,"power":7,"fibre":15,"community":97,"dSub":2787,"dDc":4274,"cx":103.928229,"cy":1.360274}},{"type":"Feature","geometry":{"type":"Polygon","coordinates":[[[103.924994,1.359279],[103.926971,1.359279],[103.926971,1.361269],[103.924994,1.361269],[103.924994,1.359279]]]},"properties":{"id":"c142_63","score":57.9,"land":99,"power":0,"fibre":17,"community":99,"dSub":3030,"dDc":4138,"cx":103.925982,"cy":1.360274}},{"type":"Feature","geometry":{"type":"Polygon","coordinates":[[[103.929487,1.36154],[103.931463,1.36154],[103.931463,1.36353],[103.929487,1.36353],[103.929487,1.36154]]]},"properties":{"id":"c144_64","score":61.3,"land":100,"power":17,"fibre":21,"community":90,"dSub":2491,"dDc":3961,"cx":103.930475,"cy":1.362535}},{"type":"Feature","geometry":{"type":"Polygon","coordinates":[[[103.924994,1.316322],[103.926971,1.316322],[103.926971,1.318311],[103.924994,1.318311],[103.924994,1.316322]]]},"properties":{"id":"c142_44","score":42.3,"land":24,"power":84,"fibre":22,"community":43,"dSub":491,"dDc":3914,"cx":103.925982,"cy":1.317316}},{"type":"Feature","geometry":{"type":"Polygon","coordinates":[[[103.936226,1.388671],[103.938203,1.388671],[103.938203,1.390661],[103.936226,1.390661],[103.936226,1.388671]]]},"properties":{"id":"c147_76","score":57.6,"land":100,"power":0,"fibre":28,"community":85,"dSub":3098,"dDc":3595,"cx":103.937214,"cy":1.389666}},{"type":"Feature","geometry":{"type":"Polygon","coordinates":[[[103.972168,1.363801],[103.974145,1.363801],[103.974145,1.365791],[103.972168,1.365791],[103.972168,1.363801]]]},"properties":{"id":"c163_65","score":40.1,"land":25,"power":23,"fibre":75,"community":53,"dSub":2299,"dDc":1274,"cx":103.973157,"cy":1.364796}},{"type":"Feature","geometry":{"type":"Polygon","coordinates":[[[103.969922,1.363801],[103.971899,1.363801],[103.971899,1.365791],[103.969922,1.365791],[103.969922,1.363801]]]},"properties":{"id":"c162_65","score":45.7,"land":35,"power":32,"fibre":78,"community":49,"dSub":2050,"dDc":1101,"cx":103.97091,"cy":1.364796}},{"type":"Feature","geometry":{"type":"Polygon","coordinates":[[[103.987893,1.377367],[103.98987,1.377367],[103.98987,1.379356],[103.987893,1.379356],[103.987893,1.377367]]]},"properties":{"id":"c170_71","score":63.9,"land":100,"power":0,"fibre":45,"community":100,"dSub":4258,"dDc":2772,"cx":103.988881,"cy":1.378361}},{"type":"Feature","geometry":{"type":"Polygon","coordinates":[[[103.994632,1.375106],[103.996609,1.375106],[103.996609,1.377095],[103.994632,1.377095],[103.994632,1.375106]]]},"properties":{"id":"c173_70","score":57.0,"land":88,"power":0,"fibre":31,"community":100,"dSub":4915,"dDc":3468,"cx":103.995621,"cy":1.376101}},{"type":"Feature","geometry":{"type":"Polygon","coordinates":[[[103.913762,1.350235],[103.915739,1.350235],[103.915739,1.352225],[103.913762,1.352225],[103.913762,1.350235]]]},"properties":{"id":"c137_59","score":54.0,"land":89,"power":9,"fibre":46,"community":58,"dSub":2737,"dDc":2694,"cx":103.91475,"cy":1.35123}},{"type":"Feature","geometry":{"type":"Polygon","coordinates":[[[103.916008,1.354757],[103.917985,1.354757],[103.917985,1.356747],[103.916008,1.356747],[103.916008,1.354757]]]},"properties":{"id":"c138_61","score":41.2,"land":50,"power":0,"fibre":39,"community":80,"dSub":3280,"dDc":3045,"cx":103.916997,"cy":1.355752}},{"type":"Feature","geometry":{"type":"Polygon","coordinates":[[[103.909269,1.350235],[103.911246,1.350235],[103.911246,1.352225],[103.909269,1.352225],[103.909269,1.350235]]]},"properties":{"id":"c135_59","score":66.2,"land":100,"power":19,"fibre":55,"community":77,"dSub":2433,"dDc":2228,"cx":103.910257,"cy":1.35123}},{"type":"Feature","geometry":{"type":"Polygon","coordinates":[[[103.947458,1.377367],[103.949435,1.377367],[103.949435,1.379356],[103.947458,1.379356],[103.947458,1.377367]]]},"properties":{"id":"c152_71","score":41.3,"land":42,"power":53,"fibre":62,"community":5,"dSub":1411,"dDc":1917,"cx":103.948446,"cy":1.378361}},{"type":"Feature","geometry":{"type":"Polygon","coordinates":[[[103.922747,1.377367],[103.924724,1.377367],[103.924724,1.379356],[103.922747,1.379356],[103.922747,1.377367]]]},"properties":{"id":"c141_71","score":56.6,"land":100,"power":0,"fibre":8,"community":100,"dSub":3473,"dDc":4600,"cx":103.923736,"cy":1.378361}},{"type":"Feature","geometry":{"type":"Polygon","coordinates":[[[103.911515,1.338931],[103.913492,1.338931],[103.913492,1.34092],[103.911515,1.34092],[103.911515,1.338931]]]},"properties":{"id":"c136_54","score":73.3,"land":100,"power":41,"fibre":60,"community":80,"dSub":1760,"dDc":2009,"cx":103.912504,"cy":1.339926}},{"type":"Feature","geometry":{"type":"Polygon","coordinates":[[[103.967675,1.33667],[103.969652,1.33667],[103.969652,1.33866],[103.967675,1.33866],[103.967675,1.33667]]]},"properties":{"id":"c161_53","score":47.9,"land":69,"power":0,"fibre":22,"community":96,"dSub":3638,"dDc":3879,"cx":103.968664,"cy":1.337665}},{"type":"Feature","geometry":{"type":"Polygon","coordinates":[[[103.909269,1.368323],[103.911246,1.368323],[103.911246,1.370313],[103.909269,1.370313],[103.909269,1.368323]]]},"properties":{"id":"c135_67","score":62.6,"land":100,"power":0,"fibre":38,"community":100,"dSub":4253,"dDc":3098,"cx":103.910257,"cy":1.369318}},{"type":"Feature","geometry":{"type":"Polygon","coordinates":[[[103.981154,1.334409],[103.983131,1.334409],[103.983131,1.336399],[103.981154,1.336399],[103.981154,1.334409]]]},"properties":{"id":"c167_52","score":56.4,"land":100,"power":0,"fibre":9,"community":98,"dSub":4744,"dDc":4541,"cx":103.982142,"cy":1.335404}},{"type":"Feature","geometry":{"type":"Polygon","coordinates":[[[103.981154,1.338931],[103.983131,1.338931],[103.983131,1.34092],[103.981154,1.34092],[103.981154,1.338931]]]},"properties":{"id":"c167_54","score":42.5,"land":55,"power":0,"fibre":18,"community":99,"dSub":4398,"dDc":4095,"cx":103.982142,"cy":1.339926}},{"type":"Feature","geometry":{"type":"Polygon","coordinates":[[[104.021589,1.309539],[104.023566,1.309539],[104.023566,1.311528],[104.021589,1.311528],[104.021589,1.309539]]]},"properties":{"id":"c185_41","score":55.0,"land":100,"power":0,"fibre":0,"community":100,"dSub":9937,"dDc":9408,"cx":104.022577,"cy":1.310534}},{"type":"Feature","geometry":{"type":"Polygon","coordinates":[[[103.909269,1.341192],[103.911246,1.341192],[103.911246,1.343181],[103.909269,1.343181],[103.909269,1.341192]]]},"properties":{"id":"c135_55","score":78.6,"land":100,"power":44,"fibre":64,"community":99,"dSub":1684,"dDc":1823,"cx":103.910257,"cy":1.342187}},{"type":"Feature","geometry":{"type":"Polygon","coordinates":[[[103.956443,1.329887],[103.95842,1.329887],[103.95842,1.331877],[103.956443,1.331877],[103.956443,1.329887]]]},"properties":{"id":"c156_50","score":56.2,"land":100,"power":0,"fibre":7,"community":99,"dSub":3524,"dDc":4673,"cx":103.957432,"cy":1.330882}},{"type":"Feature","geometry":{"type":"Polygon","coordinates":[[[103.9834,1.341192],[103.985377,1.341192],[103.985377,1.343181],[103.9834,1.343181],[103.9834,1.341192]]]},"properties":{"id":"c168_55","score":55.8,"land":92,"power":0,"fibre":20,"community":99,"dSub":4434,"dDc":4008,"cx":103.984389,"cy":1.342187}},{"type":"Feature","geometry":{"type":"Polygon","coordinates":[[[103.965429,1.368323],[103.967406,1.368323],[103.967406,1.370313],[103.965429,1.370313],[103.965429,1.368323]]]},"properties":{"id":"c160_67","score":79.9,"land":100,"power":47,"fibre":92,"community":73,"dSub":1580,"dDc":404,"cx":103.966417,"cy":1.369318}},{"type":"Feature","geometry":{"type":"Polygon","coordinates":[[[103.936226,1.413542],[103.938203,1.413542],[103.938203,1.415531],[103.936226,1.415531],[103.936226,1.413542]]]},"properties":{"id":"c147_87","score":53.3,"land":100,"power":0,"fibre":0,"community":91,"dSub":5601,"dDc":5561,"cx":103.937214,"cy":1.414536}},{"type":"Feature","geometry":{"type":"Polygon","coordinates":[[[103.920501,1.302756],[103.922478,1.302756],[103.922478,1.304746],[103.920501,1.304746],[103.920501,1.302756]]]},"properties":{"id":"c140_38","score":58.8,"land":100,"power":31,"fibre":12,"community":68,"dSub":2072,"dDc":4397,"cx":103.921489,"cy":1.303751}},{"type":"Feature","geometry":{"type":"Polygon","coordinates":[[[103.942965,1.359279],[103.944942,1.359279],[103.944942,1.361269],[103.942965,1.361269],[103.942965,1.359279]]]},"properties":{"id":"c150_63","score":62.9,"land":100,"power":61,"fibre":47,"community":17,"dSub":1165,"dDc":2672,"cx":103.943953,"cy":1.360274}},{"type":"Feature","geometry":{"type":"Polygon","coordinates":[[[103.999125,1.388671],[104.001102,1.388671],[104.001102,1.390661],[103.999125,1.390661],[103.999125,1.388671]]]},"properties":{"id":"c175_76","score":57.5,"land":100,"power":0,"fibre":12,"community":100,"dSub":5891,"dDc":4378,"cx":104.000113,"cy":1.389666}},{"type":"Feature","geometry":{"type":"Polygon","coordinates":[[[103.996879,1.388671],[103.998855,1.388671],[103.998855,1.390661],[103.996879,1.390661],[103.996879,1.388671]]]},"properties":{"id":"c174_76","score":52.6,"land":100,"power":0,"fibre":17,"community":71,"dSub":5667,"dDc":4154,"cx":103.997867,"cy":1.389666}},{"type":"Feature","geometry":{"type":"Polygon","coordinates":[[[103.992386,1.314061],[103.994363,1.314061],[103.994363,1.31605],[103.992386,1.31605],[103.992386,1.314061]]]},"properties":{"id":"c172_43","score":53.8,"land":100,"power":0,"fibre":0,"community":94,"dSub":7262,"dDc":7112,"cx":103.993374,"cy":1.315055}},{"type":"Feature","geometry":{"type":"Polygon","coordinates":[[[103.990139,1.316322],[103.992116,1.316322],[103.992116,1.318311],[103.990139,1.318311],[103.990139,1.316322]]]},"properties":{"id":"c171_44","score":46.1,"land":79,"power":0,"fibre":0,"community":92,"dSub":6910,"dDc":6777,"cx":103.991128,"cy":1.317316}},{"type":"Feature","geometry":{"type":"Polygon","coordinates":[[[104.005864,1.366062],[104.007841,1.366062],[104.007841,1.368052],[104.005864,1.368052],[104.005864,1.366062]]]},"properties":{"id":"c178_66","score":56.1,"land":100,"power":0,"fibre":5,"community":100,"dSub":6044,"dDc":4734,"cx":104.006853,"cy":1.367057}},{"type":"Feature","geometry":{"type":"Polygon","coordinates":[[[103.916008,1.338931],[103.917985,1.338931],[103.917985,1.34092],[103.916008,1.34092],[103.916008,1.338931]]]},"properties":{"id":"c138_54","score":64.3,"land":100,"power":26,"fibre":50,"community":64,"dSub":2218,"dDc":2504,"cx":103.916997,"cy":1.339926}},{"type":"Feature","geometry":{"type":"Polygon","coordinates":[[[103.918255,1.332148],[103.920231,1.332148],[103.920231,1.334138],[103.918255,1.334138],[103.918255,1.332148]]]},"properties":{"id":"c139_51","score":65.9,"land":100,"power":48,"fibre":45,"community":49,"dSub":1549,"dDc":2771,"cx":103.919243,"cy":1.333143}},{"type":"Feature","geometry":{"type":"Polygon","coordinates":[[[103.9834,1.318582],[103.985377,1.318582],[103.985377,1.320572],[103.9834,1.320572],[103.9834,1.318582]]]},"properties":{"id":"c168_45","score":52.2,"land":100,"power":0,"fibre":0,"community":86,"dSub":6263,"dDc":6252,"cx":103.984389,"cy":1.319577}},{"type":"Feature","geometry":{"type":"Polygon","coordinates":[[[103.929487,1.399976],[103.931463,1.399976],[103.931463,1.401966],[103.929487,1.401966],[103.929487,1.399976]]]},"properties":{"id":"c144_81","score":55.3,"land":100,"power":0,"fibre":1,"community":100,"dSub":4554,"dDc":4937,"cx":103.930475,"cy":1.400971}},{"type":"Feature","geometry":{"type":"Polygon","coordinates":[[[103.951951,1.3118],[103.953927,1.3118],[103.953927,1.313789],[103.951951,1.313789],[103.951951,1.3118]]]},"properties":{"id":"c154_42","score":43.3,"land":72,"power":0,"fibre":0,"community":90,"dSub":3032,"dDc":6731,"cx":103.952939,"cy":1.312794}},{"type":"Feature","geometry":{"type":"Polygon","coordinates":[[[103.924994,1.375106],[103.926971,1.375106],[103.926971,1.377095],[103.924994,1.377095],[103.924994,1.375106]]]},"properties":{"id":"c142_70","score":57.7,"land":100,"power":0,"fibre":14,"community":100,"dSub":3149,"dDc":4323,"cx":103.925982,"cy":1.376101}},{"type":"Feature","geometry":{"type":"Polygon","coordinates":[[[104.01485,1.318582],[104.016827,1.318582],[104.016827,1.320572],[104.01485,1.320572],[104.01485,1.318582]]]},"properties":{"id":"c182_45","score":53.5,"land":100,"power":0,"fibre":0,"community":92,"dSub":8734,"dDc":8167,"cx":104.015838,"cy":1.319577}},{"type":"Feature","geometry":{"type":"Polygon","coordinates":[[[103.972168,1.327626],[103.974145,1.327626],[103.974145,1.329616],[103.972168,1.329616],[103.972168,1.327626]]]},"properties":{"id":"c163_49","score":54.8,"land":100,"power":0,"fibre":1,"community":98,"dSub":4755,"dDc":4945,"cx":103.973157,"cy":1.328621}},{"type":"Feature","geometry":{"type":"Polygon","coordinates":[[[103.994632,1.381888],[103.996609,1.381888],[103.996609,1.383878],[103.994632,1.383878],[103.994632,1.381888]]]},"properties":{"id":"c173_73","score":60.2,"land":100,"power":0,"fibre":27,"community":99,"dSub":5133,"dDc":3631,"cx":103.995621,"cy":1.382883}},{"type":"Feature","geometry":{"type":"Polygon","coordinates":[[[104.012603,1.363801],[104.01458,1.363801],[104.01458,1.365791],[104.012603,1.365791],[104.012603,1.363801]]]},"properties":{"id":"c181_65","score":55.0,"land":100,"power":0,"fibre":0,"community":100,"dSub":6796,"dDc":5512,"cx":104.013592,"cy":1.364796}},{"type":"Feature","geometry":{"type":"Polygon","coordinates":[[[103.920501,1.363801],[103.922478,1.363801],[103.922478,1.365791],[103.920501,1.365791],[103.920501,1.363801]]]},"properties":{"id":"c140_65","score":50.8,"land":100,"power":0,"fibre":23,"community":56,"dSub":3460,"dDc":3848,"cx":103.921489,"cy":1.364796}},{"type":"Feature","geometry":{"type":"Polygon","coordinates":[[[103.920501,1.36154],[103.922478,1.36154],[103.922478,1.36353],[103.920501,1.36353],[103.920501,1.36154]]]},"properties":{"id":"c140_64","score":60.0,"land":100,"power":0,"fibre":25,"community":100,"dSub":3481,"dDc":3747,"cx":103.921489,"cy":1.362535}},{"type":"Feature","geometry":{"type":"Polygon","coordinates":[[[103.916008,1.359279],[103.917985,1.359279],[103.917985,1.361269],[103.916008,1.361269],[103.916008,1.359279]]]},"properties":{"id":"c138_63","score":59.6,"land":100,"power":0,"fibre":36,"community":87,"dSub":3681,"dDc":3190,"cx":103.916997,"cy":1.360274}},{"type":"Feature","geometry":{"type":"Polygon","coordinates":[[[103.916008,1.341192],[103.917985,1.341192],[103.917985,1.343181],[103.916008,1.343181],[103.916008,1.341192]]]},"properties":{"id":"c138_55","score":65.2,"land":94,"power":23,"fibre":49,"community":84,"dSub":2319,"dDc":2547,"cx":103.916997,"cy":1.342187}},{"type":"Feature","geometry":{"type":"Polygon","coordinates":[[[103.963183,1.354757],[103.965159,1.354757],[103.965159,1.356747],[103.963183,1.356747],[103.963183,1.354757]]]},"properties":{"id":"c159_61","score":41.7,"land":37,"power":42,"fibre":63,"community":29,"dSub":1741,"dDc":1854,"cx":103.964171,"cy":1.355752}},{"type":"Feature","geometry":{"type":"Polygon","coordinates":[[[103.947458,1.314061],[103.949435,1.314061],[103.949435,1.31605],[103.947458,1.31605],[103.947458,1.314061]]]},"properties":{"id":"c152_43","score":48.0,"land":100,"power":17,"fibre":0,"community":43,"dSub":2479,"dDc":6336,"cx":103.948446,"cy":1.315055}},{"type":"Feature","geometry":{"type":"Polygon","coordinates":[[[103.920501,1.372845],[103.922478,1.372845],[103.922478,1.374834],[103.920501,1.374834],[103.920501,1.372845]]]},"properties":{"id":"c140_69","score":52.8,"land":88,"power":0,"fibre":13,"community":97,"dSub":3556,"dDc":4373,"cx":103.921489,"cy":1.37384}},{"type":"Feature","geometry":{"type":"Polygon","coordinates":[[[103.920501,1.370584],[103.922478,1.370584],[103.922478,1.372573],[103.920501,1.372573],[103.920501,1.370584]]]},"properties":{"id":"c140_68","score":57.0,"land":100,"power":0,"fibre":15,"community":94,"dSub":3506,"dDc":4226,"cx":103.921489,"cy":1.371579}},{"type":"Feature","geometry":{"type":"Polygon","coordinates":[[[103.922747,1.370584],[103.924724,1.370584],[103.924724,1.372573],[103.922747,1.372573],[103.922747,1.370584]]]},"properties":{"id":"c141_68","score":41.9,"land":58,"power":0,"fibre":11,"community":96,"dSub":3259,"dDc":4434,"cx":103.923736,"cy":1.371579}},{"type":"Feature","geometry":{"type":"Polygon","coordinates":[[[103.918255,1.381888],[103.920231,1.381888],[103.920231,1.383878],[103.918255,1.383878],[103.918255,1.381888]]]},"properties":{"id":"c139_73","score":55.5,"land":100,"power":0,"fibre":3,"community":100,"dSub":4136,"dDc":4875,"cx":103.919243,"cy":1.382883}},{"type":"Feature","geometry":{"type":"Polygon","coordinates":[[[103.920501,1.381888],[103.922478,1.381888],[103.922478,1.383878],[103.920501,1.383878],[103.920501,1.381888]]]},"properties":{"id":"c140_73","score":55.2,"land":100,"power":0,"fibre":1,"community":100,"dSub":3913,"dDc":4939,"cx":103.921489,"cy":1.382883}},{"type":"Feature","geometry":{"type":"Polygon","coordinates":[[[103.931733,1.381888],[103.93371,1.381888],[103.93371,1.383878],[103.931733,1.383878],[103.931733,1.381888]]]},"properties":{"id":"c145_73","score":59.2,"land":100,"power":4,"fibre":25,"community":90,"dSub":2870,"dDc":3735,"cx":103.932721,"cy":1.382883}},{"type":"Feature","geometry":{"type":"Polygon","coordinates":[[[104.008111,1.3118],[104.010087,1.3118],[104.010087,1.313789],[104.008111,1.313789],[104.008111,1.3118]]]},"properties":{"id":"c179_42","score":54.5,"land":100,"power":0,"fibre":0,"community":98,"dSub":8637,"dDc":8250,"cx":104.009099,"cy":1.312794}},{"type":"Feature","geometry":{"type":"Polygon","coordinates":[[[103.967675,1.341192],[103.969652,1.341192],[103.969652,1.343181],[103.967675,1.343181],[103.967675,1.341192]]]},"properties":{"id":"c161_55","score":61.4,"land":100,"power":0,"fibre":32,"community":100,"dSub":3212,"dDc":3383,"cx":103.968664,"cy":1.342187}},{"type":"Feature","geometry":{"type":"Polygon","coordinates":[[[103.965429,1.338931],[103.967406,1.338931],[103.967406,1.34092],[103.965429,1.34092],[103.965429,1.338931]]]},"properties":{"id":"c160_54","score":58.8,"land":100,"power":0,"fibre":28,"community":91,"dSub":3298,"dDc":3609,"cx":103.966417,"cy":1.339926}},{"type":"Feature","geometry":{"type":"Polygon","coordinates":[[[103.880066,1.325365],[103.882043,1.325365],[103.882043,1.327355],[103.880066,1.327355],[103.880066,1.325365]]]},"properties":{"id":"c122_48","score":52.3,"land":31,"power":32,"fibre":83,"community":86,"dSub":2054,"dDc":853,"cx":103.881054,"cy":1.32636}},{"type":"Feature","geometry":{"type":"Polygon","coordinates":[[[103.875573,1.316322],[103.87755,1.316322],[103.87755,1.318311],[103.875573,1.318311],[103.875573,1.316322]]]},"properties":{"id":"c120_44","score":59.5,"land":63,"power":28,"fibre":86,"community":66,"dSub":2157,"dDc":718,"cx":103.876561,"cy":1.317316}},{"type":"Feature","geometry":{"type":"Polygon","coordinates":[[[103.900283,1.327626],[103.90226,1.327626],[103.90226,1.329616],[103.900283,1.329616],[103.900283,1.327626]]]},"properties":{"id":"c131_49","score":48.7,"land":6,"power":81,"fibre":82,"community":48,"dSub":560,"dDc":895,"cx":103.901272,"cy":1.328621}},{"type":"Feature","geometry":{"type":"Polygon","coordinates":[[[103.889051,1.316322],[103.891028,1.316322],[103.891028,1.318311],[103.889051,1.318311],[103.889051,1.316322]]]},"properties":{"id":"c126_44","score":53.0,"land":35,"power":58,"fibre":65,"community":66,"dSub":1247,"dDc":1745,"cx":103.89004,"cy":1.317316}},{"type":"Feature","geometry":{"type":"Polygon","coordinates":[[[103.889051,1.318582],[103.891028,1.318582],[103.891028,1.320572],[103.889051,1.320572],[103.889051,1.318582]]]},"properties":{"id":"c126_45","score":75.6,"land":100,"power":50,"fibre":70,"community":70,"dSub":1491,"dDc":1506,"cx":103.89004,"cy":1.319577}},{"type":"Feature","geometry":{"type":"Polygon","coordinates":[[[103.904776,1.33667],[103.906753,1.33667],[103.906753,1.33866],[103.904776,1.33866],[103.904776,1.33667]]]},"properties":{"id":"c133_53","score":53.5,"land":12,"power":67,"fibre":75,"community":87,"dSub":985,"dDc":1237,"cx":103.905765,"cy":1.337665}},{"type":"Feature","geometry":{"type":"Polygon","coordinates":[[[103.880066,1.323104],[103.882043,1.323104],[103.882043,1.325094],[103.880066,1.325094],[103.880066,1.323104]]]},"properties":{"id":"c122_47","score":51.6,"land":33,"power":28,"fibre":84,"community":81,"dSub":2153,"dDc":787,"cx":103.881054,"cy":1.324099}},{"type":"Feature","geometry":{"type":"Polygon","coordinates":[[[103.882312,1.338931],[103.884289,1.338931],[103.884289,1.34092],[103.882312,1.34092],[103.882312,1.338931]]]},"properties":{"id":"c123_54","score":41.0,"land":8,"power":38,"fibre":78,"community":66,"dSub":1855,"dDc":1110,"cx":103.883301,"cy":1.339926}},{"type":"Feature","geometry":{"type":"Polygon","coordinates":[[[103.87108,1.323104],[103.873057,1.323104],[103.873057,1.325094],[103.87108,1.325094],[103.87108,1.323104]]]},"properties":{"id":"c118_47","score":48.3,"land":19,"power":27,"fibre":95,"community":78,"dSub":2186,"dDc":235,"cx":103.872069,"cy":1.324099}},{"type":"Feature","geometry":{"type":"Polygon","coordinates":[[[103.898037,1.347975],[103.900014,1.347975],[103.900014,1.349964],[103.898037,1.349964],[103.898037,1.347975]]]},"properties":{"id":"c130_58","score":51.2,"land":16,"power":40,"fibre":80,"community":97,"dSub":1794,"dDc":977,"cx":103.899025,"cy":1.348969}},{"type":"Feature","geometry":{"type":"Polygon","coordinates":[[[103.886805,1.314061],[103.888782,1.314061],[103.888782,1.31605],[103.886805,1.31605],[103.886805,1.314061]]]},"properties":{"id":"c125_43","score":43.5,"land":16,"power":63,"fibre":64,"community":46,"dSub":1105,"dDc":1782,"cx":103.887793,"cy":1.315055}},{"type":"Feature","geometry":{"type":"Polygon","coordinates":[[[103.886805,1.338931],[103.888782,1.338931],[103.888782,1.34092],[103.886805,1.34092],[103.886805,1.338931]]]},"properties":{"id":"c125_54","score":77.1,"land":81,"power":53,"fibre":88,"community":90,"dSub":1419,"dDc":614,"cx":103.887793,"cy":1.339926}},{"type":"Feature","geometry":{"type":"Polygon","coordinates":[[[103.864341,1.327626],[103.866318,1.327626],[103.866318,1.329616],[103.864341,1.329616],[103.864341,1.327626]]]},"properties":{"id":"c115_49","score":44.9,"land":23,"power":40,"fibre":77,"community":56,"dSub":1799,"dDc":1133,"cx":103.865329,"cy":1.328621}},{"type":"Feature","geometry":{"type":"Polygon","coordinates":[[[103.875573,1.314061],[103.87755,1.314061],[103.87755,1.31605],[103.875573,1.31605],[103.875573,1.314061]]]},"properties":{"id":"c120_43","score":46.3,"land":30,"power":36,"fibre":81,"community":52,"dSub":1908,"dDc":953,"cx":103.876561,"cy":1.315055}},{"type":"Feature","geometry":{"type":"Polygon","coordinates":[[[103.904776,1.334409],[103.906753,1.334409],[103.906753,1.336399],[103.904776,1.336399],[103.904776,1.334409]]]},"properties":{"id":"c133_52","score":58.1,"land":30,"power":71,"fibre":75,"community":75,"dSub":873,"dDc":1250,"cx":103.905765,"cy":1.335404}},{"type":"Feature","geometry":{"type":"Polygon","coordinates":[[[103.900283,1.332148],[103.90226,1.332148],[103.90226,1.334138],[103.900283,1.334138],[103.900283,1.332148]]]},"properties":{"id":"c131_51","score":81.4,"land":73,"power":89,"fibre":84,"community":83,"dSub":325,"dDc":787,"cx":103.901272,"cy":1.333143}},{"type":"Feature","geometry":{"type":"Polygon","coordinates":[[[103.873327,1.375106],[103.875303,1.375106],[103.875303,1.377095],[103.873327,1.377095],[103.873327,1.375106]]]},"properties":{"id":"c119_70","score":61.4,"land":82,"power":0,"fibre":93,"community":70,"dSub":5066,"dDc":343,"cx":103.874315,"cy":1.376101}},{"type":"Feature","geometry":{"type":"Polygon","coordinates":[[[103.909269,1.370584],[103.911246,1.370584],[103.911246,1.372573],[103.909269,1.372573],[103.909269,1.370584]]]},"properties":{"id":"c135_68","score":61.9,"land":100,"power":0,"fibre":34,"community":100,"dSub":4491,"dDc":3277,"cx":103.910257,"cy":1.371579}},{"type":"Feature","geometry":{"type":"Polygon","coordinates":[[[103.907023,1.366062],[103.908999,1.366062],[103.908999,1.368052],[103.907023,1.368052],[103.907023,1.366062]]]},"properties":{"id":"c134_66","score":60.4,"land":90,"power":0,"fibre":45,"community":100,"dSub":3941,"dDc":2744,"cx":103.908011,"cy":1.367057}},{"type":"Feature","geometry":{"type":"Polygon","coordinates":[[[103.907023,1.368323],[103.908999,1.368323],[103.908999,1.370313],[103.907023,1.370313],[103.907023,1.368323]]]},"properties":{"id":"c134_67","score":63.3,"land":100,"power":0,"fibre":42,"community":100,"dSub":4182,"dDc":2924,"cx":103.908011,"cy":1.369318}},{"type":"Feature","geometry":{"type":"Polygon","coordinates":[[[103.907023,1.363801],[103.908999,1.363801],[103.908999,1.365791],[103.907023,1.365791],[103.907023,1.363801]]]},"properties":{"id":"c134_65","score":64.7,"land":100,"power":0,"fibre":48,"community":100,"dSub":3701,"dDc":2577,"cx":103.908011,"cy":1.364796}},{"type":"Feature","geometry":{"type":"Polygon","coordinates":[[[103.877819,1.413542],[103.879796,1.413542],[103.879796,1.415531],[103.877819,1.415531],[103.877819,1.413542]]]},"properties":{"id":"c121_87","score":54.5,"land":98,"power":0,"fibre":13,"community":88,"dSub":7128,"dDc":4358,"cx":103.878808,"cy":1.414536}},{"type":"Feature","geometry":{"type":"Polygon","coordinates":[[[103.880066,1.295973],[103.882043,1.295973],[103.882043,1.297963],[103.880066,1.297963],[103.880066,1.295973]]]},"properties":{"id":"c122_35","score":49.9,"land":22,"power":88,"fibre":40,"community":61,"dSub":359,"dDc":3014,"cx":103.881054,"cy":1.296968}},{"type":"Feature","geometry":{"type":"Polygon","coordinates":[[[103.884559,1.300495],[103.886535,1.300495],[103.886535,1.302485],[103.884559,1.302485],[103.884559,1.300495]]]},"properties":{"id":"c124_37","score":45.2,"land":33,"power":69,"fibre":45,"community":37,"dSub":936,"dDc":2730,"cx":103.885547,"cy":1.30149}},{"type":"Feature","geometry":{"type":"Polygon","coordinates":[[[103.907023,1.334409],[103.908999,1.334409],[103.908999,1.336399],[103.907023,1.336399],[103.907023,1.334409]]]},"properties":{"id":"c134_52","score":74.5,"land":86,"power":63,"fibre":70,"community":74,"dSub":1111,"dDc":1498,"cx":103.908011,"cy":1.335404}},{"type":"Feature","geometry":{"type":"Polygon","coordinates":[[[103.880066,1.316322],[103.882043,1.316322],[103.882043,1.318311],[103.880066,1.318311],[103.880066,1.316322]]]},"properties":{"id":"c122_44","score":64.0,"land":77,"power":41,"fibre":80,"community":54,"dSub":1772,"dDc":1024,"cx":103.881054,"cy":1.317316}},{"type":"Feature","geometry":{"type":"Polygon","coordinates":[[[103.889051,1.33667],[103.891028,1.33667],[103.891028,1.33866],[103.889051,1.33866],[103.889051,1.33667]]]},"properties":{"id":"c126_53","score":82.2,"land":79,"power":64,"fibre":93,"community":99,"dSub":1075,"dDc":367,"cx":103.89004,"cy":1.337665}},{"type":"Feature","geometry":{"type":"Polygon","coordinates":[[[103.864341,1.325365],[103.866318,1.325365],[103.866318,1.327355],[103.864341,1.327355],[103.864341,1.325365]]]},"properties":{"id":"c115_48","score":40.5,"land":14,"power":45,"fibre":79,"community":42,"dSub":1637,"dDc":1026,"cx":103.865329,"cy":1.32636}},{"type":"Feature","geometry":{"type":"Polygon","coordinates":[[[103.866587,1.309539],[103.868564,1.309539],[103.868564,1.311528],[103.866587,1.311528],[103.866587,1.309539]]]},"properties":{"id":"c116_41","score":77.4,"land":100,"power":42,"fibre":68,"community":91,"dSub":1737,"dDc":1583,"cx":103.867576,"cy":1.310534}},{"type":"Feature","geometry":{"type":"Polygon","coordinates":[[[103.882312,1.334409],[103.884289,1.334409],[103.884289,1.336399],[103.882312,1.336399],[103.882312,1.334409]]]},"properties":{"id":"c123_52","score":56.8,"land":45,"power":43,"fibre":78,"community":74,"dSub":1703,"dDc":1124,"cx":103.883301,"cy":1.335404}},{"type":"Feature","geometry":{"type":"Polygon","coordinates":[[[103.882312,1.33667],[103.884289,1.33667],[103.884289,1.33866],[103.882312,1.33866],[103.882312,1.33667]]]},"properties":{"id":"c123_53","score":43.5,"land":8,"power":41,"fibre":78,"community":74,"dSub":1763,"dDc":1112,"cx":103.883301,"cy":1.337665}},{"type":"Feature","geometry":{"type":"Polygon","coordinates":[[[103.893544,1.325365],[103.895521,1.325365],[103.895521,1.327355],[103.893544,1.327355],[103.893544,1.325365]]]},"properties":{"id":"c128_48","score":66.7,"land":33,"power":72,"fibre":86,"community":99,"dSub":827,"dDc":683,"cx":103.894533,"cy":1.32636}},{"type":"Feature","geometry":{"type":"Polygon","coordinates":[[[103.893544,1.332148],[103.895521,1.332148],[103.895521,1.334138],[103.893544,1.334138],[103.893544,1.332148]]]},"properties":{"id":"c128_51","score":70.6,"land":29,"power":86,"fibre":99,"community":96,"dSub":430,"dDc":61,"cx":103.894533,"cy":1.333143}},{"type":"Feature","geometry":{"type":"Polygon","coordinates":[[[103.889051,1.329887],[103.891028,1.329887],[103.891028,1.331877],[103.889051,1.331877],[103.889051,1.329887]]]},"properties":{"id":"c126_50","score":57.9,"land":18,"power":68,"fibre":90,"community":83,"dSub":951,"dDc":500,"cx":103.89004,"cy":1.330882}},{"type":"Feature","geometry":{"type":"Polygon","coordinates":[[[103.891298,1.332148],[103.893275,1.332148],[103.893275,1.334138],[103.891298,1.334138],[103.891298,1.332148]]]},"properties":{"id":"c127_51","score":73.0,"land":43,"power":77,"fibre":96,"community":97,"dSub":679,"dDc":191,"cx":103.892286,"cy":1.333143}},{"type":"Feature","geometry":{"type":"Polygon","coordinates":[[[103.893544,1.334409],[103.895521,1.334409],[103.895521,1.336399],[103.893544,1.336399],[103.893544,1.334409]]]},"properties":{"id":"c128_52","score":70.2,"land":32,"power":83,"fibre":96,"community":95,"dSub":518,"dDc":192,"cx":103.894533,"cy":1.335404}},{"type":"Feature","geometry":{"type":"Polygon","coordinates":[[[103.895791,1.332148],[103.897767,1.332148],[103.897767,1.334138],[103.895791,1.334138],[103.895791,1.332148]]]},"properties":{"id":"c129_51","score":90.5,"land":83,"power":94,"fibre":94,"community":95,"dSub":183,"dDc":292,"cx":103.896779,"cy":1.333143}},{"type":"Feature","geometry":{"type":"Polygon","coordinates":[[[103.895791,1.329887],[103.897767,1.329887],[103.897767,1.331877],[103.895791,1.331877],[103.895791,1.329887]]]},"properties":{"id":"c129_50","score":93.4,"land":95,"power":91,"fibre":93,"community":93,"dSub":273,"dDc":337,"cx":103.896779,"cy":1.330882}},{"type":"Feature","geometry":{"type":"Polygon","coordinates":[[[103.893544,1.329887],[103.895521,1.329887],[103.895521,1.331877],[103.893544,1.331877],[103.893544,1.329887]]]},"properties":{"id":"c128_50","score":95.1,"land":100,"power":84,"fibre":96,"community":99,"dSub":476,"dDc":185,"cx":103.894533,"cy":1.330882}},{"type":"Feature","geometry":{"type":"Polygon","coordinates":[[[103.898037,1.33667],[103.900014,1.33667],[103.900014,1.33866],[103.898037,1.33866],[103.898037,1.33667]]]},"properties":{"id":"c130_53","score":90.5,"land":99,"power":82,"fibre":90,"community":87,"dSub":547,"dDc":489,"cx":103.899025,"cy":1.337665}},{"type":"Feature","geometry":{"type":"Polygon","coordinates":[[[103.87108,1.377367],[103.873057,1.377367],[103.873057,1.379356],[103.87108,1.379356],[103.87108,1.377367]]]},"properties":{"id":"c118_71","score":67.3,"land":100,"power":0,"fibre":94,"community":67,"dSub":5038,"dDc":291,"cx":103.872069,"cy":1.378361}},{"type":"Feature","geometry":{"type":"Polygon","coordinates":[[[103.855355,1.359279],[103.857332,1.359279],[103.857332,1.361269],[103.855355,1.361269],[103.855355,1.359279]]]},"properties":{"id":"c111_63","score":61.6,"land":93,"power":19,"fibre":52,"community":69,"dSub":2415,"dDc":2392,"cx":103.856344,"cy":1.360274}},{"type":"Feature","geometry":{"type":"Polygon","coordinates":[[[103.857602,1.307278],[103.859579,1.307278],[103.859579,1.309267],[103.857602,1.309267],[103.857602,1.307278]]]},"properties":{"id":"c112_40","score":41.3,"land":7,"power":61,"fibre":52,"community":66,"dSub":1159,"dDc":2389,"cx":103.85859,"cy":1.308273}},{"type":"Feature","geometry":{"type":"Polygon","coordinates":[[[103.862095,1.307278],[103.864071,1.307278],[103.864071,1.309267],[103.862095,1.309267],[103.862095,1.307278]]]},"properties":{"id":"c114_40","score":43.8,"land":14,"power":51,"fibre":59,"community":72,"dSub":1467,"dDc":2059,"cx":103.863083,"cy":1.308273}},{"type":"Feature","geometry":{"type":"Polygon","coordinates":[[[103.862095,1.309539],[103.864071,1.309539],[103.864071,1.311528],[103.862095,1.311528],[103.862095,1.309539]]]},"properties":{"id":"c114_41","score":44.2,"land":5,"power":56,"fibre":63,"community":80,"dSub":1307,"dDc":1863,"cx":103.863083,"cy":1.310534}},{"type":"Feature","geometry":{"type":"Polygon","coordinates":[[[103.864341,1.3118],[103.866318,1.3118],[103.866318,1.313789],[103.864341,1.313789],[103.864341,1.3118]]]},"properties":{"id":"c115_42","score":63.1,"land":48,"power":53,"fibre":70,"community":95,"dSub":1407,"dDc":1511,"cx":103.865329,"cy":1.312794}},{"type":"Feature","geometry":{"type":"Polygon","coordinates":[[[103.889051,1.347975],[103.891028,1.347975],[103.891028,1.349964],[103.889051,1.349964],[103.889051,1.347975]]]},"properties":{"id":"c126_58","score":45.1,"land":17,"power":33,"fibre":98,"community":57,"dSub":2018,"dDc":96,"cx":103.89004,"cy":1.348969}},{"type":"Feature","geometry":{"type":"Polygon","coordinates":[[[103.857602,1.314061],[103.859579,1.314061],[103.859579,1.31605],[103.857602,1.31605],[103.857602,1.314061]]]},"properties":{"id":"c112_43","score":46.8,"land":9,"power":79,"fibre":61,"community":58,"dSub":619,"dDc":1944,"cx":103.85859,"cy":1.315055}},{"type":"Feature","geometry":{"type":"Polygon","coordinates":[[[103.855355,1.318582],[103.857332,1.318582],[103.857332,1.320572],[103.855355,1.320572],[103.855355,1.318582]]]},"properties":{"id":"c111_45","score":44.4,"land":2,"power":87,"fibre":60,"community":51,"dSub":387,"dDc":2010,"cx":103.856344,"cy":1.319577}},{"type":"Feature","geometry":{"type":"Polygon","coordinates":[[[103.895791,1.343453],[103.897767,1.343453],[103.897767,1.345442],[103.895791,1.345442],[103.895791,1.343453]]]},"properties":{"id":"c129_56","score":85.6,"land":100,"power":57,"fibre":86,"community":96,"dSub":1304,"dDc":713,"cx":103.896779,"cy":1.344448}},{"type":"Feature","geometry":{"type":"Polygon","coordinates":[[[103.891298,1.334409],[103.893275,1.334409],[103.893275,1.336399],[103.891298,1.336399],[103.891298,1.334409]]]},"properties":{"id":"c127_52","score":58.1,"land":2,"power":75,"fibre":96,"community":97,"dSub":738,"dDc":210,"cx":103.892286,"cy":1.335404}},{"type":"Feature","geometry":{"type":"Polygon","coordinates":[[[103.886805,1.38641],[103.888782,1.38641],[103.888782,1.3884],[103.886805,1.3884],[103.886805,1.38641]]]},"properties":{"id":"c125_75","score":49.9,"land":81,"power":0,"fibre":55,"community":53,"dSub":6156,"dDc":2241,"cx":103.887793,"cy":1.387405}},{"type":"Feature","geometry":{"type":"Polygon","coordinates":[[[103.882312,1.325365],[103.884289,1.325365],[103.884289,1.327355],[103.882312,1.327355],[103.882312,1.325365]]]},"properties":{"id":"c123_48","score":45.2,"land":24,"power":39,"fibre":78,"community":57,"dSub":1821,"dDc":1087,"cx":103.883301,"cy":1.32636}},{"type":"Feature","geometry":{"type":"Polygon","coordinates":[[[103.90253,1.329887],[103.904507,1.329887],[103.904507,1.331877],[103.90253,1.331877],[103.90253,1.329887]]]},"properties":{"id":"c132_50","score":64.4,"land":50,"power":80,"fibre":79,"community":56,"dSub":609,"dDc":1050,"cx":103.903518,"cy":1.330882}},{"type":"Feature","geometry":{"type":"Polygon","coordinates":[[[103.90253,1.332148],[103.904507,1.332148],[103.904507,1.334138],[103.90253,1.334138],[103.90253,1.332148]]]},"properties":{"id":"c132_51","score":71.8,"land":61,"power":81,"fibre":79,"community":72,"dSub":574,"dDc":1036,"cx":103.903518,"cy":1.333143}},{"type":"Feature","geometry":{"type":"Polygon","coordinates":[[[103.904776,1.332148],[103.906753,1.332148],[103.906753,1.334138],[103.904776,1.334138],[103.904776,1.332148]]]},"properties":{"id":"c133_51","score":64.6,"land":58,"power":73,"fibre":74,"community":57,"dSub":823,"dDc":1286,"cx":103.905765,"cy":1.333143}},{"type":"Feature","geometry":{"type":"Polygon","coordinates":[[[103.855355,1.309539],[103.857332,1.309539],[103.857332,1.311528],[103.855355,1.311528],[103.855355,1.309539]]]},"properties":{"id":"c111_41","score":45.0,"land":5,"power":72,"fibre":52,"community":73,"dSub":826,"dDc":2421,"cx":103.856344,"cy":1.310534}},{"type":"Feature","geometry":{"type":"Polygon","coordinates":[[[103.859848,1.341192],[103.861825,1.341192],[103.861825,1.343181],[103.859848,1.343181],[103.859848,1.341192]]]},"properties":{"id":"c113_55","score":57.8,"land":90,"power":15,"fibre":49,"community":63,"dSub":2537,"dDc":2553,"cx":103.860837,"cy":1.342187}},{"type":"Feature","geometry":{"type":"Polygon","coordinates":[[[103.859848,1.338931],[103.861825,1.338931],[103.861825,1.34092],[103.859848,1.34092],[103.859848,1.338931]]]},"properties":{"id":"c113_54","score":61.9,"land":100,"power":13,"fibre":53,"community":65,"dSub":2608,"dDc":2353,"cx":103.860837,"cy":1.339926}},{"type":"Feature","geometry":{"type":"Polygon","coordinates":[[[103.868834,1.341192],[103.870811,1.341192],[103.870811,1.343181],[103.868834,1.343181],[103.868834,1.341192]]]},"properties":{"id":"c117_55","score":44.4,"land":62,"power":0,"fibre":57,"community":56,"dSub":3278,"dDc":2141,"cx":103.869822,"cy":1.342187}},{"type":"Feature","geometry":{"type":"Polygon","coordinates":[[[103.855355,1.350235],[103.857332,1.350235],[103.857332,1.352225],[103.855355,1.352225],[103.855355,1.350235]]]},"properties":{"id":"c111_59","score":62.4,"land":92,"power":33,"fibre":36,"community":73,"dSub":2007,"dDc":3189,"cx":103.856344,"cy":1.35123}},{"type":"Feature","geometry":{"type":"Polygon","coordinates":[[[103.857602,1.343453],[103.859579,1.343453],[103.859579,1.345442],[103.857602,1.345442],[103.857602,1.343453]]]},"properties":{"id":"c112_56","score":41.1,"land":44,"power":25,"fibre":42,"community":55,"dSub":2243,"dDc":2902,"cx":103.85859,"cy":1.344448}},{"type":"Feature","geometry":{"type":"Polygon","coordinates":[[[103.884559,1.33667],[103.886535,1.33667],[103.886535,1.33866],[103.884559,1.33866],[103.884559,1.33667]]]},"properties":{"id":"c124_53","score":54.1,"land":23,"power":49,"fibre":83,"community":87,"dSub":1527,"dDc":863,"cx":103.885547,"cy":1.337665}},{"type":"Feature","geometry":{"type":"Polygon","coordinates":[[[103.886805,1.334409],[103.888782,1.334409],[103.888782,1.336399],[103.886805,1.336399],[103.886805,1.334409]]]},"properties":{"id":"c125_52","score":61.6,"land":32,"power":60,"fibre":87,"community":90,"dSub":1214,"dDc":636,"cx":103.887793,"cy":1.335404}},{"type":"Feature","geometry":{"type":"Polygon","coordinates":[[[103.889051,1.334409],[103.891028,1.334409],[103.891028,1.336399],[103.889051,1.336399],[103.889051,1.334409]]]},"properties":{"id":"c126_52","score":74.2,"land":55,"power":68,"fibre":92,"community":98,"dSub":973,"dDc":402,"cx":103.89004,"cy":1.335404}},{"type":"Feature","geometry":{"type":"Polygon","coordinates":[[[103.886805,1.33667],[103.888782,1.33667],[103.888782,1.33866],[103.886805,1.33866],[103.886805,1.33667]]]},"properties":{"id":"c125_53","score":80.2,"land":85,"power":57,"fibre":88,"community":94,"dSub":1297,"dDc":614,"cx":103.887793,"cy":1.337665}},{"type":"Feature","geometry":{"type":"Polygon","coordinates":[[[103.884559,1.341192],[103.886535,1.341192],[103.886535,1.343181],[103.884559,1.343181],[103.884559,1.341192]]]},"properties":{"id":"c124_55","score":57.2,"land":44,"power":41,"fibre":82,"community":76,"dSub":1768,"dDc":923,"cx":103.885547,"cy":1.342187}},{"type":"Feature","geometry":{"type":"Polygon","coordinates":[[[103.884559,1.332148],[103.886535,1.332148],[103.886535,1.334138],[103.884559,1.334138],[103.884559,1.332148]]]},"properties":{"id":"c124_51","score":55.2,"land":31,"power":52,"fibre":81,"community":75,"dSub":1428,"dDc":941,"cx":103.885547,"cy":1.333143}},{"type":"Feature","geometry":{"type":"Polygon","coordinates":[[[103.880066,1.332148],[103.882043,1.332148],[103.882043,1.334138],[103.880066,1.334138],[103.880066,1.332148]]]},"properties":{"id":"c122_51","score":48.5,"land":32,"power":36,"fibre":73,"community":68,"dSub":1928,"dDc":1341,"cx":103.881054,"cy":1.333143}},{"type":"Feature","geometry":{"type":"Polygon","coordinates":[[[103.900283,1.323104],[103.90226,1.323104],[103.90226,1.325094],[103.900283,1.325094],[103.900283,1.323104]]]},"properties":{"id":"c131_47","score":68.9,"land":75,"power":66,"fibre":76,"community":55,"dSub":1011,"dDc":1218,"cx":103.901272,"cy":1.324099}},{"type":"Feature","geometry":{"type":"Polygon","coordinates":[[[103.868834,1.372845],[103.870811,1.372845],[103.870811,1.374834],[103.868834,1.374834],[103.868834,1.372845]]]},"properties":{"id":"c117_69","score":57.1,"land":70,"power":0,"fibre":95,"community":69,"dSub":4521,"dDc":274,"cx":103.869822,"cy":1.37384}},{"type":"Feature","geometry":{"type":"Polygon","coordinates":[[[103.868834,1.370584],[103.870811,1.370584],[103.870811,1.372573],[103.868834,1.372573],[103.868834,1.370584]]]},"properties":{"id":"c117_68","score":40.4,"land":34,"power":0,"fibre":90,"community":52,"dSub":4365,"dDc":500,"cx":103.869822,"cy":1.371579}},{"type":"Feature","geometry":{"type":"Polygon","coordinates":[[[103.862095,1.372845],[103.864071,1.372845],[103.864071,1.374834],[103.862095,1.374834],[103.862095,1.372845]]]},"properties":{"id":"c114_69","score":61.5,"land":73,"power":0,"fibre":81,"community":99,"dSub":3975,"dDc":935,"cx":103.863083,"cy":1.37384}},{"type":"Feature","geometry":{"type":"Polygon","coordinates":[[[103.859848,1.375106],[103.861825,1.375106],[103.861825,1.377095],[103.859848,1.377095],[103.859848,1.375106]]]},"properties":{"id":"c113_70","score":66.5,"land":97,"power":0,"fibre":77,"community":86,"dSub":4002,"dDc":1158,"cx":103.860837,"cy":1.376101}},{"type":"Feature","geometry":{"type":"Polygon","coordinates":[[[103.862095,1.370584],[103.864071,1.370584],[103.864071,1.372573],[103.862095,1.372573],[103.862095,1.370584]]]},"properties":{"id":"c114_68","score":63.5,"land":87,"power":0,"fibre":80,"community":86,"dSub":3796,"dDc":1024,"cx":103.863083,"cy":1.371579}},{"type":"Feature","geometry":{"type":"Polygon","coordinates":[[[103.859848,1.370584],[103.861825,1.370584],[103.861825,1.372573],[103.859848,1.372573],[103.859848,1.370584]]]},"properties":{"id":"c113_68","score":65.0,"land":99,"power":0,"fibre":75,"community":76,"dSub":3622,"dDc":1251,"cx":103.860837,"cy":1.371579}},{"type":"Feature","geometry":{"type":"Polygon","coordinates":[[[103.859848,1.372845],[103.861825,1.372845],[103.861825,1.374834],[103.859848,1.374834],[103.859848,1.372845]]]},"properties":{"id":"c113_69","score":67.6,"land":100,"power":0,"fibre":76,"community":87,"dSub":3809,"dDc":1179,"cx":103.860837,"cy":1.37384}},{"type":"Feature","geometry":{"type":"Polygon","coordinates":[[[103.868834,1.375106],[103.870811,1.375106],[103.870811,1.377095],[103.868834,1.377095],[103.868834,1.375106]]]},"properties":{"id":"c117_70","score":66.9,"land":89,"power":0,"fibre":97,"community":82,"dSub":4685,"dDc":160,"cx":103.869822,"cy":1.376101}},{"type":"Feature","geometry":{"type":"Polygon","coordinates":[[[103.866587,1.375106],[103.868564,1.375106],[103.868564,1.377095],[103.866587,1.377095],[103.866587,1.375106]]]},"properties":{"id":"c116_70","score":62.7,"land":74,"power":0,"fibre":92,"community":92,"dSub":4503,"dDc":409,"cx":103.867576,"cy":1.376101}},{"type":"Feature","geometry":{"type":"Polygon","coordinates":[[[103.866587,1.377367],[103.868564,1.377367],[103.868564,1.379356],[103.866587,1.379356],[103.866587,1.377367]]]},"properties":{"id":"c116_71","score":41.4,"land":29,"power":0,"fibre":90,"community":66,"dSub":4682,"dDc":492,"cx":103.867576,"cy":1.378361}},{"type":"Feature","geometry":{"type":"Polygon","coordinates":[[[103.862095,1.377367],[103.864071,1.377367],[103.864071,1.379356],[103.862095,1.379356],[103.862095,1.377367]]]},"properties":{"id":"c114_71","score":44.9,"land":49,"power":0,"fibre":81,"community":57,"dSub":4354,"dDc":949,"cx":103.863083,"cy":1.378361}},{"type":"Feature","geometry":{"type":"Polygon","coordinates":[[[103.864341,1.370584],[103.866318,1.370584],[103.866318,1.372573],[103.864341,1.372573],[103.864341,1.370584]]]},"properties":{"id":"c115_68","score":61.2,"land":81,"power":0,"fibre":84,"community":81,"dSub":3979,"dDc":811,"cx":103.865329,"cy":1.371579}},{"type":"Feature","geometry":{"type":"Polygon","coordinates":[[[103.864341,1.375106],[103.866318,1.375106],[103.866318,1.377095],[103.864341,1.377095],[103.864341,1.375106]]]},"properties":{"id":"c115_70","score":51.8,"land":45,"power":0,"fibre":87,"community":94,"dSub":4328,"dDc":658,"cx":103.865329,"cy":1.376101}},{"type":"Feature","geometry":{"type":"Polygon","coordinates":[[[103.866587,1.372845],[103.868564,1.372845],[103.868564,1.374834],[103.866587,1.374834],[103.866587,1.372845]]]},"properties":{"id":"c116_69","score":67.4,"land":91,"power":0,"fibre":91,"community":87,"dSub":4332,"dDc":465,"cx":103.867576,"cy":1.37384}},{"type":"Feature","geometry":{"type":"Polygon","coordinates":[[[103.87108,1.375106],[103.873057,1.375106],[103.873057,1.377095],[103.87108,1.377095],[103.87108,1.375106]]]},"properties":{"id":"c118_70","score":63.6,"land":81,"power":0,"fibre":98,"community":78,"dSub":4873,"dDc":96,"cx":103.872069,"cy":1.376101}},{"type":"Feature","geometry":{"type":"Polygon","coordinates":[[[103.864341,1.372845],[103.866318,1.372845],[103.866318,1.374834],[103.864341,1.374834],[103.864341,1.372845]]]},"properties":{"id":"c115_69","score":70.5,"land":97,"power":0,"fibre":86,"community":97,"dSub":4150,"dDc":695,"cx":103.865329,"cy":1.37384}},{"type":"Feature","geometry":{"type":"Polygon","coordinates":[[[103.884559,1.334409],[103.886535,1.334409],[103.886535,1.336399],[103.884559,1.336399],[103.884559,1.334409]]]},"properties":{"id":"c124_52","score":70.8,"land":71,"power":51,"fibre":82,"community":83,"dSub":1457,"dDc":878,"cx":103.885547,"cy":1.335404}},{"type":"Feature","geometry":{"type":"Polygon","coordinates":[[[103.889051,1.350235],[103.891028,1.350235],[103.891028,1.352225],[103.889051,1.352225],[103.889051,1.350235]]]},"properties":{"id":"c126_59","score":56.0,"land":57,"power":25,"fibre":97,"community":52,"dSub":2243,"dDc":160,"cx":103.89004,"cy":1.35123}},{"type":"Feature","geometry":{"type":"Polygon","coordinates":[[[103.875573,1.375106],[103.87755,1.375106],[103.87755,1.377095],[103.875573,1.377095],[103.875573,1.375106]]]},"properties":{"id":"c120_70","score":52.1,"land":67,"power":0,"fibre":88,"community":55,"dSub":5264,"dDc":593,"cx":103.876561,"cy":1.376101}},{"type":"Feature","geometry":{"type":"Polygon","coordinates":[[[103.891298,1.354757],[103.893275,1.354757],[103.893275,1.356747],[103.891298,1.356747],[103.891298,1.354757]]]},"properties":{"id":"c127_61","score":58.0,"land":68,"power":12,"fibre":86,"community":70,"dSub":2631,"dDc":694,"cx":103.892286,"cy":1.355752}},{"type":"Feature","geometry":{"type":"Polygon","coordinates":[[[103.891298,1.350235],[103.893275,1.350235],[103.893275,1.352225],[103.891298,1.352225],[103.891298,1.350235]]]},"properties":{"id":"c127_59","score":71.2,"land":84,"power":28,"fibre":95,"community":79,"dSub":2152,"dDc":273,"cx":103.892286,"cy":1.35123}},{"type":"Feature","geometry":{"type":"Polygon","coordinates":[[[103.893544,1.357018],[103.895521,1.357018],[103.895521,1.359008],[103.893544,1.359008],[103.893544,1.357018]]]},"properties":{"id":"c128_62","score":64.4,"land":91,"power":6,"fibre":80,"community":75,"dSub":2825,"dDc":1024,"cx":103.894533,"cy":1.358013}},{"type":"Feature","geometry":{"type":"Polygon","coordinates":[[[103.893544,1.354757],[103.895521,1.354757],[103.895521,1.356747],[103.893544,1.356747],[103.893544,1.354757]]]},"properties":{"id":"c128_61","score":61.8,"land":73,"power":14,"fibre":84,"community":80,"dSub":2578,"dDc":810,"cx":103.894533,"cy":1.355752}},{"type":"Feature","geometry":{"type":"Polygon","coordinates":[[[103.893544,1.359279],[103.895521,1.359279],[103.895521,1.361269],[103.893544,1.361269],[103.893544,1.359279]]]},"properties":{"id":"c128_63","score":52.9,"land":71,"power":0,"fibre":75,"community":65,"dSub":3072,"dDc":1251,"cx":103.894533,"cy":1.360274}},{"type":"Feature","geometry":{"type":"Polygon","coordinates":[[[103.891298,1.352496],[103.893275,1.352496],[103.893275,1.354486],[103.891298,1.354486],[103.891298,1.352496]]]},"properties":{"id":"c127_60","score":69.3,"land":91,"power":20,"fibre":91,"community":71,"dSub":2390,"dDc":465,"cx":103.892286,"cy":1.353491}},{"type":"Feature","geometry":{"type":"Polygon","coordinates":[[[103.90253,1.327626],[103.904507,1.327626],[103.904507,1.329616],[103.90253,1.329616],[103.90253,1.327626]]]},"properties":{"id":"c132_49","score":40.4,"land":0,"power":76,"fibre":78,"community":29,"dSub":733,"dDc":1121,"cx":103.903518,"cy":1.328621}},{"type":"Feature","geometry":{"type":"Polygon","coordinates":[[[103.898037,1.325365],[103.900014,1.325365],[103.900014,1.327355],[103.898037,1.327355],[103.898037,1.325365]]]},"properties":{"id":"c130_48","score":68.8,"land":52,"power":76,"fibre":83,"community":74,"dSub":711,"dDc":866,"cx":103.899025,"cy":1.32636}},{"type":"Feature","geometry":{"type":"Polygon","coordinates":[[[103.898037,1.323104],[103.900014,1.323104],[103.900014,1.325094],[103.898037,1.325094],[103.898037,1.323104]]]},"properties":{"id":"c130_47","score":65.8,"land":49,"power":68,"fibre":79,"community":80,"dSub":960,"dDc":1074,"cx":103.899025,"cy":1.324099}},{"type":"Feature","geometry":{"type":"Polygon","coordinates":[[[103.868834,1.316322],[103.870811,1.316322],[103.870811,1.318311],[103.868834,1.318311],[103.868834,1.316322]]]},"properties":{"id":"c117_44","score":77.6,"land":100,"power":40,"fibre":84,"community":80,"dSub":1809,"dDc":809,"cx":103.869822,"cy":1.317316}},{"type":"Feature","geometry":{"type":"Polygon","coordinates":[[[103.895791,1.325365],[103.897767,1.325365],[103.897767,1.327355],[103.895791,1.327355],[103.895791,1.325365]]]},"properties":{"id":"c129_48","score":69.9,"land":46,"power":76,"fibre":85,"community":89,"dSub":730,"dDc":739,"cx":103.896779,"cy":1.32636}},{"type":"Feature","geometry":{"type":"Polygon","coordinates":[[[103.87108,1.316322],[103.873057,1.316322],[103.873057,1.318311],[103.87108,1.318311],[103.87108,1.316322]]]},"properties":{"id":"c118_44","score":70.3,"land":86,"power":31,"fibre":86,"community":75,"dSub":2059,"dDc":695,"cx":103.872069,"cy":1.317316}},{"type":"Feature","geometry":{"type":"Polygon","coordinates":[[[103.866587,1.314061],[103.868564,1.314061],[103.868564,1.31605],[103.866587,1.31605],[103.866587,1.314061]]]},"properties":{"id":"c116_43","score":60.5,"land":43,"power":47,"fibre":77,"community":91,"dSub":1581,"dDc":1159,"cx":103.867576,"cy":1.315055}},{"type":"Feature","geometry":{"type":"Polygon","coordinates":[[[103.864341,1.316322],[103.866318,1.316322],[103.866318,1.318311],[103.864341,1.318311],[103.864341,1.316322]]]},"properties":{"id":"c115_44","score":78.2,"land":96,"power":56,"fibre":77,"community":77,"dSub":1309,"dDc":1172,"cx":103.865329,"cy":1.317316}},{"type":"Feature","geometry":{"type":"Polygon","coordinates":[[[103.868834,1.318582],[103.870811,1.318582],[103.870811,1.320572],[103.868834,1.320572],[103.868834,1.318582]]]},"properties":{"id":"c117_45","score":76.2,"land":100,"power":39,"fibre":88,"community":69,"dSub":1824,"dDc":622,"cx":103.869822,"cy":1.319577}},{"type":"Feature","geometry":{"type":"Polygon","coordinates":[[[103.866587,1.316322],[103.868564,1.316322],[103.868564,1.318311],[103.866587,1.318311],[103.866587,1.316322]]]},"properties":{"id":"c116_44","score":53.0,"land":20,"power":48,"fibre":80,"community":89,"dSub":1559,"dDc":975,"cx":103.867576,"cy":1.317316}},{"type":"Feature","geometry":{"type":"Polygon","coordinates":[[[103.891298,1.329887],[103.893275,1.329887],[103.893275,1.331877],[103.891298,1.331877],[103.891298,1.329887]]]},"properties":{"id":"c127_50","score":82.4,"land":72,"power":76,"fibre":94,"community":96,"dSub":709,"dDc":283,"cx":103.892286,"cy":1.330882}},{"type":"Feature","geometry":{"type":"Polygon","coordinates":[[[103.857602,1.359279],[103.859579,1.359279],[103.859579,1.361269],[103.857602,1.361269],[103.857602,1.359279]]]},"properties":{"id":"c112_63","score":52.6,"land":80,"power":13,"fibre":55,"community":51,"dSub":2623,"dDc":2226,"cx":103.85859,"cy":1.360274}},{"type":"Feature","geometry":{"type":"Polygon","coordinates":[[[103.855355,1.357018],[103.857332,1.357018],[103.857332,1.359008],[103.855355,1.359008],[103.855355,1.357018]]]},"properties":{"id":"c111_62","score":67.9,"land":100,"power":24,"fibre":48,"community":86,"dSub":2279,"dDc":2578,"cx":103.856344,"cy":1.358013}},{"type":"Feature","geometry":{"type":"Polygon","coordinates":[[[103.873327,1.325365],[103.875303,1.325365],[103.875303,1.327355],[103.873327,1.327355],[103.873327,1.325365]]]},"properties":{"id":"c119_48","score":52.7,"land":34,"power":16,"fibre":93,"community":91,"dSub":2510,"dDc":341,"cx":103.874315,"cy":1.32636}},{"type":"Feature","geometry":{"type":"Polygon","coordinates":[[[103.875573,1.320843],[103.87755,1.320843],[103.87755,1.322833],[103.875573,1.322833],[103.875573,1.320843]]]},"properties":{"id":"c120_46","score":77.2,"land":100,"power":17,"fibre":94,"community":97,"dSub":2479,"dDc":325,"cx":103.876561,"cy":1.321838}},{"type":"Feature","geometry":{"type":"Polygon","coordinates":[[[103.873327,1.323104],[103.875303,1.323104],[103.875303,1.325094],[103.873327,1.325094],[103.873327,1.323104]]]},"properties":{"id":"c119_47","score":63.8,"land":59,"power":19,"fibre":98,"community":94,"dSub":2422,"dDc":95,"cx":103.874315,"cy":1.324099}},{"type":"Feature","geometry":{"type":"Polygon","coordinates":[[[103.875573,1.323104],[103.87755,1.323104],[103.87755,1.325094],[103.875573,1.325094],[103.875573,1.323104]]]},"properties":{"id":"c120_47","score":63.0,"land":61,"power":13,"fibre":94,"community":97,"dSub":2610,"dDc":296,"cx":103.876561,"cy":1.324099}},{"type":"Feature","geometry":{"type":"Polygon","coordinates":[[[103.87108,1.325365],[103.873057,1.325365],[103.873057,1.327355],[103.87108,1.327355],[103.87108,1.325365]]]},"properties":{"id":"c118_48","score":57.2,"land":47,"power":24,"fibre":92,"community":82,"dSub":2282,"dDc":403,"cx":103.872069,"cy":1.32636}},{"type":"Feature","geometry":{"type":"Polygon","coordinates":[[[103.875573,1.325365],[103.87755,1.325365],[103.87755,1.327355],[103.875573,1.327355],[103.875573,1.325365]]]},"properties":{"id":"c120_48","score":56.9,"land":45,"power":16,"fibre":91,"community":95,"dSub":2529,"dDc":441,"cx":103.876561,"cy":1.32636}},{"type":"Feature","geometry":{"type":"Polygon","coordinates":[[[103.895791,1.359279],[103.897767,1.359279],[103.897767,1.361269],[103.895791,1.361269],[103.895791,1.359279]]]},"properties":{"id":"c129_63","score":44.9,"land":38,"power":0,"fibre":73,"community":86,"dSub":3047,"dDc":1365,"cx":103.896779,"cy":1.360274}},{"type":"Feature","geometry":{"type":"Polygon","coordinates":[[[103.898037,1.359279],[103.900014,1.359279],[103.900014,1.361269],[103.898037,1.361269],[103.898037,1.359279]]]},"properties":{"id":"c130_63","score":53.0,"land":62,"power":0,"fibre":70,"community":87,"dSub":3043,"dDc":1512,"cx":103.899025,"cy":1.360274}},{"type":"Feature","geometry":{"type":"Polygon","coordinates":[[[103.900283,1.359279],[103.90226,1.359279],[103.90226,1.361269],[103.900283,1.361269],[103.900283,1.359279]]]},"properties":{"id":"c131_63","score":55.2,"land":68,"power":0,"fibre":66,"community":92,"dSub":3059,"dDc":1684,"cx":103.901272,"cy":1.360274}},{"type":"Feature","geometry":{"type":"Polygon","coordinates":[[[103.895791,1.357018],[103.897767,1.357018],[103.897767,1.359008],[103.895791,1.359008],[103.895791,1.357018]]]},"properties":{"id":"c129_62","score":52.7,"land":54,"power":7,"fibre":77,"community":84,"dSub":2798,"dDc":1160,"cx":103.896779,"cy":1.358013}},{"type":"Feature","geometry":{"type":"Polygon","coordinates":[[[103.898037,1.357018],[103.900014,1.357018],[103.900014,1.359008],[103.898037,1.359008],[103.898037,1.357018]]]},"properties":{"id":"c130_62","score":41.3,"land":25,"power":7,"fibre":73,"community":82,"dSub":2793,"dDc":1331,"cx":103.899025,"cy":1.358013}},{"type":"Feature","geometry":{"type":"Polygon","coordinates":[[[103.900283,1.357018],[103.90226,1.357018],[103.90226,1.359008],[103.900283,1.359008],[103.900283,1.357018]]]},"properties":{"id":"c131_62","score":50.5,"land":50,"power":6,"fibre":70,"community":87,"dSub":2811,"dDc":1523,"cx":103.901272,"cy":1.358013}},{"type":"Feature","geometry":{"type":"Polygon","coordinates":[[[103.900283,1.36154],[103.90226,1.36154],[103.90226,1.36353],[103.900283,1.36353],[103.900283,1.36154]]]},"properties":{"id":"c131_64","score":61.4,"land":87,"power":0,"fibre":63,"community":92,"dSub":3308,"dDc":1865,"cx":103.901272,"cy":1.362535}},{"type":"Feature","geometry":{"type":"Polygon","coordinates":[[[103.895791,1.354757],[103.897767,1.354757],[103.897767,1.356747],[103.895791,1.356747],[103.895791,1.354757]]]},"properties":{"id":"c129_61","score":47.6,"land":31,"power":15,"fibre":80,"community":85,"dSub":2548,"dDc":977,"cx":103.896779,"cy":1.355752}},{"type":"Feature","geometry":{"type":"Polygon","coordinates":[[[103.893544,1.352496],[103.895521,1.352496],[103.895521,1.354486],[103.893544,1.354486],[103.893544,1.352496]]]},"properties":{"id":"c128_60","score":52.3,"land":35,"power":22,"fibre":88,"community":85,"dSub":2332,"dDc":624,"cx":103.894533,"cy":1.353491}},{"type":"Feature","geometry":{"type":"Polygon","coordinates":[[[103.893544,1.350235],[103.895521,1.350235],[103.895521,1.352225],[103.893544,1.352225],[103.893544,1.350235]]]},"properties":{"id":"c128_59","score":65.7,"land":63,"power":30,"fibre":90,"community":89,"dSub":2087,"dDc":498,"cx":103.894533,"cy":1.35123}},{"type":"Feature","geometry":{"type":"Polygon","coordinates":[[[103.891298,1.347975],[103.893275,1.347975],[103.893275,1.349964],[103.891298,1.349964],[103.891298,1.347975]]]},"properties":{"id":"c127_58","score":59.0,"land":40,"power":36,"fibre":95,"community":85,"dSub":1916,"dDc":241,"cx":103.892286,"cy":1.348969}},{"type":"Feature","geometry":{"type":"Polygon","coordinates":[[[103.895791,1.352496],[103.897767,1.352496],[103.897767,1.354486],[103.895791,1.354486],[103.895791,1.352496]]]},"properties":{"id":"c129_60","score":44.0,"land":13,"power":23,"fibre":83,"community":85,"dSub":2299,"dDc":830,"cx":103.896779,"cy":1.353491}},{"type":"Feature","geometry":{"type":"Polygon","coordinates":[[[103.898037,1.352496],[103.900014,1.352496],[103.900014,1.354486],[103.898037,1.354486],[103.898037,1.352496]]]},"properties":{"id":"c130_60","score":65.1,"land":72,"power":24,"fibre":79,"community":91,"dSub":2293,"dDc":1055,"cx":103.899025,"cy":1.353491}},{"type":"Feature","geometry":{"type":"Polygon","coordinates":[[[103.880066,1.309539],[103.882043,1.309539],[103.882043,1.311528],[103.880066,1.311528],[103.880066,1.309539]]]},"properties":{"id":"c122_41","score":42.1,"land":11,"power":54,"fibre":68,"community":56,"dSub":1373,"dDc":1613,"cx":103.881054,"cy":1.310534}},{"type":"Feature","geometry":{"type":"Polygon","coordinates":[[[103.880066,1.3118],[103.882043,1.3118],[103.882043,1.313789],[103.880066,1.313789],[103.880066,1.3118]]]},"properties":{"id":"c122_42","score":50.6,"land":36,"power":51,"fibre":72,"community":55,"dSub":1476,"dDc":1400,"cx":103.881054,"cy":1.312794}},{"type":"Feature","geometry":{"type":"Polygon","coordinates":[[[103.877819,1.3118],[103.879796,1.3118],[103.879796,1.313789],[103.877819,1.313789],[103.877819,1.3118]]]},"properties":{"id":"c121_42","score":41.7,"land":12,"power":45,"fibre":74,"community":57,"dSub":1654,"dDc":1277,"cx":103.878808,"cy":1.312794}},{"type":"Feature","geometry":{"type":"Polygon","coordinates":[[[103.875573,1.309539],[103.87755,1.309539],[103.87755,1.311528],[103.875573,1.311528],[103.875573,1.309539]]]},"properties":{"id":"c120_41","score":40.8,"land":8,"power":53,"fibre":71,"community":52,"dSub":1410,"dDc":1438,"cx":103.876561,"cy":1.310534}},{"type":"Feature","geometry":{"type":"Polygon","coordinates":[[[103.895791,1.327626],[103.897767,1.327626],[103.897767,1.329616],[103.895791,1.329616],[103.895791,1.327626]]]},"properties":{"id":"c129_49","score":82.3,"land":73,"power":84,"fibre":90,"community":90,"dSub":491,"dDc":517,"cx":103.896779,"cy":1.328621}},{"type":"Feature","geometry":{"type":"Polygon","coordinates":[[[103.893544,1.327626],[103.895521,1.327626],[103.895521,1.329616],[103.893544,1.329616],[103.893544,1.327626]]]},"properties":{"id":"c128_49","score":92.1,"land":98,"power":79,"fibre":91,"community":99,"dSub":627,"dDc":433,"cx":103.894533,"cy":1.328621}},{"type":"Feature","geometry":{"type":"Polygon","coordinates":[[[103.898037,1.327626],[103.900014,1.327626],[103.900014,1.329616],[103.898037,1.329616],[103.898037,1.327626]]]},"properties":{"id":"c130_49","score":60.8,"land":23,"power":85,"fibre":86,"community":72,"dSub":463,"dDc":687,"cx":103.899025,"cy":1.328621}},{"type":"Feature","geometry":{"type":"Polygon","coordinates":[[[103.895791,1.323104],[103.897767,1.323104],[103.897767,1.325094],[103.895791,1.325094],[103.895791,1.323104]]]},"properties":{"id":"c129_47","score":76.2,"land":69,"power":68,"fibre":81,"community":95,"dSub":974,"dDc":974,"cx":103.896779,"cy":1.324099}},{"type":"Feature","geometry":{"type":"Polygon","coordinates":[[[103.893544,1.323104],[103.895521,1.323104],[103.895521,1.325094],[103.893544,1.325094],[103.893544,1.323104]]]},"properties":{"id":"c128_47","score":68.6,"land":46,"power":65,"fibre":81,"community":99,"dSub":1049,"dDc":933,"cx":103.894533,"cy":1.324099}},{"type":"Feature","geometry":{"type":"Polygon","coordinates":[[[103.893544,1.320843],[103.895521,1.320843],[103.895521,1.322833],[103.893544,1.322833],[103.893544,1.320843]]]},"properties":{"id":"c128_46","score":75.3,"land":74,"power":57,"fibre":76,"community":99,"dSub":1281,"dDc":1182,"cx":103.894533,"cy":1.321838}},{"type":"Feature","geometry":{"type":"Polygon","coordinates":[[[103.895791,1.320843],[103.897767,1.320843],[103.897767,1.322833],[103.895791,1.322833],[103.895791,1.320843]]]},"properties":{"id":"c129_46","score":78.4,"land":83,"power":59,"fibre":76,"community":96,"dSub":1221,"dDc":1216,"cx":103.896779,"cy":1.321838}},{"type":"Feature","geometry":{"type":"Polygon","coordinates":[[[103.893544,1.318582],[103.895521,1.318582],[103.895521,1.320572],[103.893544,1.320572],[103.893544,1.318582]]]},"properties":{"id":"c128_45","score":49.0,"land":9,"power":51,"fibre":71,"community":95,"dSub":1477,"dDc":1432,"cx":103.894533,"cy":1.319577}},{"type":"Feature","geometry":{"type":"Polygon","coordinates":[[[103.898037,1.320843],[103.900014,1.320843],[103.900014,1.322833],[103.898037,1.322833],[103.898037,1.320843]]]},"properties":{"id":"c130_46","score":81.4,"land":99,"power":60,"fibre":74,"community":85,"dSub":1210,"dDc":1297,"cx":103.899025,"cy":1.321838}},{"type":"Feature","geometry":{"type":"Polygon","coordinates":[[[103.898037,1.318582],[103.900014,1.318582],[103.900014,1.320572],[103.898037,1.320572],[103.898037,1.318582]]]},"properties":{"id":"c130_45","score":59.9,"land":54,"power":51,"fibre":69,"community":71,"dSub":1460,"dDc":1528,"cx":103.899025,"cy":1.319577}},{"type":"Feature","geometry":{"type":"Polygon","coordinates":[[[103.900283,1.320843],[103.90226,1.320843],[103.90226,1.322833],[103.900283,1.322833],[103.900283,1.320843]]]},"properties":{"id":"c131_46","score":58.3,"land":49,"power":58,"fibre":72,"community":62,"dSub":1250,"dDc":1418,"cx":103.901272,"cy":1.321838}},{"type":"Feature","geometry":{"type":"Polygon","coordinates":[[[103.898037,1.334409],[103.900014,1.334409],[103.900014,1.336399],[103.898037,1.336399],[103.898037,1.334409]]]},"properties":{"id":"c130_52","score":84.1,"land":71,"power":90,"fibre":90,"community":94,"dSub":301,"dDc":522,"cx":103.899025,"cy":1.335404}},{"type":"Feature","geometry":{"type":"Polygon","coordinates":[[[103.895791,1.33667],[103.897767,1.33667],[103.897767,1.33866],[103.895791,1.33866],[103.895791,1.33667]]]},"properties":{"id":"c129_53","score":67.2,"land":31,"power":81,"fibre":95,"community":85,"dSub":571,"dDc":243,"cx":103.896779,"cy":1.337665}},{"type":"Feature","geometry":{"type":"Polygon","coordinates":[[[103.898037,1.332148],[103.900014,1.332148],[103.900014,1.334138],[103.898037,1.334138],[103.898037,1.332148]]]},"properties":{"id":"c130_51","score":62.1,"land":6,"power":97,"fibre":89,"community":89,"dSub":84,"dDc":538,"cx":103.899025,"cy":1.333143}},{"type":"Feature","geometry":{"type":"Polygon","coordinates":[[[103.90253,1.334409],[103.904507,1.334409],[103.904507,1.336399],[103.90253,1.336399],[103.90253,1.334409]]]},"properties":{"id":"c132_52","score":73.3,"land":58,"power":79,"fibre":80,"community":86,"dSub":642,"dDc":1004,"cx":103.903518,"cy":1.335404}},{"type":"Feature","geometry":{"type":"Polygon","coordinates":[[[103.90253,1.33667],[103.904507,1.33667],[103.904507,1.33866],[103.90253,1.33866],[103.90253,1.33667]]]},"properties":{"id":"c132_53","score":53.9,"land":6,"power":74,"fibre":80,"community":86,"dSub":788,"dDc":987,"cx":103.903518,"cy":1.337665}},{"type":"Feature","geometry":{"type":"Polygon","coordinates":[[[103.900283,1.33667],[103.90226,1.33667],[103.90226,1.33866],[103.900283,1.33866],[103.900283,1.33667]]]},"properties":{"id":"c131_53","score":87.5,"land":97,"power":79,"fibre":85,"community":84,"dSub":631,"dDc":738,"cx":103.901272,"cy":1.337665}},{"type":"Feature","geometry":{"type":"Polygon","coordinates":[[[103.907023,1.33667],[103.908999,1.33667],[103.908999,1.33866],[103.907023,1.33866],[103.907023,1.33667]]]},"properties":{"id":"c134_53","score":77.3,"land":85,"power":60,"fibre":70,"community":93,"dSub":1201,"dDc":1487,"cx":103.908011,"cy":1.337665}},{"type":"Feature","geometry":{"type":"Polygon","coordinates":[[[103.895791,1.338931],[103.897767,1.338931],[103.897767,1.34092],[103.895791,1.34092],[103.895791,1.338931]]]},"properties":{"id":"c129_54","score":62.7,"land":25,"power":73,"fibre":93,"community":86,"dSub":812,"dDc":338,"cx":103.896779,"cy":1.339926}},{"type":"Feature","geometry":{"type":"Polygon","coordinates":[[[103.893544,1.338931],[103.895521,1.338931],[103.895521,1.34092],[103.893544,1.34092],[103.893544,1.338931]]]},"properties":{"id":"c128_54","score":68.4,"land":39,"power":70,"fibre":97,"community":89,"dSub":900,"dDc":155,"cx":103.894533,"cy":1.339926}},{"type":"Feature","geometry":{"type":"Polygon","coordinates":[[[103.891298,1.341192],[103.893275,1.341192],[103.893275,1.343181],[103.891298,1.343181],[103.891298,1.341192]]]},"properties":{"id":"c127_55","score":67.6,"land":47,"power":59,"fibre":93,"community":89,"dSub":1243,"dDc":360,"cx":103.892286,"cy":1.342187}},{"type":"Feature","geometry":{"type":"Polygon","coordinates":[[[103.893544,1.341192],[103.895521,1.341192],[103.895521,1.343181],[103.893544,1.343181],[103.893544,1.341192]]]},"properties":{"id":"c128_55","score":61.1,"land":25,"power":62,"fibre":93,"community":91,"dSub":1127,"dDc":373,"cx":103.894533,"cy":1.342187}},{"type":"Feature","geometry":{"type":"Polygon","coordinates":[[[103.895791,1.341192],[103.897767,1.341192],[103.897767,1.343181],[103.895791,1.343181],[103.895791,1.341192]]]},"properties":{"id":"c129_55","score":86.6,"land":100,"power":65,"fibre":90,"community":87,"dSub":1057,"dDc":499,"cx":103.896779,"cy":1.342187}},{"type":"Feature","geometry":{"type":"Polygon","coordinates":[[[103.884559,1.343453],[103.886535,1.343453],[103.886535,1.345442],[103.884559,1.345442],[103.884559,1.343453]]]},"properties":{"id":"c124_56","score":60.4,"land":69,"power":36,"fibre":84,"community":52,"dSub":1926,"dDc":793,"cx":103.885547,"cy":1.344448}},{"type":"Feature","geometry":{"type":"Polygon","coordinates":[[[103.882312,1.332148],[103.884289,1.332148],[103.884289,1.334138],[103.882312,1.334138],[103.882312,1.332148]]]},"properties":{"id":"c123_51","score":53.2,"land":35,"power":44,"fibre":76,"community":73,"dSub":1678,"dDc":1190,"cx":103.883301,"cy":1.333143}},{"type":"Feature","geometry":{"type":"Polygon","coordinates":[[[103.886805,1.332148],[103.888782,1.332148],[103.888782,1.334138],[103.886805,1.334138],[103.886805,1.332148]]]},"properties":{"id":"c125_51","score":53.2,"land":13,"power":61,"fibre":86,"community":82,"dSub":1179,"dDc":691,"cx":103.887793,"cy":1.333143}},{"type":"Feature","geometry":{"type":"Polygon","coordinates":[[[103.880066,1.320843],[103.882043,1.320843],[103.882043,1.322833],[103.880066,1.322833],[103.880066,1.320843]]]},"properties":{"id":"c122_46","score":49.3,"land":37,"power":28,"fibre":84,"community":62,"dSub":2146,"dDc":799,"cx":103.881054,"cy":1.321838}},{"type":"Feature","geometry":{"type":"Polygon","coordinates":[[[103.877819,1.323104],[103.879796,1.323104],[103.879796,1.325094],[103.877819,1.325094],[103.877819,1.323104]]]},"properties":{"id":"c121_47","score":70.4,"land":82,"power":21,"fibre":89,"community":94,"dSub":2379,"dDc":540,"cx":103.878808,"cy":1.324099}},{"type":"Feature","geometry":{"type":"Polygon","coordinates":[[[103.877819,1.325365],[103.879796,1.325365],[103.879796,1.327355],[103.877819,1.327355],[103.877819,1.325365]]]},"properties":{"id":"c121_48","score":55.6,"land":40,"power":24,"fibre":87,"community":91,"dSub":2290,"dDc":631,"cx":103.878808,"cy":1.32636}},{"type":"Feature","geometry":{"type":"Polygon","coordinates":[[[103.875573,1.327626],[103.87755,1.327626],[103.87755,1.329616],[103.875573,1.329616],[103.875573,1.327626]]]},"properties":{"id":"c120_49","score":56.7,"land":57,"power":18,"fibre":87,"community":75,"dSub":2471,"dDc":654,"cx":103.876561,"cy":1.328621}},{"type":"Feature","geometry":{"type":"Polygon","coordinates":[[[103.877819,1.327626],[103.879796,1.327626],[103.879796,1.329616],[103.877819,1.329616],[103.877819,1.327626]]]},"properties":{"id":"c121_49","score":66.1,"land":78,"power":26,"fibre":84,"community":77,"dSub":2225,"dDc":794,"cx":103.878808,"cy":1.328621}},{"type":"Feature","geometry":{"type":"Polygon","coordinates":[[[103.877819,1.329887],[103.879796,1.329887],[103.879796,1.331877],[103.877819,1.331877],[103.877819,1.329887]]]},"properties":{"id":"c121_50","score":46.2,"land":29,"power":27,"fibre":80,"community":67,"dSub":2188,"dDc":994,"cx":103.878808,"cy":1.330882}},{"type":"Feature","geometry":{"type":"Polygon","coordinates":[[[103.873327,1.327626],[103.875303,1.327626],[103.875303,1.329616],[103.873327,1.329616],[103.873327,1.327626]]]},"properties":{"id":"c119_49","score":52.2,"land":51,"power":13,"fibre":88,"community":68,"dSub":2618,"dDc":590,"cx":103.874315,"cy":1.328621}},{"type":"Feature","geometry":{"type":"Polygon","coordinates":[[[103.87108,1.327626],[103.873057,1.327626],[103.873057,1.329616],[103.87108,1.329616],[103.87108,1.327626]]]},"properties":{"id":"c118_49","score":40.9,"land":17,"power":20,"fibre":87,"community":62,"dSub":2400,"dDc":628,"cx":103.872069,"cy":1.328621}},{"type":"Feature","geometry":{"type":"Polygon","coordinates":[[[103.873327,1.318582],[103.875303,1.318582],[103.875303,1.320572],[103.873327,1.320572],[103.873327,1.318582]]]},"properties":{"id":"c119_45","score":72.7,"land":91,"power":23,"fibre":92,"community":84,"dSub":2320,"dDc":412,"cx":103.874315,"cy":1.319577}},{"type":"Feature","geometry":{"type":"Polygon","coordinates":[[[103.873327,1.320843],[103.875303,1.320843],[103.875303,1.322833],[103.873327,1.322833],[103.873327,1.320843]]]},"properties":{"id":"c119_46","score":78.4,"land":100,"power":21,"fibre":97,"community":94,"dSub":2359,"dDc":164,"cx":103.874315,"cy":1.321838}},{"type":"Feature","geometry":{"type":"Polygon","coordinates":[[[103.87108,1.318582],[103.873057,1.318582],[103.873057,1.320572],[103.87108,1.320572],[103.87108,1.318582]]]},"properties":{"id":"c118_45","score":76.6,"land":100,"power":31,"fibre":91,"community":79,"dSub":2072,"dDc":465,"cx":103.872069,"cy":1.319577}},{"type":"Feature","geometry":{"type":"Polygon","coordinates":[[[103.87108,1.320843],[103.873057,1.320843],[103.873057,1.322833],[103.87108,1.322833],[103.87108,1.320843]]]},"properties":{"id":"c118_46","score":58.6,"land":51,"power":30,"fibre":95,"community":73,"dSub":2115,"dDc":271,"cx":103.872069,"cy":1.321838}},{"type":"Feature","geometry":{"type":"Polygon","coordinates":[[[103.864341,1.314061],[103.866318,1.314061],[103.866318,1.31605],[103.864341,1.31605],[103.864341,1.314061]]]},"properties":{"id":"c115_43","score":62.7,"land":43,"power":55,"fibre":73,"community":95,"dSub":1335,"dDc":1329,"cx":103.865329,"cy":1.315055}},{"type":"Feature","geometry":{"type":"Polygon","coordinates":[[[103.866587,1.3118],[103.868564,1.3118],[103.868564,1.313789],[103.866587,1.313789],[103.866587,1.3118]]]},"properties":{"id":"c116_42","score":52.7,"land":26,"power":45,"fibre":73,"community":88,"dSub":1642,"dDc":1365,"cx":103.867576,"cy":1.312794}},{"type":"Feature","geometry":{"type":"Polygon","coordinates":[[[103.862095,1.314061],[103.864071,1.314061],[103.864071,1.31605],[103.862095,1.31605],[103.862095,1.314061]]]},"properties":{"id":"c114_43","score":62.2,"land":46,"power":64,"fibre":70,"community":81,"dSub":1091,"dDc":1521,"cx":103.863083,"cy":1.315055}},{"type":"Feature","geometry":{"type":"Polygon","coordinates":[[[103.880066,1.307278],[103.882043,1.307278],[103.882043,1.309267],[103.880066,1.309267],[103.880066,1.307278]]]},"properties":{"id":"c122_40","score":41.3,"land":6,"power":60,"fibre":63,"community":58,"dSub":1202,"dDc":1836,"cx":103.881054,"cy":1.308273}},{"type":"Feature","geometry":{"type":"Polygon","coordinates":[[[103.862095,1.318582],[103.864071,1.318582],[103.864071,1.320572],[103.862095,1.320572],[103.862095,1.318582]]]},"properties":{"id":"c114_45","score":41.1,"land":1,"power":64,"fibre":74,"community":49,"dSub":1084,"dDc":1285,"cx":103.863083,"cy":1.319577}},{"type":"Feature","geometry":{"type":"Polygon","coordinates":[[[103.862095,1.316322],[103.864071,1.316322],[103.864071,1.318311],[103.862095,1.318311],[103.862095,1.316322]]]},"properties":{"id":"c114_44","score":60.8,"land":52,"power":65,"fibre":72,"community":60,"dSub":1059,"dDc":1385,"cx":103.863083,"cy":1.317316}},{"type":"Feature","geometry":{"type":"Polygon","coordinates":[[[103.884559,1.329887],[103.886535,1.329887],[103.886535,1.331877],[103.884559,1.331877],[103.884559,1.329887]]]},"properties":{"id":"c124_50","score":44.8,"land":10,"power":52,"fibre":80,"community":61,"dSub":1443,"dDc":978,"cx":103.885547,"cy":1.330882}},{"type":"Feature","geometry":{"type":"Polygon","coordinates":[[[103.886805,1.327626],[103.888782,1.327626],[103.888782,1.329616],[103.886805,1.329616],[103.886805,1.327626]]]},"properties":{"id":"c125_49","score":44.6,"land":14,"power":58,"fibre":83,"community":43,"dSub":1264,"dDc":836,"cx":103.887793,"cy":1.328621}},{"type":"Feature","geometry":{"type":"Polygon","coordinates":[[[103.886805,1.329887],[103.888782,1.329887],[103.888782,1.331877],[103.886805,1.331877],[103.886805,1.329887]]]},"properties":{"id":"c125_50","score":61.9,"land":49,"power":60,"fibre":85,"community":64,"dSub":1196,"dDc":739,"cx":103.887793,"cy":1.330882}},{"type":"Feature","geometry":{"type":"Polygon","coordinates":[[[103.882312,1.300495],[103.884289,1.300495],[103.884289,1.302485],[103.882312,1.302485],[103.882312,1.300495]]]},"properties":{"id":"c123_37","score":48.3,"land":28,"power":76,"fibre":48,"community":50,"dSub":718,"dDc":2622,"cx":103.883301,"cy":1.30149}},{"type":"Feature","geometry":{"type":"Polygon","coordinates":[[[103.875573,1.300495],[103.87755,1.300495],[103.87755,1.302485],[103.875573,1.302485],[103.875573,1.300495]]]},"properties":{"id":"c120_37","score":74.7,"land":68,"power":86,"fibre":51,"community":97,"dSub":430,"dDc":2427,"cx":103.876561,"cy":1.30149}},{"type":"Feature","geometry":{"type":"Polygon","coordinates":[[[103.875573,1.415802],[103.87755,1.415802],[103.87755,1.417792],[103.875573,1.417792],[103.875573,1.415802]]]},"properties":{"id":"c120_88","score":54.1,"land":100,"power":0,"fibre":9,"community":87,"dSub":7025,"dDc":4565,"cx":103.876561,"cy":1.416797}},{"type":"Feature","geometry":{"type":"Polygon","coordinates":[[[103.857602,1.305017],[103.859579,1.305017],[103.859579,1.307007],[103.857602,1.307007],[103.857602,1.305017]]]},"properties":{"id":"c112_39","score":49.0,"land":37,"power":54,"fibre":49,"community":65,"dSub":1384,"dDc":2569,"cx":103.85859,"cy":1.306012}},{"type":"Feature","geometry":{"type":"Polygon","coordinates":[[[103.855355,1.307278],[103.857332,1.307278],[103.857332,1.309267],[103.855355,1.309267],[103.855355,1.307278]]]},"properties":{"id":"c111_40","score":40.7,"land":1,"power":65,"fibre":49,"community":72,"dSub":1062,"dDc":2575,"cx":103.856344,"cy":1.308273}},{"type":"Feature","geometry":{"type":"Polygon","coordinates":[[[103.855355,1.295973],[103.857332,1.295973],[103.857332,1.297963],[103.855355,1.297963],[103.855355,1.295973]]]},"properties":{"id":"c111_35","score":40.1,"land":29,"power":24,"fibre":30,"community":90,"dSub":2287,"dDc":3513,"cx":103.856344,"cy":1.296968}},{"type":"Feature","geometry":{"type":"Polygon","coordinates":[[[103.859848,1.334409],[103.861825,1.334409],[103.861825,1.336399],[103.859848,1.336399],[103.859848,1.334409]]]},"properties":{"id":"c113_52","score":67.2,"land":100,"power":29,"fibre":60,"community":65,"dSub":2143,"dDc":1987,"cx":103.860837,"cy":1.335404}},{"type":"Feature","geometry":{"type":"Polygon","coordinates":[[[103.859848,1.33667],[103.861825,1.33667],[103.861825,1.33866],[103.859848,1.33866],[103.859848,1.33667]]]},"properties":{"id":"c113_53","score":63.7,"land":94,"power":21,"fibre":57,"community":71,"dSub":2376,"dDc":2163,"cx":103.860837,"cy":1.337665}},{"type":"Feature","geometry":{"type":"Polygon","coordinates":[[[103.90253,1.36154],[103.904507,1.36154],[103.904507,1.36353],[103.90253,1.36353],[103.90253,1.36154]]]},"properties":{"id":"c132_64","score":40.9,"land":30,"power":0,"fibre":59,"community":93,"dSub":3342,"dDc":2037,"cx":103.903518,"cy":1.362535}},{"type":"Feature","geometry":{"type":"Polygon","coordinates":[[[103.90253,1.359279],[103.904507,1.359279],[103.904507,1.361269],[103.90253,1.361269],[103.90253,1.359279]]]},"properties":{"id":"c132_63","score":54.0,"land":66,"power":0,"fibre":63,"community":92,"dSub":3096,"dDc":1873,"cx":103.903518,"cy":1.360274}},{"type":"Feature","geometry":{"type":"Polygon","coordinates":[[[103.864341,1.282408],[103.866318,1.282408],[103.866318,1.284397],[103.864341,1.284397],[103.864341,1.282408]]]},"properties":{"id":"c115_29","score":61.4,"land":96,"power":29,"fibre":10,"community":93,"dSub":2128,"dDc":4515,"cx":103.865329,"cy":1.283402}},{"type":"Feature","geometry":{"type":"Polygon","coordinates":[[[103.859848,1.284669],[103.861825,1.284669],[103.861825,1.286658],[103.859848,1.286658],[103.859848,1.284669]]]},"properties":{"id":"c113_30","score":54.0,"land":75,"power":22,"fibre":12,"community":99,"dSub":2334,"dDc":4412,"cx":103.860837,"cy":1.285663}},{"type":"Feature","geometry":{"type":"Polygon","coordinates":[[[103.873327,1.300495],[103.875303,1.300495],[103.875303,1.302485],[103.873327,1.302485],[103.873327,1.300495]]]},"properties":{"id":"c119_37","score":57.6,"land":21,"power":81,"fibre":52,"community":99,"dSub":570,"dDc":2411,"cx":103.874315,"cy":1.30149}},{"type":"Feature","geometry":{"type":"Polygon","coordinates":[[[103.900283,1.334409],[103.90226,1.334409],[103.90226,1.336399],[103.900283,1.336399],[103.900283,1.334409]]]},"properties":{"id":"c131_52","score":84.3,"land":80,"power":86,"fibre":85,"community":90,"dSub":435,"dDc":760,"cx":103.901272,"cy":1.335404}},{"type":"Feature","geometry":{"type":"Polygon","coordinates":[[[103.898037,1.338931],[103.900014,1.338931],[103.900014,1.34092],[103.898037,1.34092],[103.898037,1.338931]]]},"properties":{"id":"c130_54","score":57.6,"land":12,"power":73,"fibre":89,"community":86,"dSub":796,"dDc":574,"cx":103.899025,"cy":1.339926}},{"type":"Feature","geometry":{"type":"Polygon","coordinates":[[[103.893544,1.33667],[103.895521,1.33667],[103.895521,1.33866],[103.893544,1.33866],[103.893544,1.33667]]]},"properties":{"id":"c128_53","score":91.3,"land":99,"power":77,"fibre":99,"community":88,"dSub":691,"dDc":60,"cx":103.894533,"cy":1.337665}},{"type":"Feature","geometry":{"type":"Polygon","coordinates":[[[103.889051,1.302756],[103.891028,1.302756],[103.891028,1.304746],[103.889051,1.304746],[103.889051,1.302756]]]},"properties":{"id":"c126_38","score":44.1,"land":19,"power":86,"fibre":44,"community":35,"dSub":411,"dDc":2801,"cx":103.89004,"cy":1.303751}},{"type":"Feature","geometry":{"type":"Polygon","coordinates":[[[103.891298,1.302756],[103.893275,1.302756],[103.893275,1.304746],[103.891298,1.304746],[103.891298,1.302756]]]},"properties":{"id":"c127_38","score":45.2,"land":20,"power":90,"fibre":41,"community":38,"dSub":291,"dDc":2966,"cx":103.892286,"cy":1.303751}},{"type":"Feature","geometry":{"type":"Polygon","coordinates":[[[103.891298,1.305017],[103.893275,1.305017],[103.893275,1.307007],[103.891298,1.307007],[103.891298,1.305017]]]},"properties":{"id":"c127_39","score":43.2,"land":9,"power":98,"fibre":44,"community":33,"dSub":58,"dDc":2789,"cx":103.892286,"cy":1.306012}},{"type":"Feature","geometry":{"type":"Polygon","coordinates":[[[103.889051,1.305017],[103.891028,1.305017],[103.891028,1.307007],[103.889051,1.307007],[103.889051,1.305017]]]},"properties":{"id":"c126_39","score":40.6,"land":5,"power":90,"fibre":48,"community":34,"dSub":296,"dDc":2613,"cx":103.89004,"cy":1.306012}},{"type":"Feature","geometry":{"type":"Polygon","coordinates":[[[103.87108,1.291451],[103.873057,1.291451],[103.873057,1.293441],[103.87108,1.293441],[103.87108,1.291451]]]},"properties":{"id":"c118_33","score":50.4,"land":29,"power":70,"fibre":32,"community":81,"dSub":887,"dDc":3417,"cx":103.872069,"cy":1.292446}},{"type":"Feature","geometry":{"type":"Polygon","coordinates":[[[103.862095,1.415802],[103.864071,1.415802],[103.864071,1.417792],[103.862095,1.417792],[103.862095,1.415802]]]},"properties":{"id":"c114_88","score":46.5,"land":77,"power":0,"fibre":8,"community":90,"dSub":5767,"dDc":4616,"cx":103.863083,"cy":1.416797}},{"type":"Feature","geometry":{"type":"Polygon","coordinates":[[[103.891298,1.345714],[103.893275,1.345714],[103.893275,1.347703],[103.891298,1.347703],[103.891298,1.345714]]]},"properties":{"id":"c127_57","score":67.0,"land":57,"power":44,"fibre":92,"community":88,"dSub":1685,"dDc":408,"cx":103.892286,"cy":1.346708}},{"type":"Feature","geometry":{"type":"Polygon","coordinates":[[[103.889051,1.345714],[103.891028,1.345714],[103.891028,1.347703],[103.889051,1.347703],[103.889051,1.345714]]]},"properties":{"id":"c126_57","score":48.2,"land":22,"power":40,"fibre":93,"community":59,"dSub":1800,"dDc":343,"cx":103.89004,"cy":1.346708}},{"type":"Feature","geometry":{"type":"Polygon","coordinates":[[[103.893544,1.345714],[103.895521,1.345714],[103.895521,1.347703],[103.893544,1.347703],[103.893544,1.345714]]]},"properties":{"id":"c128_57","score":84.0,"land":100,"power":47,"fibre":88,"community":98,"dSub":1600,"dDc":584,"cx":103.894533,"cy":1.346708}},{"type":"Feature","geometry":{"type":"Polygon","coordinates":[[[103.873327,1.305017],[103.875303,1.305017],[103.875303,1.307007],[103.873327,1.307007],[103.873327,1.305017]]]},"properties":{"id":"c119_39","score":81.1,"land":93,"power":67,"fibre":62,"community":97,"dSub":988,"dDc":1911,"cx":103.874315,"cy":1.306012}},{"type":"Feature","geometry":{"type":"Polygon","coordinates":[[[103.859848,1.266581],[103.861825,1.266581],[103.861825,1.268571],[103.859848,1.268571],[103.859848,1.266581]]]},"properties":{"id":"c113_22","score":55.0,"land":100,"power":0,"fibre":0,"community":100,"dSub":3852,"dDc":6333,"cx":103.860837,"cy":1.267576}},{"type":"Feature","geometry":{"type":"Polygon","coordinates":[[[103.891298,1.316322],[103.893275,1.316322],[103.893275,1.318311],[103.891298,1.318311],[103.891298,1.316322]]]},"properties":{"id":"c127_44","score":59.0,"land":40,"power":60,"fibre":66,"community":84,"dSub":1213,"dDc":1696,"cx":103.892286,"cy":1.317316}},{"type":"Feature","geometry":{"type":"Polygon","coordinates":[[[103.855355,1.323104],[103.857332,1.323104],[103.857332,1.325094],[103.855355,1.325094],[103.855355,1.323104]]]},"properties":{"id":"c111_47","score":41.2,"land":19,"power":73,"fibre":61,"community":21,"dSub":796,"dDc":1970,"cx":103.856344,"cy":1.324099}},{"type":"Feature","geometry":{"type":"Polygon","coordinates":[[[103.857602,1.327626],[103.859579,1.327626],[103.859579,1.329616],[103.857602,1.329616],[103.857602,1.327626]]]},"properties":{"id":"c112_49","score":43.6,"land":39,"power":55,"fibre":64,"community":17,"dSub":1355,"dDc":1816,"cx":103.85859,"cy":1.328621}},{"type":"Feature","geometry":{"type":"Polygon","coordinates":[[[103.864341,1.305017],[103.866318,1.305017],[103.866318,1.307007],[103.864341,1.307007],[103.864341,1.305017]]]},"properties":{"id":"c115_39","score":55.4,"land":59,"power":44,"fibre":57,"community":62,"dSub":1669,"dDc":2142,"cx":103.865329,"cy":1.306012}},{"type":"Feature","geometry":{"type":"Polygon","coordinates":[[[103.893544,1.3118],[103.895521,1.3118],[103.895521,1.313789],[103.893544,1.313789],[103.893544,1.3118]]]},"properties":{"id":"c128_42","score":41.9,"land":2,"power":75,"fibre":56,"community":56,"dSub":741,"dDc":2182,"cx":103.894533,"cy":1.312794}},{"type":"Feature","geometry":{"type":"Polygon","coordinates":[[[103.895791,1.347975],[103.897767,1.347975],[103.897767,1.349964],[103.895791,1.349964],[103.895791,1.347975]]]},"properties":{"id":"c129_58","score":72.6,"land":75,"power":40,"fibre":85,"community":97,"dSub":1801,"dDc":729,"cx":103.896779,"cy":1.348969}},{"type":"Feature","geometry":{"type":"Polygon","coordinates":[[[103.893544,1.347975],[103.895521,1.347975],[103.895521,1.349964],[103.893544,1.349964],[103.893544,1.347975]]]},"properties":{"id":"c128_58","score":77.8,"land":88,"power":39,"fibre":90,"community":96,"dSub":1843,"dDc":482,"cx":103.894533,"cy":1.348969}},{"type":"Feature","geometry":{"type":"Polygon","coordinates":[[[103.895791,1.345714],[103.897767,1.345714],[103.897767,1.347703],[103.895791,1.347703],[103.895791,1.345714]]]},"properties":{"id":"c129_57","score":83.4,"land":100,"power":48,"fibre":84,"community":98,"dSub":1552,"dDc":800,"cx":103.896779,"cy":1.346708}},{"type":"Feature","geometry":{"type":"Polygon","coordinates":[[[103.898037,1.316322],[103.900014,1.316322],[103.900014,1.318311],[103.898037,1.318311],[103.898037,1.316322]]]},"properties":{"id":"c130_44","score":41.1,"land":11,"power":53,"fibre":65,"community":54,"dSub":1403,"dDc":1765,"cx":103.899025,"cy":1.317316}},{"type":"Feature","geometry":{"type":"Polygon","coordinates":[[[103.895791,1.318582],[103.897767,1.318582],[103.897767,1.320572],[103.895791,1.320572],[103.895791,1.318582]]]},"properties":{"id":"c129_45","score":76.7,"land":93,"power":51,"fibre":71,"community":87,"dSub":1469,"dDc":1460,"cx":103.896779,"cy":1.319577}},{"type":"Feature","geometry":{"type":"Polygon","coordinates":[[[103.886805,1.320843],[103.888782,1.320843],[103.888782,1.322833],[103.886805,1.322833],[103.886805,1.320843]]]},"properties":{"id":"c125_46","score":48.0,"land":43,"power":44,"fibre":72,"community":38,"dSub":1687,"dDc":1382,"cx":103.887793,"cy":1.321838}},{"type":"Feature","geometry":{"type":"Polygon","coordinates":[[[103.898037,1.314061],[103.900014,1.314061],[103.900014,1.31605],[103.898037,1.31605],[103.898037,1.314061]]]},"properties":{"id":"c130_43","score":41.9,"land":19,"power":60,"fibre":60,"community":41,"dSub":1194,"dDc":2004,"cx":103.899025,"cy":1.315055}},{"type":"Feature","geometry":{"type":"Polygon","coordinates":[[[103.891298,1.325365],[103.893275,1.325365],[103.893275,1.327355],[103.891298,1.327355],[103.891298,1.325365]]]},"properties":{"id":"c127_48","score":71.9,"land":59,"power":67,"fibre":86,"community":87,"dSub":980,"dDc":715,"cx":103.892286,"cy":1.32636}},{"type":"Feature","geometry":{"type":"Polygon","coordinates":[[[103.900283,1.318582],[103.90226,1.318582],[103.90226,1.320572],[103.900283,1.320572],[103.900283,1.318582]]]},"properties":{"id":"c131_45","score":43.7,"land":22,"power":50,"fibre":67,"community":50,"dSub":1493,"dDc":1633,"cx":103.901272,"cy":1.319577}},{"type":"Feature","geometry":{"type":"Polygon","coordinates":[[[103.882312,1.388671],[103.884289,1.388671],[103.884289,1.390661],[103.882312,1.390661],[103.882312,1.388671]]]},"properties":{"id":"c123_76","score":45.4,"land":87,"power":0,"fibre":59,"community":15,"dSub":6512,"dDc":2032,"cx":103.883301,"cy":1.389666}},{"type":"Feature","geometry":{"type":"Polygon","coordinates":[[[103.891298,1.318582],[103.893275,1.318582],[103.893275,1.320572],[103.891298,1.320572],[103.891298,1.318582]]]},"properties":{"id":"c127_45","score":49.2,"land":9,"power":51,"fibre":71,"community":94,"dSub":1463,"dDc":1448,"cx":103.892286,"cy":1.319577}},{"type":"Feature","geometry":{"type":"Polygon","coordinates":[[[103.895791,1.314061],[103.897767,1.314061],[103.897767,1.31605],[103.895791,1.31605],[103.895791,1.314061]]]},"properties":{"id":"c129_43","score":40.3,"land":4,"power":65,"fibre":61,"community":53,"dSub":1065,"dDc":1953,"cx":103.896779,"cy":1.315055}},{"type":"Feature","geometry":{"type":"Polygon","coordinates":[[[103.90253,1.300495],[103.904507,1.300495],[103.904507,1.302485],[103.90253,1.302485],[103.90253,1.300495]]]},"properties":{"id":"c132_37","score":43.9,"land":34,"power":56,"fibre":28,"community":62,"dSub":1321,"dDc":3584,"cx":103.903518,"cy":1.30149}},{"type":"Feature","geometry":{"type":"Polygon","coordinates":[[[103.898037,1.300495],[103.900014,1.300495],[103.900014,1.302485],[103.898037,1.302485],[103.898037,1.300495]]]},"properties":{"id":"c130_37","score":40.5,"land":23,"power":70,"fibre":31,"community":43,"dSub":888,"dDc":3473,"cx":103.899025,"cy":1.30149}},{"type":"Feature","geometry":{"type":"Polygon","coordinates":[[[103.891298,1.320843],[103.893275,1.320843],[103.893275,1.322833],[103.891298,1.322833],[103.891298,1.320843]]]},"properties":{"id":"c127_46","score":52.1,"land":13,"power":54,"fibre":76,"community":95,"dSub":1385,"dDc":1202,"cx":103.892286,"cy":1.321838}},{"type":"Feature","geometry":{"type":"Polygon","coordinates":[[[103.898037,1.329887],[103.900014,1.329887],[103.900014,1.331877],[103.898037,1.331877],[103.898037,1.329887]]]},"properties":{"id":"c130_50","score":83.6,"land":73,"power":93,"fibre":89,"community":85,"dSub":220,"dDc":564,"cx":103.899025,"cy":1.330882}},{"type":"Feature","geometry":{"type":"Polygon","coordinates":[[[103.866587,1.402237],[103.868564,1.402237],[103.868564,1.404226],[103.866587,1.404226],[103.866587,1.402237]]]},"properties":{"id":"c116_82","score":57.3,"land":98,"power":0,"fibre":39,"community":76,"dSub":5477,"dDc":3053,"cx":103.867576,"cy":1.403232}},{"type":"Feature","geometry":{"type":"Polygon","coordinates":[[[103.884559,1.338931],[103.886535,1.338931],[103.886535,1.34092],[103.884559,1.34092],[103.884559,1.338931]]]},"properties":{"id":"c124_54","score":52.2,"land":24,"power":46,"fibre":83,"community":79,"dSub":1633,"dDc":861,"cx":103.885547,"cy":1.339926}},{"type":"Feature","geometry":{"type":"Polygon","coordinates":[[[103.857602,1.404498],[103.859579,1.404498],[103.859579,1.406487],[103.857602,1.406487],[103.857602,1.404498]]]},"properties":{"id":"c112_83","score":42.6,"land":48,"power":0,"fibre":29,"community":100,"dSub":4670,"dDc":3566,"cx":103.85859,"cy":1.405493}},{"type":"Feature","geometry":{"type":"Polygon","coordinates":[[[103.859848,1.404498],[103.861825,1.404498],[103.861825,1.406487],[103.859848,1.406487],[103.859848,1.404498]]]},"properties":{"id":"c113_83","score":61.0,"land":100,"power":0,"fibre":31,"community":100,"dSub":4892,"dDc":3475,"cx":103.860837,"cy":1.405493}},{"type":"Feature","geometry":{"type":"Polygon","coordinates":[[[103.862095,1.402237],[103.864071,1.402237],[103.864071,1.404226],[103.862095,1.404226],[103.862095,1.402237]]]},"properties":{"id":"c114_82","score":61.5,"land":98,"power":0,"fibre":37,"community":99,"dSub":5013,"dDc":3159,"cx":103.863083,"cy":1.403232}},{"type":"Feature","geometry":{"type":"Polygon","coordinates":[[[103.864341,1.402237],[103.866318,1.402237],[103.866318,1.404226],[103.864341,1.404226],[103.864341,1.402237]]]},"properties":{"id":"c115_82","score":62.3,"land":100,"power":0,"fibre":38,"community":98,"dSub":5245,"dDc":3097,"cx":103.865329,"cy":1.403232}},{"type":"Feature","geometry":{"type":"Polygon","coordinates":[[[103.907023,1.338931],[103.908999,1.338931],[103.908999,1.34092],[103.907023,1.34092],[103.907023,1.338931]]]},"properties":{"id":"c134_54","score":71.5,"land":72,"power":56,"fibre":70,"community":92,"dSub":1333,"dDc":1517,"cx":103.908011,"cy":1.339926}},{"type":"Feature","geometry":{"type":"Polygon","coordinates":[[[103.898037,1.345714],[103.900014,1.345714],[103.900014,1.347703],[103.898037,1.347703],[103.898037,1.345714]]]},"properties":{"id":"c130_57","score":50.9,"land":10,"power":49,"fibre":79,"community":97,"dSub":1544,"dDc":1031,"cx":103.899025,"cy":1.346708}},{"type":"Feature","geometry":{"type":"Polygon","coordinates":[[[103.855355,1.3118],[103.857332,1.3118],[103.857332,1.313789],[103.855355,1.313789],[103.855355,1.3118]]]},"properties":{"id":"c111_42","score":48.2,"land":14,"power":80,"fibre":54,"community":63,"dSub":601,"dDc":2284,"cx":103.856344,"cy":1.312794}},{"type":"Feature","geometry":{"type":"Polygon","coordinates":[[[103.87108,1.302756],[103.873057,1.302756],[103.873057,1.304746],[103.87108,1.304746],[103.87108,1.302756]]]},"properties":{"id":"c118_38","score":80.1,"land":91,"power":69,"fibre":57,"community":99,"dSub":923,"dDc":2171,"cx":103.872069,"cy":1.303751}},{"type":"Feature","geometry":{"type":"Polygon","coordinates":[[[103.880066,1.302756],[103.882043,1.302756],[103.882043,1.304746],[103.880066,1.304746],[103.880066,1.302756]]]},"properties":{"id":"c122_38","score":46.2,"land":19,"power":75,"fibre":54,"community":50,"dSub":737,"dDc":2298,"cx":103.881054,"cy":1.303751}},{"type":"Feature","geometry":{"type":"Polygon","coordinates":[[[103.868834,1.40902],[103.870811,1.40902],[103.870811,1.411009],[103.868834,1.411009],[103.868834,1.40902]]]},"properties":{"id":"c117_85","score":51.7,"land":84,"power":0,"fibre":24,"community":87,"dSub":6010,"dDc":3779,"cx":103.869822,"cy":1.410014}},{"type":"Feature","geometry":{"type":"Polygon","coordinates":[[[103.866587,1.40902],[103.868564,1.40902],[103.868564,1.411009],[103.866587,1.411009],[103.866587,1.40902]]]},"properties":{"id":"c116_85","score":48.4,"land":76,"power":0,"fibre":24,"community":85,"dSub":5788,"dDc":3798,"cx":103.867576,"cy":1.410014}},{"type":"Feature","geometry":{"type":"Polygon","coordinates":[[[103.891298,1.327626],[103.893275,1.327626],[103.893275,1.329616],[103.891298,1.329616],[103.891298,1.327626]]]},"properties":{"id":"c127_49","score":88.7,"land":97,"power":73,"fibre":90,"community":93,"dSub":818,"dDc":483,"cx":103.892286,"cy":1.328621}},{"type":"Feature","geometry":{"type":"Polygon","coordinates":[[[103.898037,1.302756],[103.900014,1.302756],[103.900014,1.304746],[103.898037,1.304746],[103.898037,1.302756]]]},"properties":{"id":"c130_38","score":42.9,"land":23,"power":75,"fibre":35,"community":45,"dSub":763,"dDc":3226,"cx":103.899025,"cy":1.303751}},{"type":"Feature","geometry":{"type":"Polygon","coordinates":[[[103.898037,1.305017],[103.900014,1.305017],[103.900014,1.307007],[103.898037,1.307007],[103.898037,1.305017]]]},"properties":{"id":"c130_39","score":43.7,"land":20,"power":76,"fibre":40,"community":47,"dSub":708,"dDc":2980,"cx":103.899025,"cy":1.306012}},{"type":"Feature","geometry":{"type":"Polygon","coordinates":[[[103.893544,1.307278],[103.895521,1.307278],[103.895521,1.309267],[103.893544,1.309267],[103.893544,1.307278]]]},"properties":{"id":"c128_40","score":41.2,"land":1,"power":90,"fibre":46,"community":45,"dSub":296,"dDc":2682,"cx":103.894533,"cy":1.308273}},{"type":"Feature","geometry":{"type":"Polygon","coordinates":[[[103.895791,1.305017],[103.897767,1.305017],[103.897767,1.307007],[103.895791,1.307007],[103.895791,1.305017]]]},"properties":{"id":"c129_39","score":43.0,"land":16,"power":85,"fibre":41,"community":41,"dSub":458,"dDc":2946,"cx":103.896779,"cy":1.306012}},{"type":"Feature","geometry":{"type":"Polygon","coordinates":[[[103.895791,1.302756],[103.897767,1.302756],[103.897767,1.304746],[103.895791,1.304746],[103.895791,1.302756]]]},"properties":{"id":"c129_38","score":41.3,"land":17,"power":82,"fibre":36,"community":38,"dSub":540,"dDc":3195,"cx":103.896779,"cy":1.303751}},{"type":"Feature","geometry":{"type":"Polygon","coordinates":[[[103.857602,1.309539],[103.859579,1.309539],[103.859579,1.311528],[103.857602,1.311528],[103.857602,1.309539]]]},"properties":{"id":"c112_41","score":47.2,"land":15,"power":68,"fibre":56,"community":69,"dSub":948,"dDc":2223,"cx":103.85859,"cy":1.310534}},{"type":"Feature","geometry":{"type":"Polygon","coordinates":[[[103.87108,1.300495],[103.873057,1.300495],[103.873057,1.302485],[103.87108,1.302485],[103.87108,1.300495]]]},"properties":{"id":"c118_37","score":83.6,"land":100,"power":74,"fibre":52,"community":98,"dSub":768,"dDc":2420,"cx":103.872069,"cy":1.30149}},{"type":"Feature","geometry":{"type":"Polygon","coordinates":[[[103.877819,1.305017],[103.879796,1.305017],[103.879796,1.307007],[103.877819,1.307007],[103.877819,1.305017]]]},"properties":{"id":"c121_39","score":82.3,"land":100,"power":70,"fibre":60,"community":89,"dSub":906,"dDc":1983,"cx":103.878808,"cy":1.306012}},{"type":"Feature","geometry":{"type":"Polygon","coordinates":[[[103.889051,1.327626],[103.891028,1.327626],[103.891028,1.329616],[103.889051,1.329616],[103.889051,1.327626]]]},"properties":{"id":"c126_49","score":58.2,"land":28,"power":66,"fibre":87,"community":73,"dSub":1035,"dDc":636,"cx":103.89004,"cy":1.328621}},{"type":"Feature","geometry":{"type":"Polygon","coordinates":[[[103.87108,1.40902],[103.873057,1.40902],[103.873057,1.411009],[103.87108,1.411009],[103.87108,1.40902]]]},"properties":{"id":"c118_85","score":44.5,"land":63,"power":0,"fibre":24,"community":88,"dSub":6234,"dDc":3777,"cx":103.872069,"cy":1.410014}},{"type":"Feature","geometry":{"type":"Polygon","coordinates":[[[103.864341,1.406759],[103.866318,1.406759],[103.866318,1.408748],[103.864341,1.408748],[103.864341,1.406759]]]},"properties":{"id":"c115_84","score":51.5,"land":87,"power":0,"fibre":28,"community":77,"dSub":5451,"dDc":3587,"cx":103.865329,"cy":1.407754}},{"type":"Feature","geometry":{"type":"Polygon","coordinates":[[[103.859848,1.402237],[103.861825,1.402237],[103.861825,1.404226],[103.859848,1.404226],[103.859848,1.402237]]]},"properties":{"id":"c113_82","score":61.0,"land":97,"power":0,"fibre":35,"community":99,"dSub":4784,"dDc":3240,"cx":103.860837,"cy":1.403232}},{"type":"Feature","geometry":{"type":"Polygon","coordinates":[[[103.864341,1.399976],[103.866318,1.399976],[103.866318,1.401966],[103.864341,1.401966],[103.864341,1.399976]]]},"properties":{"id":"c115_81","score":51.6,"land":69,"power":0,"fibre":43,"community":95,"dSub":5156,"dDc":2853,"cx":103.865329,"cy":1.400971}},{"type":"Feature","geometry":{"type":"Polygon","coordinates":[[[103.884559,1.3118],[103.886535,1.3118],[103.886535,1.313789],[103.884559,1.313789],[103.884559,1.3118]]]},"properties":{"id":"c124_42","score":40.7,"land":6,"power":64,"fibre":65,"community":48,"dSub":1066,"dDc":1729,"cx":103.885547,"cy":1.312794}},{"type":"Feature","geometry":{"type":"Polygon","coordinates":[[[103.868834,1.305017],[103.870811,1.305017],[103.870811,1.307007],[103.868834,1.307007],[103.868834,1.305017]]]},"properties":{"id":"c117_39","score":63.1,"land":53,"power":57,"fibre":61,"community":90,"dSub":1277,"dDc":1967,"cx":103.869822,"cy":1.306012}},{"type":"Feature","geometry":{"type":"Polygon","coordinates":[[[103.862095,1.293712],[103.864071,1.293712],[103.864071,1.295702],[103.862095,1.295702],[103.862095,1.293712]]]},"properties":{"id":"c114_34","score":57.8,"land":66,"power":44,"fibre":32,"community":86,"dSub":1691,"dDc":3387,"cx":103.863083,"cy":1.294707}},{"type":"Feature","geometry":{"type":"Polygon","coordinates":[[[103.884559,1.314061],[103.886535,1.314061],[103.886535,1.31605],[103.884559,1.31605],[103.884559,1.314061]]]},"properties":{"id":"c124_43","score":47.7,"land":27,"power":58,"fibre":69,"community":49,"dSub":1247,"dDc":1573,"cx":103.885547,"cy":1.315055}},{"type":"Feature","geometry":{"type":"Polygon","coordinates":[[[103.875573,1.282408],[103.87755,1.282408],[103.87755,1.284397],[103.875573,1.284397],[103.875573,1.282408]]]},"properties":{"id":"c120_29","score":68.9,"land":100,"power":46,"fibre":12,"community":100,"dSub":1606,"dDc":4420,"cx":103.876561,"cy":1.283402}},{"type":"Feature","geometry":{"type":"Polygon","coordinates":[[[103.873327,1.295973],[103.875303,1.295973],[103.875303,1.297963],[103.873327,1.297963],[103.873327,1.295973]]]},"properties":{"id":"c119_35","score":47.1,"land":4,"power":86,"fibre":42,"community":79,"dSub":416,"dDc":2911,"cx":103.874315,"cy":1.296968}},{"type":"Feature","geometry":{"type":"Polygon","coordinates":[[[103.875573,1.307278],[103.87755,1.307278],[103.87755,1.309267],[103.875573,1.309267],[103.875573,1.307278]]]},"properties":{"id":"c120_40","score":48.9,"land":17,"power":61,"fibre":66,"community":72,"dSub":1162,"dDc":1684,"cx":103.876561,"cy":1.308273}},{"type":"Feature","geometry":{"type":"Polygon","coordinates":[[[103.873327,1.307278],[103.875303,1.307278],[103.875303,1.309267],[103.873327,1.309267],[103.873327,1.307278]]]},"properties":{"id":"c119_40","score":44.9,"land":5,"power":59,"fibre":67,"community":75,"dSub":1220,"dDc":1661,"cx":103.874315,"cy":1.308273}},{"type":"Feature","geometry":{"type":"Polygon","coordinates":[[[103.880066,1.314061],[103.882043,1.314061],[103.882043,1.31605],[103.880066,1.31605],[103.880066,1.314061]]]},"properties":{"id":"c122_43","score":57.3,"land":53,"power":46,"fibre":76,"community":60,"dSub":1612,"dDc":1200,"cx":103.881054,"cy":1.315055}},{"type":"Feature","geometry":{"type":"Polygon","coordinates":[[[103.882312,1.3118],[103.884289,1.3118],[103.884289,1.313789],[103.882312,1.313789],[103.882312,1.3118]]]},"properties":{"id":"c123_42","score":42.6,"land":14,"power":58,"fibre":69,"community":47,"dSub":1263,"dDc":1553,"cx":103.883301,"cy":1.312794}},{"type":"Feature","geometry":{"type":"Polygon","coordinates":[[[103.886805,1.3118],[103.888782,1.3118],[103.888782,1.313789],[103.886805,1.313789],[103.886805,1.3118]]]},"properties":{"id":"c125_42","score":44.2,"land":14,"power":70,"fibre":62,"community":47,"dSub":896,"dDc":1922,"cx":103.887793,"cy":1.312794}},{"type":"Feature","geometry":{"type":"Polygon","coordinates":[[[103.891298,1.314061],[103.893275,1.314061],[103.893275,1.31605],[103.891298,1.31605],[103.891298,1.314061]]]},"properties":{"id":"c127_43","score":47.5,"land":14,"power":68,"fibre":61,"community":67,"dSub":963,"dDc":1944,"cx":103.892286,"cy":1.315055}},{"type":"Feature","geometry":{"type":"Polygon","coordinates":[[[103.889051,1.314061],[103.891028,1.314061],[103.891028,1.31605],[103.889051,1.31605],[103.889051,1.314061]]]},"properties":{"id":"c126_43","score":45.9,"land":15,"power":66,"fibre":60,"community":60,"dSub":1006,"dDc":1987,"cx":103.89004,"cy":1.315055}},{"type":"Feature","geometry":{"type":"Polygon","coordinates":[[[103.891298,1.309539],[103.893275,1.309539],[103.893275,1.311528],[103.891298,1.311528],[103.891298,1.309539]]]},"properties":{"id":"c127_41","score":43.9,"land":14,"power":85,"fibre":51,"community":39,"dSub":464,"dDc":2442,"cx":103.892286,"cy":1.310534}},{"type":"Feature","geometry":{"type":"Polygon","coordinates":[[[103.891298,1.3118],[103.893275,1.3118],[103.893275,1.313789],[103.891298,1.313789],[103.891298,1.3118]]]},"properties":{"id":"c127_42","score":59.0,"land":48,"power":76,"fibre":56,"community":59,"dSub":713,"dDc":2193,"cx":103.892286,"cy":1.312794}},{"type":"Feature","geometry":{"type":"Polygon","coordinates":[[[103.882312,1.314061],[103.884289,1.314061],[103.884289,1.31605],[103.882312,1.31605],[103.882312,1.314061]]]},"properties":{"id":"c123_43","score":43.6,"land":15,"power":53,"fibre":72,"community":54,"dSub":1419,"dDc":1376,"cx":103.883301,"cy":1.315055}},{"type":"Feature","geometry":{"type":"Polygon","coordinates":[[[103.859848,1.309539],[103.861825,1.309539],[103.861825,1.311528],[103.859848,1.311528],[103.859848,1.309539]]]},"properties":{"id":"c113_41","score":48.5,"land":21,"power":63,"fibre":59,"community":68,"dSub":1114,"dDc":2036,"cx":103.860837,"cy":1.310534}},{"type":"Feature","geometry":{"type":"Polygon","coordinates":[[[103.866587,1.28919],[103.868564,1.28919],[103.868564,1.29118],[103.866587,1.29118],[103.866587,1.28919]]]},"properties":{"id":"c116_32","score":67.7,"land":100,"power":52,"fibre":25,"community":73,"dSub":1433,"dDc":3730,"cx":103.867576,"cy":1.290185}},{"type":"Feature","geometry":{"type":"Polygon","coordinates":[[[103.893544,1.302756],[103.895521,1.302756],[103.895521,1.304746],[103.893544,1.304746],[103.893544,1.302756]]]},"properties":{"id":"c128_38","score":42.1,"land":14,"power":88,"fibre":37,"community":39,"dSub":354,"dDc":3143,"cx":103.894533,"cy":1.303751}},{"type":"Feature","geometry":{"type":"Polygon","coordinates":[[[103.893544,1.305017],[103.895521,1.305017],[103.895521,1.307007],[103.893544,1.307007],[103.893544,1.305017]]]},"properties":{"id":"c128_39","score":44.7,"land":13,"power":93,"fibre":41,"community":43,"dSub":210,"dDc":2932,"cx":103.894533,"cy":1.306012}},{"type":"Feature","geometry":{"type":"Polygon","coordinates":[[[103.859848,1.314061],[103.861825,1.314061],[103.861825,1.31605],[103.859848,1.31605],[103.859848,1.314061]]]},"properties":{"id":"c113_43","score":46.6,"land":8,"power":72,"fibre":65,"community":65,"dSub":851,"dDc":1727,"cx":103.860837,"cy":1.315055}},{"type":"Feature","geometry":{"type":"Polygon","coordinates":[[[103.875573,1.3118],[103.87755,1.3118],[103.87755,1.313789],[103.875573,1.313789],[103.875573,1.3118]]]},"properties":{"id":"c120_42","score":42.8,"land":17,"power":45,"fibre":76,"community":53,"dSub":1659,"dDc":1194,"cx":103.876561,"cy":1.312794}},{"type":"Feature","geometry":{"type":"Polygon","coordinates":[[[103.877819,1.314061],[103.879796,1.314061],[103.879796,1.31605],[103.877819,1.31605],[103.877819,1.314061]]]},"properties":{"id":"c121_43","score":49.9,"land":35,"power":39,"fibre":79,"community":60,"dSub":1819,"dDc":1055,"cx":103.878808,"cy":1.315055}},{"type":"Feature","geometry":{"type":"Polygon","coordinates":[[[103.875573,1.318582],[103.87755,1.318582],[103.87755,1.320572],[103.875573,1.320572],[103.875573,1.318582]]]},"properties":{"id":"c120_45","score":73.5,"land":100,"power":23,"fibre":90,"community":74,"dSub":2314,"dDc":498,"cx":103.876561,"cy":1.319577}},{"type":"Feature","geometry":{"type":"Polygon","coordinates":[[[103.877819,1.332148],[103.879796,1.332148],[103.879796,1.334138],[103.877819,1.334138],[103.877819,1.332148]]]},"properties":{"id":"c121_51","score":44.2,"land":32,"power":27,"fibre":76,"community":55,"dSub":2178,"dDc":1213,"cx":103.878808,"cy":1.333143}},{"type":"Feature","geometry":{"type":"Polygon","coordinates":[[[103.866587,1.318582],[103.868564,1.318582],[103.868564,1.320572],[103.866587,1.320572],[103.866587,1.318582]]]},"properties":{"id":"c116_45","score":48.7,"land":18,"power":47,"fibre":83,"community":69,"dSub":1576,"dDc":827,"cx":103.867576,"cy":1.319577}},{"type":"Feature","geometry":{"type":"Polygon","coordinates":[[[103.864341,1.318582],[103.866318,1.318582],[103.866318,1.320572],[103.864341,1.320572],[103.864341,1.318582]]]},"properties":{"id":"c115_45","score":70.5,"land":83,"power":56,"fibre":79,"community":58,"dSub":1329,"dDc":1051,"cx":103.865329,"cy":1.319577}},{"type":"Feature","geometry":{"type":"Polygon","coordinates":[[[103.857602,1.3118],[103.859579,1.3118],[103.859579,1.313789],[103.857602,1.313789],[103.857602,1.3118]]]},"properties":{"id":"c112_42","score":45.6,"land":5,"power":75,"fibre":59,"community":67,"dSub":760,"dDc":2073,"cx":103.85859,"cy":1.312794}},{"type":"Feature","geometry":{"type":"Polygon","coordinates":[[[103.891298,1.33667],[103.893275,1.33667],[103.893275,1.33866],[103.891298,1.33866],[103.891298,1.33667]]]},"properties":{"id":"c127_53","score":91.2,"land":100,"power":71,"fibre":97,"community":95,"dSub":868,"dDc":130,"cx":103.892286,"cy":1.337665}},{"type":"Feature","geometry":{"type":"Polygon","coordinates":[[[103.859848,1.368323],[103.861825,1.368323],[103.861825,1.370313],[103.859848,1.370313],[103.859848,1.368323]]]},"properties":{"id":"c113_67","score":56.2,"land":85,"power":0,"fibre":73,"community":60,"dSub":3443,"dDc":1365,"cx":103.860837,"cy":1.369318}},{"type":"Feature","geometry":{"type":"Polygon","coordinates":[[[103.855355,1.314061],[103.857332,1.314061],[103.857332,1.31605],[103.855355,1.31605],[103.855355,1.314061]]]},"properties":{"id":"c111_43","score":45.4,"land":3,"power":86,"fibre":57,"community":57,"dSub":407,"dDc":2168,"cx":103.856344,"cy":1.315055}},{"type":"Feature","geometry":{"type":"Polygon","coordinates":[[[103.889051,1.411281],[103.891028,1.411281],[103.891028,1.41327],[103.889051,1.41327],[103.889051,1.411281]]]},"properties":{"id":"c126_86","score":40.8,"land":77,"power":0,"fibre":9,"community":59,"dSub":8170,"dDc":4537,"cx":103.89004,"cy":1.412275}},{"type":"Feature","geometry":{"type":"Polygon","coordinates":[[[103.875573,1.411281],[103.87755,1.411281],[103.87755,1.41327],[103.875573,1.41327],[103.875573,1.411281]]]},"properties":{"id":"c120_86","score":55.9,"land":98,"power":0,"fibre":19,"community":89,"dSub":6793,"dDc":4069,"cx":103.876561,"cy":1.412275}},{"type":"Feature","geometry":{"type":"Polygon","coordinates":[[[103.900283,1.352496],[103.90226,1.352496],[103.90226,1.354486],[103.900283,1.354486],[103.900283,1.352496]]]},"properties":{"id":"c131_60","score":45.6,"land":15,"power":23,"fibre":74,"community":99,"dSub":2315,"dDc":1289,"cx":103.901272,"cy":1.353491}},{"type":"Feature","geometry":{"type":"Polygon","coordinates":[[[103.900283,1.350235],[103.90226,1.350235],[103.90226,1.352225],[103.900283,1.352225],[103.900283,1.350235]]]},"properties":{"id":"c131_59","score":53.5,"land":32,"power":31,"fibre":75,"community":97,"dSub":2067,"dDc":1233,"cx":103.901272,"cy":1.35123}},{"type":"Feature","geometry":{"type":"Polygon","coordinates":[[[103.898037,1.354757],[103.900014,1.354757],[103.900014,1.356747],[103.898037,1.356747],[103.898037,1.354757]]]},"properties":{"id":"c130_61","score":67.7,"land":89,"power":15,"fibre":77,"community":87,"dSub":2543,"dDc":1174,"cx":103.899025,"cy":1.355752}},{"type":"Feature","geometry":{"type":"Polygon","coordinates":[[[103.898037,1.350235],[103.900014,1.350235],[103.900014,1.352225],[103.898037,1.352225],[103.898037,1.350235]]]},"properties":{"id":"c130_59","score":69.3,"land":75,"power":32,"fibre":80,"community":95,"dSub":2043,"dDc":985,"cx":103.899025,"cy":1.35123}},{"type":"Feature","geometry":{"type":"Polygon","coordinates":[[[103.907023,1.350235],[103.908999,1.350235],[103.908999,1.352225],[103.907023,1.352225],[103.907023,1.350235]]]},"properties":{"id":"c134_59","score":66.5,"land":86,"power":23,"fibre":60,"community":92,"dSub":2307,"dDc":1979,"cx":103.908011,"cy":1.35123}},{"type":"Feature","geometry":{"type":"Polygon","coordinates":[[[103.907023,1.352496],[103.908999,1.352496],[103.908999,1.354486],[103.907023,1.354486],[103.907023,1.352496]]]},"properties":{"id":"c134_60","score":63.5,"land":83,"power":16,"fibre":60,"community":93,"dSub":2531,"dDc":2014,"cx":103.908011,"cy":1.353491}},{"type":"Feature","geometry":{"type":"Polygon","coordinates":[[[103.877819,1.338931],[103.879796,1.338931],[103.879796,1.34092],[103.877819,1.34092],[103.877819,1.338931]]]},"properties":{"id":"c121_54","score":49.9,"land":56,"power":23,"fibre":68,"community":55,"dSub":2317,"dDc":1609,"cx":103.878808,"cy":1.339926}},{"type":"Feature","geometry":{"type":"Polygon","coordinates":[[[103.880066,1.329887],[103.882043,1.329887],[103.882043,1.331877],[103.880066,1.331877],[103.880066,1.329887]]]},"properties":{"id":"c122_50","score":54.7,"land":45,"power":35,"fibre":77,"community":73,"dSub":1939,"dDc":1147,"cx":103.881054,"cy":1.330882}},{"type":"Feature","geometry":{"type":"Polygon","coordinates":[[[103.882312,1.329887],[103.884289,1.329887],[103.884289,1.331877],[103.882312,1.331877],[103.882312,1.329887]]]},"properties":{"id":"c123_50","score":51.4,"land":35,"power":44,"fibre":76,"community":66,"dSub":1691,"dDc":1220,"cx":103.883301,"cy":1.330882}},{"type":"Feature","geometry":{"type":"Polygon","coordinates":[[[103.882312,1.327626],[103.884289,1.327626],[103.884289,1.329616],[103.882312,1.329616],[103.882312,1.327626]]]},"properties":{"id":"c123_49","score":54.5,"land":51,"power":42,"fibre":76,"community":55,"dSub":1739,"dDc":1189,"cx":103.883301,"cy":1.328621}},{"type":"Feature","geometry":{"type":"Polygon","coordinates":[[[103.880066,1.327626],[103.882043,1.327626],[103.882043,1.329616],[103.880066,1.329616],[103.880066,1.327626]]]},"properties":{"id":"c122_49","score":64.1,"land":69,"power":34,"fibre":80,"community":76,"dSub":1981,"dDc":980,"cx":103.881054,"cy":1.328621}},{"type":"Feature","geometry":{"type":"Polygon","coordinates":[[[103.880066,1.343453],[103.882043,1.343453],[103.882043,1.345442],[103.880066,1.345442],[103.880066,1.343453]]]},"properties":{"id":"c122_56","score":42.3,"land":37,"power":23,"fibre":76,"community":42,"dSub":2321,"dDc":1186,"cx":103.881054,"cy":1.344448}},{"type":"Feature","geometry":{"type":"Polygon","coordinates":[[[103.882312,1.343453],[103.884289,1.343453],[103.884289,1.345442],[103.882312,1.345442],[103.882312,1.343453]]]},"properties":{"id":"c123_56","score":45.6,"land":35,"power":29,"fibre":80,"community":50,"dSub":2118,"dDc":977,"cx":103.883301,"cy":1.344448}},{"type":"Feature","geometry":{"type":"Polygon","coordinates":[[[103.882312,1.341192],[103.884289,1.341192],[103.884289,1.343181],[103.882312,1.343181],[103.882312,1.341192]]]},"properties":{"id":"c123_55","score":44.6,"land":21,"power":34,"fibre":77,"community":67,"dSub":1975,"dDc":1146,"cx":103.883301,"cy":1.342187}},{"type":"Feature","geometry":{"type":"Polygon","coordinates":[[[103.873327,1.413542],[103.875303,1.413542],[103.875303,1.415531],[103.873327,1.415531],[103.873327,1.413542]]]},"properties":{"id":"c119_87","score":49.0,"land":82,"power":0,"fibre":14,"community":87,"dSub":6685,"dDc":4290,"cx":103.874315,"cy":1.414536}},{"type":"Feature","geometry":{"type":"Polygon","coordinates":[[[103.87108,1.411281],[103.873057,1.411281],[103.873057,1.41327],[103.87108,1.41327],[103.87108,1.411281]]]},"properties":{"id":"c118_86","score":57.3,"land":97,"power":0,"fibre":19,"community":97,"dSub":6347,"dDc":4027,"cx":103.872069,"cy":1.412275}},{"type":"Feature","geometry":{"type":"Polygon","coordinates":[[[103.895791,1.350235],[103.897767,1.350235],[103.897767,1.352225],[103.895791,1.352225],[103.895791,1.350235]]]},"properties":{"id":"c129_59","score":70.9,"land":80,"power":32,"fibre":85,"community":90,"dSub":2050,"dDc":740,"cx":103.896779,"cy":1.35123}},{"type":"Feature","geometry":{"type":"Polygon","coordinates":[[[103.868834,1.411281],[103.870811,1.411281],[103.870811,1.41327],[103.868834,1.41327],[103.868834,1.411281]]]},"properties":{"id":"c117_86","score":43.9,"land":60,"power":0,"fibre":19,"community":96,"dSub":6127,"dDc":4029,"cx":103.869822,"cy":1.412275}},{"type":"Feature","geometry":{"type":"Polygon","coordinates":[[[103.891298,1.338931],[103.893275,1.338931],[103.893275,1.34092],[103.891298,1.34092],[103.891298,1.338931]]]},"properties":{"id":"c127_54","score":88.0,"land":95,"power":65,"fibre":97,"community":94,"dSub":1043,"dDc":142,"cx":103.892286,"cy":1.339926}},{"type":"Feature","geometry":{"type":"Polygon","coordinates":[[[103.889051,1.338931],[103.891028,1.338931],[103.891028,1.34092],[103.889051,1.34092],[103.889051,1.338931]]]},"properties":{"id":"c126_54","score":85.7,"land":95,"power":59,"fibre":93,"community":96,"dSub":1220,"dDc":368,"cx":103.89004,"cy":1.339926}},{"type":"Feature","geometry":{"type":"Polygon","coordinates":[[[103.898037,1.341192],[103.900014,1.341192],[103.900014,1.343181],[103.898037,1.343181],[103.898037,1.341192]]]},"properties":{"id":"c130_55","score":70.0,"land":54,"power":65,"fibre":86,"community":88,"dSub":1045,"dDc":681,"cx":103.899025,"cy":1.342187}},{"type":"Feature","geometry":{"type":"Polygon","coordinates":[[[103.900283,1.343453],[103.90226,1.343453],[103.90226,1.345442],[103.900283,1.345442],[103.900283,1.343453]]]},"properties":{"id":"c131_56","score":56.0,"land":26,"power":56,"fibre":79,"community":86,"dSub":1332,"dDc":1032,"cx":103.901272,"cy":1.344448}},{"type":"Feature","geometry":{"type":"Polygon","coordinates":[[[103.900283,1.347975],[103.90226,1.347975],[103.90226,1.349964],[103.900283,1.349964],[103.900283,1.347975]]]},"properties":{"id":"c131_58","score":71.1,"land":80,"power":39,"fibre":75,"community":92,"dSub":1821,"dDc":1226,"cx":103.901272,"cy":1.348969}},{"type":"Feature","geometry":{"type":"Polygon","coordinates":[[[103.898037,1.343453],[103.900014,1.343453],[103.900014,1.345442],[103.898037,1.345442],[103.898037,1.343453]]]},"properties":{"id":"c130_56","score":70.7,"land":60,"power":57,"fibre":83,"community":95,"dSub":1294,"dDc":851,"cx":103.899025,"cy":1.344448}},{"type":"Feature","geometry":{"type":"Polygon","coordinates":[[[103.900283,1.341192],[103.90226,1.341192],[103.90226,1.343181],[103.900283,1.343181],[103.900283,1.341192]]]},"properties":{"id":"c131_55","score":55.1,"land":19,"power":64,"fibre":82,"community":80,"dSub":1091,"dDc":897,"cx":103.901272,"cy":1.342187}},{"type":"Feature","geometry":{"type":"Polygon","coordinates":[[[103.900283,1.338931],[103.90226,1.338931],[103.90226,1.34092],[103.900283,1.34092],[103.900283,1.338931]]]},"properties":{"id":"c131_54","score":86.6,"land":100,"power":71,"fibre":84,"community":84,"dSub":855,"dDc":797,"cx":103.901272,"cy":1.339926}},{"type":"Feature","geometry":{"type":"Polygon","coordinates":[[[103.904776,1.341192],[103.906753,1.341192],[103.906753,1.343181],[103.904776,1.343181],[103.904776,1.341192]]]},"properties":{"id":"c133_55","score":73.0,"land":73,"power":56,"fibre":73,"community":95,"dSub":1327,"dDc":1356,"cx":103.905765,"cy":1.342187}},{"type":"Feature","geometry":{"type":"Polygon","coordinates":[[[103.866587,1.338931],[103.868564,1.338931],[103.868564,1.34092],[103.866587,1.34092],[103.866587,1.338931]]]},"properties":{"id":"c116_54","score":55.0,"land":80,"power":2,"fibre":61,"community":72,"dSub":2933,"dDc":1975,"cx":103.867576,"cy":1.339926}},{"type":"Feature","geometry":{"type":"Polygon","coordinates":[[[103.862095,1.420324],[103.864071,1.420324],[103.864071,1.422314],[103.862095,1.422314],[103.862095,1.420324]]]},"properties":{"id":"c114_90","score":53.1,"land":100,"power":0,"fibre":0,"community":91,"dSub":6080,"dDc":5107,"cx":103.863083,"cy":1.421319}},{"type":"Feature","geometry":{"type":"Polygon","coordinates":[[[103.859848,1.415802],[103.861825,1.415802],[103.861825,1.417792],[103.859848,1.417792],[103.859848,1.415802]]]},"properties":{"id":"c113_88","score":55.6,"land":100,"power":0,"fibre":7,"community":97,"dSub":5569,"dDc":4672,"cx":103.860837,"cy":1.416797}},{"type":"Feature","geometry":{"type":"Polygon","coordinates":[[[103.866587,1.422585],[103.868564,1.422585],[103.868564,1.424575],[103.866587,1.424575],[103.866587,1.422585]]]},"properties":{"id":"c116_91","score":51.0,"land":90,"power":0,"fibre":0,"community":97,"dSub":6624,"dDc":5292,"cx":103.867576,"cy":1.42358}},{"type":"Feature","geometry":{"type":"Polygon","coordinates":[[[103.864341,1.420324],[103.866318,1.420324],[103.866318,1.422314],[103.864341,1.422314],[103.864341,1.420324]]]},"properties":{"id":"c115_90","score":53.1,"land":100,"power":0,"fibre":0,"community":91,"dSub":6272,"dDc":5069,"cx":103.865329,"cy":1.421319}},{"type":"Feature","geometry":{"type":"Polygon","coordinates":[[[103.864341,1.390932],[103.866318,1.390932],[103.866318,1.392922],[103.864341,1.392922],[103.864341,1.390932]]]},"properties":{"id":"c115_77","score":42.2,"land":61,"power":0,"fibre":62,"community":41,"dSub":4917,"dDc":1894,"cx":103.865329,"cy":1.391927}},{"type":"Feature","geometry":{"type":"Polygon","coordinates":[[[103.864341,1.300495],[103.866318,1.300495],[103.866318,1.302485],[103.864341,1.302485],[103.864341,1.300495]]]},"properties":{"id":"c115_37","score":71.5,"land":100,"power":51,"fibre":48,"community":70,"dSub":1461,"dDc":2598,"cx":103.865329,"cy":1.30149}},{"type":"Feature","geometry":{"type":"Polygon","coordinates":[[[103.864341,1.338931],[103.866318,1.338931],[103.866318,1.34092],[103.864341,1.34092],[103.864341,1.338931]]]},"properties":{"id":"c115_54","score":58.7,"land":91,"power":6,"fibre":58,"community":69,"dSub":2808,"dDc":2078,"cx":103.865329,"cy":1.339926}},{"type":"Feature","geometry":{"type":"Polygon","coordinates":[[[103.866587,1.325365],[103.868564,1.325365],[103.868564,1.327355],[103.866587,1.327355],[103.866587,1.325365]]]},"properties":{"id":"c116_48","score":54.5,"land":50,"power":39,"fibre":84,"community":52,"dSub":1843,"dDc":794,"cx":103.867576,"cy":1.32636}},{"type":"Feature","geometry":{"type":"Polygon","coordinates":[[[103.864341,1.309539],[103.866318,1.309539],[103.866318,1.311528],[103.864341,1.311528],[103.864341,1.309539]]]},"properties":{"id":"c115_41","score":53.7,"land":27,"power":49,"fibre":66,"community":94,"dSub":1516,"dDc":1711,"cx":103.865329,"cy":1.310534}},{"type":"Feature","geometry":{"type":"Polygon","coordinates":[[[103.889051,1.320843],[103.891028,1.320843],[103.891028,1.322833],[103.889051,1.322833],[103.889051,1.320843]]]},"properties":{"id":"c126_46","score":75.0,"land":100,"power":49,"fibre":75,"community":64,"dSub":1523,"dDc":1271,"cx":103.89004,"cy":1.321838}},{"type":"Feature","geometry":{"type":"Polygon","coordinates":[[[103.864341,1.33667],[103.866318,1.33667],[103.866318,1.33866],[103.864341,1.33866],[103.864341,1.33667]]]},"properties":{"id":"c115_53","score":49.3,"land":62,"power":14,"fibre":63,"community":58,"dSub":2589,"dDc":1861,"cx":103.865329,"cy":1.337665}},{"type":"Feature","geometry":{"type":"Polygon","coordinates":[[[103.877819,1.300495],[103.879796,1.300495],[103.879796,1.302485],[103.877819,1.302485],[103.877819,1.300495]]]},"properties":{"id":"c121_37","score":58.6,"land":32,"power":86,"fibre":51,"community":79,"dSub":413,"dDc":2469,"cx":103.878808,"cy":1.30149}},{"type":"Feature","geometry":{"type":"Polygon","coordinates":[[[103.862095,1.418063],[103.864071,1.418063],[103.864071,1.420053],[103.862095,1.420053],[103.862095,1.418063]]]},"properties":{"id":"c114_89","score":54.2,"land":100,"power":0,"fibre":3,"community":93,"dSub":5920,"dDc":4862,"cx":103.863083,"cy":1.419058}},{"type":"Feature","geometry":{"type":"Polygon","coordinates":[[[103.864341,1.404498],[103.866318,1.404498],[103.866318,1.406487],[103.864341,1.406487],[103.864341,1.404498]]]},"properties":{"id":"c115_83","score":49.5,"land":70,"power":0,"fibre":33,"community":93,"dSub":5343,"dDc":3341,"cx":103.865329,"cy":1.405493}},{"type":"Feature","geometry":{"type":"Polygon","coordinates":[[[103.859848,1.26432],[103.861825,1.26432],[103.861825,1.26631],[103.859848,1.26631],[103.859848,1.26432]]]},"properties":{"id":"c113_21","score":55.0,"land":100,"power":0,"fibre":0,"community":100,"dSub":4072,"dDc":6576,"cx":103.860837,"cy":1.265315}},{"type":"Feature","geometry":{"type":"Polygon","coordinates":[[[103.866587,1.302756],[103.868564,1.302756],[103.868564,1.304746],[103.866587,1.304746],[103.866587,1.302756]]]},"properties":{"id":"c116_38","score":69.7,"land":90,"power":56,"fibre":54,"community":66,"dSub":1326,"dDc":2277,"cx":103.867576,"cy":1.303751}},{"type":"Feature","geometry":{"type":"Polygon","coordinates":[[[103.866587,1.273364],[103.868564,1.273364],[103.868564,1.275354],[103.866587,1.275354],[103.866587,1.273364]]]},"properties":{"id":"c116_25","score":55.4,"land":97,"power":5,"fibre":0,"community":100,"dSub":2844,"dDc":5458,"cx":103.867576,"cy":1.274359}},{"type":"Feature","geometry":{"type":"Polygon","coordinates":[[[103.853109,1.399976],[103.855086,1.399976],[103.855086,1.401966],[103.853109,1.401966],[103.853109,1.399976]]]},"properties":{"id":"c110_81","score":53.8,"land":78,"power":0,"fibre":33,"community":99,"dSub":3998,"dDc":3368,"cx":103.854097,"cy":1.400971}},{"type":"Feature","geometry":{"type":"Polygon","coordinates":[[[103.895791,1.415802],[103.897767,1.415802],[103.897767,1.417792],[103.895791,1.417792],[103.895791,1.415802]]]},"properties":{"id":"c129_88","score":47.1,"land":85,"power":0,"fibre":0,"community":87,"dSub":8350,"dDc":5344,"cx":103.896779,"cy":1.416797}},{"type":"Feature","geometry":{"type":"Polygon","coordinates":[[[103.895791,1.413542],[103.897767,1.413542],[103.897767,1.415531],[103.895791,1.415531],[103.895791,1.413542]]]},"properties":{"id":"c129_87","score":49.6,"land":100,"power":0,"fibre":0,"community":73,"dSub":8184,"dDc":5134,"cx":103.896779,"cy":1.414536}},{"type":"Feature","geometry":{"type":"Polygon","coordinates":[[[103.853109,1.381888],[103.855086,1.381888],[103.855086,1.383878],[103.853109,1.383878],[103.853109,1.381888]]]},"properties":{"id":"c110_73","score":60.1,"land":100,"power":0,"fibre":59,"community":66,"dSub":3627,"dDc":2060,"cx":103.854097,"cy":1.382883}},{"type":"Feature","geometry":{"type":"Polygon","coordinates":[[[103.875573,1.293712],[103.87755,1.293712],[103.87755,1.295702],[103.875573,1.295702],[103.875573,1.293712]]]},"properties":{"id":"c120_34","score":78.9,"land":95,"power":87,"fibre":37,"community":82,"dSub":381,"dDc":3173,"cx":103.876561,"cy":1.294707}},{"type":"Feature","geometry":{"type":"Polygon","coordinates":[[[103.87108,1.413542],[103.873057,1.413542],[103.873057,1.415531],[103.87108,1.415531],[103.87108,1.413542]]]},"properties":{"id":"c118_87","score":57.1,"land":100,"power":0,"fibre":14,"community":96,"dSub":6467,"dDc":4277,"cx":103.872069,"cy":1.414536}},{"type":"Feature","geometry":{"type":"Polygon","coordinates":[[[103.889051,1.341192],[103.891028,1.341192],[103.891028,1.343181],[103.889051,1.343181],[103.889051,1.341192]]]},"properties":{"id":"c126_55","score":82.1,"land":91,"power":53,"fibre":90,"community":94,"dSub":1395,"dDc":495,"cx":103.89004,"cy":1.342187}},{"type":"Feature","geometry":{"type":"Polygon","coordinates":[[[103.904776,1.295973],[103.906753,1.295973],[103.906753,1.297963],[103.904776,1.297963],[103.904776,1.295973]]]},"properties":{"id":"c133_35","score":62.3,"land":100,"power":40,"fibre":17,"community":69,"dSub":1789,"dDc":4136,"cx":103.905765,"cy":1.296968}},{"type":"Feature","geometry":{"type":"Polygon","coordinates":[[[103.882312,1.379628],[103.884289,1.379628],[103.884289,1.381617],[103.882312,1.381617],[103.882312,1.379628]]]},"properties":{"id":"c123_72","score":61.0,"land":100,"power":0,"fibre":71,"community":59,"dSub":5552,"dDc":1442,"cx":103.883301,"cy":1.380622}},{"type":"Feature","geometry":{"type":"Polygon","coordinates":[[[103.859848,1.406759],[103.861825,1.406759],[103.861825,1.408748],[103.859848,1.408748],[103.859848,1.406759]]]},"properties":{"id":"c113_84","score":60.1,"land":100,"power":0,"fibre":26,"community":100,"dSub":5010,"dDc":3711,"cx":103.860837,"cy":1.407754}},{"type":"Feature","geometry":{"type":"Polygon","coordinates":[[[103.900283,1.354757],[103.90226,1.354757],[103.90226,1.356747],[103.900283,1.356747],[103.900283,1.354757]]]},"properties":{"id":"c131_61","score":72.2,"land":100,"power":15,"fibre":72,"community":96,"dSub":2563,"dDc":1388,"cx":103.901272,"cy":1.355752}},{"type":"Feature","geometry":{"type":"Polygon","coordinates":[[[103.859848,1.275625],[103.861825,1.275625],[103.861825,1.277614],[103.859848,1.277614],[103.859848,1.275625]]]},"properties":{"id":"c113_26","score":50.3,"land":87,"power":0,"fibre":0,"community":100,"dSub":3024,"dDc":5365,"cx":103.860837,"cy":1.27662}},{"type":"Feature","geometry":{"type":"Polygon","coordinates":[[[103.873327,1.377367],[103.875303,1.377367],[103.875303,1.379356],[103.873327,1.379356],[103.873327,1.377367]]]},"properties":{"id":"c119_71","score":62.8,"land":90,"power":0,"fibre":91,"community":65,"dSub":5226,"dDc":440,"cx":103.874315,"cy":1.378361}},{"type":"Feature","geometry":{"type":"Polygon","coordinates":[[[103.907023,1.36154],[103.908999,1.36154],[103.908999,1.36353],[103.907023,1.36353],[103.907023,1.36154]]]},"properties":{"id":"c134_64","score":65.3,"land":100,"power":0,"fibre":52,"community":100,"dSub":3462,"dDc":2424,"cx":103.908011,"cy":1.362535}},{"type":"Feature","geometry":{"type":"Polygon","coordinates":[[[103.886805,1.381888],[103.888782,1.381888],[103.888782,1.383878],[103.886805,1.383878],[103.886805,1.381888]]]},"properties":{"id":"c125_73","score":58.8,"land":100,"power":0,"fibre":60,"community":59,"dSub":5666,"dDc":1999,"cx":103.887793,"cy":1.382883}},{"type":"Feature","geometry":{"type":"Polygon","coordinates":[[[103.862095,1.338931],[103.864071,1.338931],[103.864071,1.34092],[103.862095,1.34092],[103.862095,1.338931]]]},"properties":{"id":"c114_54","score":63.0,"land":100,"power":10,"fibre":56,"community":72,"dSub":2700,"dDc":2206,"cx":103.863083,"cy":1.339926}},{"type":"Feature","geometry":{"type":"Polygon","coordinates":[[[103.857602,1.406759],[103.859579,1.406759],[103.859579,1.408748],[103.857602,1.408748],[103.857602,1.406759]]]},"properties":{"id":"c112_84","score":59.8,"land":100,"power":0,"fibre":24,"community":100,"dSub":4793,"dDc":3797,"cx":103.85859,"cy":1.407754}},{"type":"Feature","geometry":{"type":"Polygon","coordinates":[[[103.855355,1.404498],[103.857332,1.404498],[103.857332,1.406487],[103.855355,1.406487],[103.855355,1.404498]]]},"properties":{"id":"c111_83","score":60.2,"land":100,"power":0,"fibre":27,"community":100,"dSub":4451,"dDc":3672,"cx":103.856344,"cy":1.405493}},{"type":"Feature","geometry":{"type":"Polygon","coordinates":[[[103.855355,1.402237],[103.857332,1.402237],[103.857332,1.404226],[103.855355,1.404226],[103.855355,1.402237]]]},"properties":{"id":"c111_82","score":61.1,"land":100,"power":0,"fibre":31,"community":100,"dSub":4333,"dDc":3450,"cx":103.856344,"cy":1.403232}},{"type":"Feature","geometry":{"type":"Polygon","coordinates":[[[103.857602,1.402237],[103.859579,1.402237],[103.859579,1.404226],[103.857602,1.404226],[103.857602,1.402237]]]},"properties":{"id":"c112_82","score":61.6,"land":100,"power":0,"fibre":33,"community":100,"dSub":4557,"dDc":3337,"cx":103.85859,"cy":1.403232}},{"type":"Feature","geometry":{"type":"Polygon","coordinates":[[[103.882312,1.418063],[103.884289,1.418063],[103.884289,1.420053],[103.882312,1.420053],[103.882312,1.418063]]]},"properties":{"id":"c123_89","score":55.2,"land":100,"power":0,"fibre":1,"community":100,"dSub":7803,"dDc":4961,"cx":103.883301,"cy":1.419058}},{"type":"Feature","geometry":{"type":"Polygon","coordinates":[[[103.877819,1.298234],[103.879796,1.298234],[103.879796,1.300224],[103.877819,1.300224],[103.877819,1.298234]]]},"properties":{"id":"c121_36","score":59.7,"land":36,"power":94,"fibre":46,"community":72,"dSub":179,"dDc":2713,"cx":103.878808,"cy":1.299229}},{"type":"Feature","geometry":{"type":"Polygon","coordinates":[[[103.884559,1.286929],[103.886535,1.286929],[103.886535,1.288919],[103.884559,1.288919],[103.884559,1.286929]]]},"properties":{"id":"c124_31","score":72.0,"land":100,"power":54,"fibre":18,"community":100,"dSub":1386,"dDc":4115,"cx":103.885547,"cy":1.287924}},{"type":"Feature","geometry":{"type":"Polygon","coordinates":[[[103.693614,1.3118],[103.695591,1.3118],[103.695591,1.313789],[103.693614,1.313789],[103.693614,1.3118]]]},"properties":{"id":"c39_42","score":49.2,"land":37,"power":0,"fibre":82,"community":100,"dSub":7672,"dDc":878,"cx":103.694603,"cy":1.312794}},{"type":"Feature","geometry":{"type":"Polygon","coordinates":[[[103.67115,1.332148],[103.673127,1.332148],[103.673127,1.334138],[103.67115,1.334138],[103.67115,1.332148]]]},"properties":{"id":"c29_51","score":40.1,"land":38,"power":0,"fibre":53,"community":80,"dSub":9486,"dDc":2342,"cx":103.672139,"cy":1.333143}},{"type":"Feature","geometry":{"type":"Polygon","coordinates":[[[103.684629,1.332148],[103.686606,1.332148],[103.686606,1.334138],[103.684629,1.334138],[103.684629,1.332148]]]},"properties":{"id":"c35_51","score":40.4,"land":35,"power":0,"fibre":56,"community":84,"dSub":8130,"dDc":2183,"cx":103.685617,"cy":1.333143}},{"type":"Feature","geometry":{"type":"Polygon","coordinates":[[[103.682382,1.334409],[103.684359,1.334409],[103.684359,1.336399],[103.682382,1.336399],[103.682382,1.334409]]]},"properties":{"id":"c34_52","score":58.5,"land":91,"power":0,"fibre":49,"community":84,"dSub":8243,"dDc":2533,"cx":103.683371,"cy":1.335404}},{"type":"Feature","geometry":{"type":"Polygon","coordinates":[[[103.67115,1.320843],[103.673127,1.320843],[103.673127,1.322833],[103.67115,1.322833],[103.67115,1.320843]]]},"properties":{"id":"c29_46","score":53.6,"land":69,"power":0,"fibre":48,"community":100,"dSub":10046,"dDc":2587,"cx":103.672139,"cy":1.321838}},{"type":"Feature","geometry":{"type":"Polygon","coordinates":[[[103.689122,1.318582],[103.691098,1.318582],[103.691098,1.320572],[103.689122,1.320572],[103.689122,1.318582]]]},"properties":{"id":"c37_45","score":66.4,"land":91,"power":0,"fibre":75,"community":99,"dSub":8154,"dDc":1267,"cx":103.69011,"cy":1.319577}},{"type":"Feature","geometry":{"type":"Polygon","coordinates":[[[103.666658,1.295973],[103.668634,1.295973],[103.668634,1.297963],[103.666658,1.297963],[103.666658,1.295973]]]},"properties":{"id":"c27_35","score":57.5,"land":100,"power":0,"fibre":15,"community":98,"dSub":10897,"dDc":4273,"cx":103.667646,"cy":1.296968}},{"type":"Feature","geometry":{"type":"Polygon","coordinates":[[[103.67115,1.314061],[103.673127,1.314061],[103.673127,1.31605],[103.67115,1.31605],[103.67115,1.314061]]]},"properties":{"id":"c29_43","score":52.4,"land":71,"power":0,"fibre":40,"community":97,"dSub":10156,"dDc":2986,"cx":103.672139,"cy":1.315055}},{"type":"Feature","geometry":{"type":"Polygon","coordinates":[[[103.653179,1.316322],[103.655156,1.316322],[103.655156,1.318311],[103.653179,1.318311],[103.653179,1.316322]]]},"properties":{"id":"c21_44","score":63.9,"land":87,"power":0,"fibre":67,"community":100,"dSub":12043,"dDc":1643,"cx":103.654168,"cy":1.317316}},{"type":"Feature","geometry":{"type":"Polygon","coordinates":[[[103.67115,1.318582],[103.673127,1.318582],[103.673127,1.320572],[103.67115,1.320572],[103.67115,1.318582]]]},"properties":{"id":"c29_45","score":63.7,"land":100,"power":0,"fibre":46,"community":98,"dSub":10154,"dDc":2703,"cx":103.672139,"cy":1.319577}},{"type":"Feature","geometry":{"type":"Polygon","coordinates":[[[103.62173,1.28919],[103.623706,1.28919],[103.623706,1.29118],[103.62173,1.29118],[103.62173,1.28919]]]},"properties":{"id":"c7_32","score":54.5,"land":99,"power":0,"fibre":0,"community":98,"dSub":15946,"dDc":5589,"cx":103.622718,"cy":1.290185}},{"type":"Feature","geometry":{"type":"Polygon","coordinates":[[[103.67789,1.323104],[103.679866,1.323104],[103.679866,1.325094],[103.67789,1.325094],[103.67789,1.323104]]]},"properties":{"id":"c32_47","score":59.8,"land":85,"power":0,"fibre":50,"community":100,"dSub":9273,"dDc":2519,"cx":103.678878,"cy":1.324099}},{"type":"Feature","geometry":{"type":"Polygon","coordinates":[[[103.62173,1.286929],[103.623706,1.286929],[103.623706,1.288919],[103.62173,1.288919],[103.62173,1.286929]]]},"properties":{"id":"c7_31","score":47.1,"land":80,"power":0,"fibre":0,"community":96,"dSub":15996,"dDc":5797,"cx":103.622718,"cy":1.287924}},{"type":"Feature","geometry":{"type":"Polygon","coordinates":[[[103.684629,1.323104],[103.686606,1.323104],[103.686606,1.325094],[103.684629,1.325094],[103.684629,1.323104]]]},"properties":{"id":"c35_47","score":40.6,"land":23,"power":0,"fibre":64,"community":98,"dSub":8637,"dDc":1777,"cx":103.685617,"cy":1.324099}},{"type":"Feature","geometry":{"type":"Polygon","coordinates":[[[103.657672,1.318582],[103.659649,1.318582],[103.659649,1.320572],[103.657672,1.320572],[103.657672,1.318582]]]},"properties":{"id":"c23_45","score":63.3,"land":86,"power":0,"fibre":68,"community":97,"dSub":11484,"dDc":1595,"cx":103.65866,"cy":1.319577}},{"type":"Feature","geometry":{"type":"Polygon","coordinates":[[[103.659918,1.320843],[103.661895,1.320843],[103.661895,1.322833],[103.659918,1.322833],[103.659918,1.320843]]]},"properties":{"id":"c24_46","score":59.0,"land":72,"power":0,"fibre":69,"community":100,"dSub":11148,"dDc":1552,"cx":103.660907,"cy":1.321838}},{"type":"Feature","geometry":{"type":"Polygon","coordinates":[[[103.657672,1.323104],[103.659649,1.323104],[103.659649,1.325094],[103.657672,1.325094],[103.657672,1.323104]]]},"properties":{"id":"c23_47","score":66.8,"land":92,"power":0,"fibre":76,"community":98,"dSub":11264,"dDc":1199,"cx":103.65866,"cy":1.324099}},{"type":"Feature","geometry":{"type":"Polygon","coordinates":[[[103.639701,1.329887],[103.641678,1.329887],[103.641678,1.331877],[103.639701,1.331877],[103.639701,1.329887]]]},"properties":{"id":"c15_50","score":57.7,"land":65,"power":0,"fibre":77,"community":99,"dSub":12852,"dDc":1167,"cx":103.640689,"cy":1.330882}},{"type":"Feature","geometry":{"type":"Polygon","coordinates":[[[103.684629,1.318582],[103.686606,1.318582],[103.686606,1.320572],[103.684629,1.320572],[103.684629,1.318582]]]},"properties":{"id":"c35_45","score":57.5,"land":70,"power":0,"fibre":65,"community":100,"dSub":8654,"dDc":1762,"cx":103.685617,"cy":1.319577}},{"type":"Feature","geometry":{"type":"Polygon","coordinates":[[[103.657672,1.314061],[103.659649,1.314061],[103.659649,1.31605],[103.657672,1.31605],[103.657672,1.314061]]]},"properties":{"id":"c23_43","score":66.2,"land":100,"power":0,"fibre":59,"community":97,"dSub":11656,"dDc":2038,"cx":103.65866,"cy":1.315055}},{"type":"Feature","geometry":{"type":"Polygon","coordinates":[[[103.680136,1.255276],[103.682113,1.255276],[103.682113,1.257266],[103.680136,1.257266],[103.680136,1.255276]]]},"properties":{"id":"c33_17","score":54.6,"land":100,"power":0,"fibre":0,"community":98,"dSub":11401,"dDc":7055,"cx":103.681124,"cy":1.256271}},{"type":"Feature","geometry":{"type":"Polygon","coordinates":[[[103.693614,1.320843],[103.695591,1.320843],[103.695591,1.322833],[103.693614,1.322833],[103.693614,1.320843]]]},"properties":{"id":"c39_46","score":70.6,"land":98,"power":0,"fibre":85,"community":97,"dSub":7665,"dDc":753,"cx":103.694603,"cy":1.321838}},{"type":"Feature","geometry":{"type":"Polygon","coordinates":[[[103.626222,1.273364],[103.628199,1.273364],[103.628199,1.275354],[103.626222,1.275354],[103.626222,1.273364]]]},"properties":{"id":"c9_25","score":54.7,"land":100,"power":0,"fibre":0,"community":98,"dSub":15894,"dDc":6893,"cx":103.627211,"cy":1.274359}},{"type":"Feature","geometry":{"type":"Polygon","coordinates":[[[103.626222,1.271103],[103.628199,1.271103],[103.628199,1.273093],[103.626222,1.273093],[103.626222,1.271103]]]},"properties":{"id":"c9_24","score":53.5,"land":100,"power":0,"fibre":0,"community":93,"dSub":15971,"dDc":7124,"cx":103.627211,"cy":1.272098}},{"type":"Feature","geometry":{"type":"Polygon","coordinates":[[[103.62173,1.266581],[103.623706,1.266581],[103.623706,1.268571],[103.62173,1.268571],[103.62173,1.266581]]]},"properties":{"id":"c7_22","score":53.3,"land":97,"power":0,"fibre":0,"community":96,"dSub":16607,"dDc":7780,"cx":103.622718,"cy":1.267576}},{"type":"Feature","geometry":{"type":"Polygon","coordinates":[[[103.612744,1.26432],[103.614721,1.26432],[103.614721,1.26631],[103.612744,1.26631],[103.612744,1.26432]]]},"properties":{"id":"c3_21","score":55.0,"land":100,"power":0,"fibre":0,"community":100,"dSub":17633,"dDc":8454,"cx":103.613732,"cy":1.265315}},{"type":"Feature","geometry":{"type":"Polygon","coordinates":[[[103.608251,1.248494],[103.610228,1.248494],[103.610228,1.250483],[103.608251,1.250483],[103.608251,1.248494]]]},"properties":{"id":"c1_14","score":43.4,"land":70,"power":0,"fibre":0,"community":95,"dSub":18740,"dDc":10232,"cx":103.60924,"cy":1.249488}},{"type":"Feature","geometry":{"type":"Polygon","coordinates":[[[103.691368,1.332148],[103.693345,1.332148],[103.693345,1.334138],[103.691368,1.334138],[103.691368,1.332148]]]},"properties":{"id":"c38_51","score":51.4,"land":58,"power":0,"fibre":67,"community":89,"dSub":7473,"dDc":1643,"cx":103.692356,"cy":1.333143}},{"type":"Feature","geometry":{"type":"Polygon","coordinates":[[[103.689122,1.329887],[103.691098,1.329887],[103.691098,1.331877],[103.689122,1.331877],[103.689122,1.329887]]]},"properties":{"id":"c37_50","score":48.4,"land":46,"power":0,"fibre":67,"community":95,"dSub":7815,"dDc":1635,"cx":103.69011,"cy":1.330882}},{"type":"Feature","geometry":{"type":"Polygon","coordinates":[[[103.689122,1.332148],[103.691098,1.332148],[103.691098,1.334138],[103.689122,1.334138],[103.689122,1.332148]]]},"properties":{"id":"c37_51","score":63.0,"land":91,"power":0,"fibre":64,"community":91,"dSub":7690,"dDc":1806,"cx":103.69011,"cy":1.333143}},{"type":"Feature","geometry":{"type":"Polygon","coordinates":[[[103.691368,1.329887],[103.693345,1.329887],[103.693345,1.331877],[103.691368,1.331877],[103.691368,1.329887]]]},"properties":{"id":"c38_50","score":67.5,"land":98,"power":0,"fibre":71,"community":94,"dSub":7601,"dDc":1453,"cx":103.692356,"cy":1.330882}},{"type":"Feature","geometry":{"type":"Polygon","coordinates":[[[103.680136,1.318582],[103.682113,1.318582],[103.682113,1.320572],[103.680136,1.320572],[103.680136,1.318582]]]},"properties":{"id":"c33_45","score":65.9,"land":100,"power":0,"fibre":55,"community":100,"dSub":9154,"dDc":2260,"cx":103.681124,"cy":1.319577}},{"type":"Feature","geometry":{"type":"Polygon","coordinates":[[[103.686875,1.323104],[103.688852,1.323104],[103.688852,1.325094],[103.686875,1.325094],[103.686875,1.323104]]]},"properties":{"id":"c36_47","score":63.7,"land":86,"power":0,"fibre":69,"community":98,"dSub":8429,"dDc":1531,"cx":103.687864,"cy":1.324099}},{"type":"Feature","geometry":{"type":"Polygon","coordinates":[[[103.691368,1.314061],[103.693345,1.314061],[103.693345,1.31605],[103.691368,1.31605],[103.691368,1.314061]]]},"properties":{"id":"c38_43","score":70.0,"land":98,"power":0,"fibre":79,"community":99,"dSub":7908,"dDc":1031,"cx":103.692356,"cy":1.315055}},{"type":"Feature","geometry":{"type":"Polygon","coordinates":[[[103.684629,1.316322],[103.686606,1.316322],[103.686606,1.318311],[103.684629,1.318311],[103.684629,1.316322]]]},"properties":{"id":"c35_44","score":67.4,"land":100,"power":0,"fibre":65,"community":97,"dSub":8652,"dDc":1766,"cx":103.685617,"cy":1.317316}},{"type":"Feature","geometry":{"type":"Polygon","coordinates":[[[103.686875,1.318582],[103.688852,1.318582],[103.688852,1.320572],[103.686875,1.320572],[103.686875,1.318582]]]},"properties":{"id":"c36_45","score":67.8,"land":97,"power":0,"fibre":70,"community":99,"dSub":8404,"dDc":1514,"cx":103.687864,"cy":1.319577}},{"type":"Feature","geometry":{"type":"Polygon","coordinates":[[[103.689122,1.323104],[103.691098,1.323104],[103.691098,1.325094],[103.689122,1.325094],[103.689122,1.323104]]]},"properties":{"id":"c37_47","score":59.7,"land":73,"power":0,"fibre":74,"community":97,"dSub":8182,"dDc":1287,"cx":103.69011,"cy":1.324099}},{"type":"Feature","geometry":{"type":"Polygon","coordinates":[[[103.691368,1.316322],[103.693345,1.316322],[103.693345,1.318311],[103.691368,1.318311],[103.691368,1.316322]]]},"properties":{"id":"c38_44","score":66.8,"land":89,"power":0,"fibre":80,"community":98,"dSub":7902,"dDc":1017,"cx":103.692356,"cy":1.317316}},{"type":"Feature","geometry":{"type":"Polygon","coordinates":[[[103.689122,1.316322],[103.691098,1.316322],[103.691098,1.318311],[103.689122,1.318311],[103.689122,1.316322]]]},"properties":{"id":"c37_44","score":62.7,"land":80,"power":0,"fibre":75,"community":98,"dSub":8152,"dDc":1267,"cx":103.69011,"cy":1.317316}},{"type":"Feature","geometry":{"type":"Polygon","coordinates":[[[103.682382,1.318582],[103.684359,1.318582],[103.684359,1.320572],[103.682382,1.320572],[103.682382,1.318582]]]},"properties":{"id":"c34_45","score":52.8,"land":60,"power":0,"fibre":60,"community":100,"dSub":8904,"dDc":2011,"cx":103.683371,"cy":1.319577}},{"type":"Feature","geometry":{"type":"Polygon","coordinates":[[[103.662165,1.320843],[103.664142,1.320843],[103.664142,1.322833],[103.662165,1.322833],[103.662165,1.320843]]]},"properties":{"id":"c25_46","score":68.1,"land":100,"power":0,"fibre":65,"community":100,"dSub":10925,"dDc":1737,"cx":103.663153,"cy":1.321838}},{"type":"Feature","geometry":{"type":"Polygon","coordinates":[[[103.675643,1.3118],[103.67762,1.3118],[103.67762,1.313789],[103.675643,1.313789],[103.675643,1.3118]]]},"properties":{"id":"c31_42","score":60.3,"land":90,"power":0,"fibre":44,"community":99,"dSub":9668,"dDc":2799,"cx":103.676632,"cy":1.312794}},{"type":"Feature","geometry":{"type":"Polygon","coordinates":[[[103.684629,1.314061],[103.686606,1.314061],[103.686606,1.31605],[103.684629,1.31605],[103.684629,1.314061]]]},"properties":{"id":"c35_43","score":47.2,"land":45,"power":0,"fibre":65,"community":94,"dSub":8657,"dDc":1774,"cx":103.685617,"cy":1.315055}},{"type":"Feature","geometry":{"type":"Polygon","coordinates":[[[103.680136,1.320843],[103.682113,1.320843],[103.682113,1.322833],[103.680136,1.322833],[103.680136,1.320843]]]},"properties":{"id":"c33_46","score":59.6,"land":82,"power":0,"fibre":55,"community":100,"dSub":9163,"dDc":2252,"cx":103.681124,"cy":1.321838}},{"type":"Feature","geometry":{"type":"Polygon","coordinates":[[[103.673397,1.307278],[103.675374,1.307278],[103.675374,1.309267],[103.673397,1.309267],[103.673397,1.307278]]]},"properties":{"id":"c30_40","score":58.2,"land":88,"power":0,"fibre":37,"community":99,"dSub":9957,"dDc":3156,"cx":103.674385,"cy":1.308273}},{"type":"Feature","geometry":{"type":"Polygon","coordinates":[[[103.673397,1.309539],[103.675374,1.309539],[103.675374,1.311528],[103.673397,1.311528],[103.673397,1.309539]]]},"properties":{"id":"c30_41","score":62.5,"land":100,"power":0,"fibre":38,"community":99,"dSub":9934,"dDc":3091,"cx":103.674385,"cy":1.310534}},{"type":"Feature","geometry":{"type":"Polygon","coordinates":[[[103.689122,1.314061],[103.691098,1.314061],[103.691098,1.31605],[103.689122,1.31605],[103.689122,1.314061]]]},"properties":{"id":"c37_43","score":51.3,"land":48,"power":0,"fibre":74,"community":99,"dSub":8157,"dDc":1278,"cx":103.69011,"cy":1.315055}},{"type":"Feature","geometry":{"type":"Polygon","coordinates":[[[103.67115,1.307278],[103.673127,1.307278],[103.673127,1.309267],[103.67115,1.309267],[103.67115,1.307278]]]},"properties":{"id":"c29_40","score":60.8,"land":99,"power":0,"fibre":32,"community":99,"dSub":10206,"dDc":3395,"cx":103.672139,"cy":1.308273}},{"type":"Feature","geometry":{"type":"Polygon","coordinates":[[[103.67789,1.327626],[103.679866,1.327626],[103.679866,1.329616],[103.67789,1.329616],[103.67789,1.327626]]]},"properties":{"id":"c32_49","score":64.2,"land":100,"power":0,"fibre":47,"community":99,"dSub":9027,"dDc":2627,"cx":103.678878,"cy":1.328621}},{"type":"Feature","geometry":{"type":"Polygon","coordinates":[[[103.637454,1.334409],[103.639431,1.334409],[103.639431,1.336399],[103.637454,1.336399],[103.637454,1.334409]]]},"properties":{"id":"c14_52","score":50.9,"land":49,"power":0,"fibre":71,"community":99,"dSub":12946,"dDc":1466,"cx":103.638443,"cy":1.335404}},{"type":"Feature","geometry":{"type":"Polygon","coordinates":[[[103.635208,1.33667],[103.637185,1.33667],[103.637185,1.33866],[103.635208,1.33866],[103.635208,1.33667]]]},"properties":{"id":"c13_53","score":59.1,"land":77,"power":0,"fibre":64,"community":97,"dSub":13122,"dDc":1782,"cx":103.636196,"cy":1.337665}},{"type":"Feature","geometry":{"type":"Polygon","coordinates":[[[103.639701,1.334409],[103.641678,1.334409],[103.641678,1.336399],[103.639701,1.336399],[103.639701,1.334409]]]},"properties":{"id":"c15_52","score":69.8,"land":100,"power":0,"fibre":75,"community":99,"dSub":12705,"dDc":1227,"cx":103.640689,"cy":1.335404}},{"type":"Feature","geometry":{"type":"Polygon","coordinates":[[[103.639701,1.33667],[103.641678,1.33667],[103.641678,1.33866],[103.639701,1.33866],[103.639701,1.33667]]]},"properties":{"id":"c15_53","score":69.5,"land":100,"power":0,"fibre":73,"community":99,"dSub":12638,"dDc":1328,"cx":103.640689,"cy":1.337665}},{"type":"Feature","geometry":{"type":"Polygon","coordinates":[[[103.635208,1.334409],[103.637185,1.334409],[103.637185,1.336399],[103.635208,1.336399],[103.635208,1.334409]]]},"properties":{"id":"c13_52","score":44.0,"land":33,"power":0,"fibre":66,"community":97,"dSub":13186,"dDc":1708,"cx":103.636196,"cy":1.335404}},{"type":"Feature","geometry":{"type":"Polygon","coordinates":[[[103.637454,1.332148],[103.639431,1.332148],[103.639431,1.334138],[103.637454,1.334138],[103.637454,1.332148]]]},"properties":{"id":"c14_51","score":51.3,"land":49,"power":0,"fibre":72,"community":99,"dSub":13015,"dDc":1420,"cx":103.638443,"cy":1.333143}},{"type":"Feature","geometry":{"type":"Polygon","coordinates":[[[103.635208,1.332148],[103.637185,1.332148],[103.637185,1.334138],[103.635208,1.334138],[103.635208,1.332148]]]},"properties":{"id":"c13_51","score":67.1,"land":98,"power":0,"fibre":67,"community":97,"dSub":13255,"dDc":1669,"cx":103.636196,"cy":1.333143}},{"type":"Feature","geometry":{"type":"Polygon","coordinates":[[[103.639701,1.332148],[103.641678,1.332148],[103.641678,1.334138],[103.639701,1.334138],[103.639701,1.332148]]]},"properties":{"id":"c15_51","score":69.3,"land":98,"power":0,"fibre":77,"community":99,"dSub":12776,"dDc":1171,"cx":103.640689,"cy":1.333143}},{"type":"Feature","geometry":{"type":"Polygon","coordinates":[[[103.632962,1.329887],[103.634938,1.329887],[103.634938,1.331877],[103.632962,1.331877],[103.632962,1.329887]]]},"properties":{"id":"c12_50","score":63.4,"land":92,"power":0,"fibre":62,"community":95,"dSub":13566,"dDc":1916,"cx":103.63395,"cy":1.330882}},{"type":"Feature","geometry":{"type":"Polygon","coordinates":[[[103.632962,1.332148],[103.634938,1.332148],[103.634938,1.334138],[103.632962,1.334138],[103.632962,1.332148]]]},"properties":{"id":"c12_51","score":58.5,"land":78,"power":0,"fibre":62,"community":94,"dSub":13495,"dDc":1918,"cx":103.63395,"cy":1.333143}},{"type":"Feature","geometry":{"type":"Polygon","coordinates":[[[103.635208,1.329887],[103.637185,1.329887],[103.637185,1.331877],[103.635208,1.331877],[103.635208,1.329887]]]},"properties":{"id":"c13_50","score":46.7,"land":40,"power":0,"fibre":67,"community":97,"dSub":13328,"dDc":1666,"cx":103.636196,"cy":1.330882}},{"type":"Feature","geometry":{"type":"Polygon","coordinates":[[[103.641947,1.332148],[103.643924,1.332148],[103.643924,1.334138],[103.641947,1.334138],[103.641947,1.332148]]]},"properties":{"id":"c16_51","score":65.5,"land":84,"power":0,"fibre":82,"community":99,"dSub":12537,"dDc":924,"cx":103.642936,"cy":1.333143}},{"type":"Feature","geometry":{"type":"Polygon","coordinates":[[[103.641947,1.329887],[103.643924,1.329887],[103.643924,1.331877],[103.641947,1.331877],[103.641947,1.329887]]]},"properties":{"id":"c16_50","score":68.5,"land":93,"power":0,"fibre":82,"community":99,"dSub":12614,"dDc":919,"cx":103.642936,"cy":1.330882}},{"type":"Feature","geometry":{"type":"Polygon","coordinates":[[[103.644194,1.334409],[103.64617,1.334409],[103.64617,1.336399],[103.644194,1.336399],[103.644194,1.334409]]]},"properties":{"id":"c17_52","score":54.2,"land":51,"power":0,"fibre":85,"community":97,"dSub":12225,"dDc":770,"cx":103.645182,"cy":1.335404}},{"type":"Feature","geometry":{"type":"Polygon","coordinates":[[[103.641947,1.334409],[103.643924,1.334409],[103.643924,1.336399],[103.641947,1.336399],[103.641947,1.334409]]]},"properties":{"id":"c16_52","score":70.3,"land":99,"power":0,"fibre":80,"community":98,"dSub":12465,"dDc":993,"cx":103.642936,"cy":1.335404}},{"type":"Feature","geometry":{"type":"Polygon","coordinates":[[[103.644194,1.332148],[103.64617,1.332148],[103.64617,1.334138],[103.644194,1.334138],[103.644194,1.332148]]]},"properties":{"id":"c17_51","score":62.8,"land":74,"power":0,"fibre":86,"community":98,"dSub":12299,"dDc":678,"cx":103.645182,"cy":1.333143}},{"type":"Feature","geometry":{"type":"Polygon","coordinates":[[[103.64644,1.332148],[103.648417,1.332148],[103.648417,1.334138],[103.64644,1.334138],[103.64644,1.332148]]]},"properties":{"id":"c18_51","score":54.0,"land":46,"power":0,"fibre":91,"community":98,"dSub":12061,"dDc":436,"cx":103.647428,"cy":1.333143}},{"type":"Feature","geometry":{"type":"Polygon","coordinates":[[[103.64644,1.329887],[103.648417,1.329887],[103.648417,1.331877],[103.64644,1.331877],[103.64644,1.329887]]]},"properties":{"id":"c18_50","score":72.7,"land":100,"power":0,"fibre":91,"community":98,"dSub":12141,"dDc":426,"cx":103.647428,"cy":1.330882}},{"type":"Feature","geometry":{"type":"Polygon","coordinates":[[[103.64644,1.334409],[103.648417,1.334409],[103.648417,1.336399],[103.64644,1.336399],[103.64644,1.334409]]]},"properties":{"id":"c18_52","score":67.6,"land":87,"power":0,"fibre":89,"community":97,"dSub":11986,"dDc":569,"cx":103.647428,"cy":1.335404}},{"type":"Feature","geometry":{"type":"Polygon","coordinates":[[[103.648686,1.332148],[103.650663,1.332148],[103.650663,1.334138],[103.648686,1.334138],[103.648686,1.332148]]]},"properties":{"id":"c19_51","score":53.3,"land":41,"power":0,"fibre":96,"community":98,"dSub":11824,"dDc":216,"cx":103.649675,"cy":1.333143}},{"type":"Feature","geometry":{"type":"Polygon","coordinates":[[[103.648686,1.329887],[103.650663,1.329887],[103.650663,1.331877],[103.648686,1.331877],[103.648686,1.329887]]]},"properties":{"id":"c19_50","score":61.8,"land":66,"power":0,"fibre":96,"community":98,"dSub":11905,"dDc":195,"cx":103.649675,"cy":1.330882}},{"type":"Feature","geometry":{"type":"Polygon","coordinates":[[[103.648686,1.327626],[103.650663,1.327626],[103.650663,1.329616],[103.648686,1.329616],[103.648686,1.327626]]]},"properties":{"id":"c19_49","score":72.9,"land":100,"power":0,"fibre":92,"community":97,"dSub":11992,"dDc":393,"cx":103.649675,"cy":1.328621}},{"type":"Feature","geometry":{"type":"Polygon","coordinates":[[[103.641947,1.325365],[103.643924,1.325365],[103.643924,1.327355],[103.641947,1.327355],[103.641947,1.325365]]]},"properties":{"id":"c16_48","score":70.3,"land":100,"power":0,"fibre":78,"community":99,"dSub":12782,"dDc":1096,"cx":103.642936,"cy":1.32636}},{"type":"Feature","geometry":{"type":"Polygon","coordinates":[[[103.644194,1.325365],[103.64617,1.325365],[103.64617,1.327355],[103.644194,1.327355],[103.644194,1.325365]]]},"properties":{"id":"c17_48","score":67.0,"land":89,"power":0,"fibre":82,"community":96,"dSub":12548,"dDc":899,"cx":103.645182,"cy":1.32636}},{"type":"Feature","geometry":{"type":"Polygon","coordinates":[[[103.641947,1.327626],[103.643924,1.327626],[103.643924,1.329616],[103.641947,1.329616],[103.641947,1.327626]]]},"properties":{"id":"c16_49","score":64.6,"land":82,"power":0,"fibre":80,"community":98,"dSub":12696,"dDc":980,"cx":103.642936,"cy":1.328621}},{"type":"Feature","geometry":{"type":"Polygon","coordinates":[[[103.644194,1.327626],[103.64617,1.327626],[103.64617,1.329616],[103.644194,1.329616],[103.644194,1.327626]]]},"properties":{"id":"c17_49","score":67.4,"land":89,"power":0,"fibre":85,"community":96,"dSub":12461,"dDc":753,"cx":103.645182,"cy":1.328621}},{"type":"Feature","geometry":{"type":"Polygon","coordinates":[[[103.639701,1.327626],[103.641678,1.327626],[103.641678,1.329616],[103.639701,1.329616],[103.639701,1.327626]]]},"properties":{"id":"c15_49","score":70.1,"land":100,"power":0,"fibre":76,"community":100,"dSub":12932,"dDc":1216,"cx":103.640689,"cy":1.328621}},{"type":"Feature","geometry":{"type":"Polygon","coordinates":[[[103.64644,1.327626],[103.648417,1.327626],[103.648417,1.329616],[103.64644,1.329616],[103.64644,1.327626]]]},"properties":{"id":"c18_49","score":66.2,"land":84,"power":0,"fibre":89,"community":96,"dSub":12226,"dDc":546,"cx":103.647428,"cy":1.328621}},{"type":"Feature","geometry":{"type":"Polygon","coordinates":[[[103.64644,1.325365],[103.648417,1.325365],[103.648417,1.327355],[103.64644,1.327355],[103.64644,1.325365]]]},"properties":{"id":"c18_48","score":55.9,"land":56,"power":0,"fibre":85,"community":96,"dSub":12315,"dDc":735,"cx":103.647428,"cy":1.32636}},{"type":"Feature","geometry":{"type":"Polygon","coordinates":[[[103.644194,1.329887],[103.64617,1.329887],[103.64617,1.331877],[103.644194,1.331877],[103.644194,1.329887]]]},"properties":{"id":"c17_50","score":55.7,"land":54,"power":0,"fibre":87,"community":98,"dSub":12378,"dDc":671,"cx":103.645182,"cy":1.330882}},{"type":"Feature","geometry":{"type":"Polygon","coordinates":[[[103.650933,1.329887],[103.65291,1.329887],[103.65291,1.331877],[103.650933,1.331877],[103.650933,1.329887]]]},"properties":{"id":"c20_50","score":72.5,"land":96,"power":0,"fibre":97,"community":98,"dSub":11670,"dDc":139,"cx":103.651921,"cy":1.330882}},{"type":"Feature","geometry":{"type":"Polygon","coordinates":[[[103.650933,1.327626],[103.65291,1.327626],[103.65291,1.329616],[103.650933,1.329616],[103.650933,1.327626]]]},"properties":{"id":"c20_49","score":64.1,"land":74,"power":0,"fibre":93,"community":98,"dSub":11758,"dDc":368,"cx":103.651921,"cy":1.328621}},{"type":"Feature","geometry":{"type":"Polygon","coordinates":[[[103.648686,1.325365],[103.650663,1.325365],[103.650663,1.327355],[103.648686,1.327355],[103.648686,1.325365]]]},"properties":{"id":"c19_48","score":58.6,"land":62,"power":0,"fibre":87,"community":97,"dSub":12083,"dDc":629,"cx":103.649675,"cy":1.32636}},{"type":"Feature","geometry":{"type":"Polygon","coordinates":[[[103.653179,1.327626],[103.655156,1.327626],[103.655156,1.329616],[103.653179,1.329616],[103.653179,1.327626]]]},"properties":{"id":"c21_49","score":61.3,"land":68,"power":0,"fibre":90,"community":97,"dSub":11526,"dDc":492,"cx":103.654168,"cy":1.328621}},{"type":"Feature","geometry":{"type":"Polygon","coordinates":[[[103.655426,1.327626],[103.657402,1.327626],[103.657402,1.329616],[103.655426,1.329616],[103.655426,1.327626]]]},"properties":{"id":"c22_49","score":55.7,"land":55,"power":0,"fibre":86,"community":96,"dSub":11294,"dDc":688,"cx":103.656414,"cy":1.328621}},{"type":"Feature","geometry":{"type":"Polygon","coordinates":[[[103.655426,1.325365],[103.657402,1.325365],[103.657402,1.327355],[103.655426,1.327355],[103.655426,1.325365]]]},"properties":{"id":"c22_48","score":51.9,"land":45,"power":0,"fibre":83,"community":97,"dSub":11390,"dDc":845,"cx":103.656414,"cy":1.32636}},{"type":"Feature","geometry":{"type":"Polygon","coordinates":[[[103.650933,1.332148],[103.65291,1.332148],[103.65291,1.334138],[103.650933,1.334138],[103.650933,1.332148]]]},"properties":{"id":"c20_51","score":74.2,"land":100,"power":0,"fibre":97,"community":99,"dSub":11587,"dDc":167,"cx":103.651921,"cy":1.333143}},{"type":"Feature","geometry":{"type":"Polygon","coordinates":[[[103.653179,1.329887],[103.655156,1.329887],[103.655156,1.331877],[103.653179,1.331877],[103.653179,1.329887]]]},"properties":{"id":"c21_50","score":73.2,"land":100,"power":0,"fibre":93,"community":98,"dSub":11436,"dDc":354,"cx":103.654168,"cy":1.330882}},{"type":"Feature","geometry":{"type":"Polygon","coordinates":[[[103.64644,1.33667],[103.648417,1.33667],[103.648417,1.33866],[103.64644,1.33866],[103.64644,1.33667]]]},"properties":{"id":"c18_53","score":41.9,"land":16,"power":0,"fibre":85,"community":97,"dSub":11915,"dDc":763,"cx":103.647428,"cy":1.337665}},{"type":"Feature","geometry":{"type":"Polygon","coordinates":[[[103.648686,1.323104],[103.650663,1.323104],[103.650663,1.325094],[103.648686,1.325094],[103.648686,1.323104]]]},"properties":{"id":"c19_47","score":59.1,"land":66,"power":0,"fibre":83,"community":97,"dSub":12178,"dDc":873,"cx":103.649675,"cy":1.324099}},{"type":"Feature","geometry":{"type":"Polygon","coordinates":[[[103.650933,1.323104],[103.65291,1.323104],[103.65291,1.325094],[103.650933,1.325094],[103.650933,1.323104]]]},"properties":{"id":"c20_47","score":44.2,"land":22,"power":0,"fibre":83,"community":99,"dSub":11948,"dDc":862,"cx":103.651921,"cy":1.324099}},{"type":"Feature","geometry":{"type":"Polygon","coordinates":[[[103.64644,1.323104],[103.648417,1.323104],[103.648417,1.325094],[103.64644,1.325094],[103.64644,1.323104]]]},"properties":{"id":"c18_47","score":69.5,"land":97,"power":0,"fibre":81,"community":96,"dSub":12409,"dDc":952,"cx":103.647428,"cy":1.324099}},{"type":"Feature","geometry":{"type":"Polygon","coordinates":[[[103.64644,1.320843],[103.648417,1.320843],[103.648417,1.322833],[103.64644,1.322833],[103.64644,1.320843]]]},"properties":{"id":"c18_46","score":49.3,"land":41,"power":0,"fibre":76,"community":99,"dSub":12506,"dDc":1182,"cx":103.647428,"cy":1.321838}},{"type":"Feature","geometry":{"type":"Polygon","coordinates":[[[103.648686,1.320843],[103.650663,1.320843],[103.650663,1.322833],[103.648686,1.322833],[103.648686,1.320843]]]},"properties":{"id":"c19_46","score":54.6,"land":55,"power":0,"fibre":78,"community":99,"dSub":12278,"dDc":1120,"cx":103.649675,"cy":1.321838}},{"type":"Feature","geometry":{"type":"Polygon","coordinates":[[[103.650933,1.320843],[103.65291,1.320843],[103.65291,1.322833],[103.650933,1.322833],[103.650933,1.320843]]]},"properties":{"id":"c20_46","score":69.6,"land":98,"power":0,"fibre":78,"community":99,"dSub":12050,"dDc":1111,"cx":103.651921,"cy":1.321838}},{"type":"Feature","geometry":{"type":"Polygon","coordinates":[[[103.644194,1.323104],[103.64617,1.323104],[103.64617,1.325094],[103.644194,1.325094],[103.644194,1.323104]]]},"properties":{"id":"c17_47","score":70.0,"land":100,"power":0,"fibre":78,"community":97,"dSub":12640,"dDc":1084,"cx":103.645182,"cy":1.324099}},{"type":"Feature","geometry":{"type":"Polygon","coordinates":[[[103.650933,1.318582],[103.65291,1.318582],[103.65291,1.320572],[103.650933,1.320572],[103.650933,1.318582]]]},"properties":{"id":"c20_45","score":46.7,"land":35,"power":0,"fibre":73,"community":99,"dSub":12156,"dDc":1361,"cx":103.651921,"cy":1.319577}},{"type":"Feature","geometry":{"type":"Polygon","coordinates":[[[103.648686,1.318582],[103.650663,1.318582],[103.650663,1.320572],[103.648686,1.320572],[103.648686,1.318582]]]},"properties":{"id":"c19_45","score":65.2,"land":88,"power":0,"fibre":73,"community":99,"dSub":12382,"dDc":1368,"cx":103.649675,"cy":1.319577}},{"type":"Feature","geometry":{"type":"Polygon","coordinates":[[[103.653179,1.318582],[103.655156,1.318582],[103.655156,1.320572],[103.653179,1.320572],[103.653179,1.318582]]]},"properties":{"id":"c21_45","score":48.1,"land":40,"power":0,"fibre":72,"community":98,"dSub":11931,"dDc":1399,"cx":103.654168,"cy":1.319577}},{"type":"Feature","geometry":{"type":"Polygon","coordinates":[[[103.653179,1.320843],[103.655156,1.320843],[103.655156,1.322833],[103.653179,1.322833],[103.653179,1.320843]]]},"properties":{"id":"c21_46","score":66.4,"land":90,"power":0,"fibre":77,"community":98,"dSub":11823,"dDc":1158,"cx":103.654168,"cy":1.321838}},{"type":"Feature","geometry":{"type":"Polygon","coordinates":[[[103.655426,1.318582],[103.657402,1.318582],[103.657402,1.320572],[103.655426,1.320572],[103.655426,1.318582]]]},"properties":{"id":"c22_45","score":68.7,"land":100,"power":0,"fibre":70,"community":98,"dSub":11707,"dDc":1479,"cx":103.656414,"cy":1.319577}},{"type":"Feature","geometry":{"type":"Polygon","coordinates":[[[103.653179,1.323104],[103.655156,1.323104],[103.655156,1.325094],[103.653179,1.325094],[103.653179,1.323104]]]},"properties":{"id":"c21_47","score":69.7,"land":97,"power":0,"fibre":82,"community":97,"dSub":11719,"dDc":922,"cx":103.654168,"cy":1.324099}},{"type":"Feature","geometry":{"type":"Polygon","coordinates":[[[103.655426,1.320843],[103.657402,1.320843],[103.657402,1.322833],[103.655426,1.322833],[103.655426,1.320843]]]},"properties":{"id":"c22_46","score":62.8,"land":80,"power":0,"fibre":75,"community":98,"dSub":11597,"dDc":1254,"cx":103.656414,"cy":1.321838}},{"type":"Feature","geometry":{"type":"Polygon","coordinates":[[[103.655426,1.316322],[103.657402,1.316322],[103.657402,1.318311],[103.655426,1.318311],[103.655426,1.316322]]]},"properties":{"id":"c22_44","score":68.0,"land":100,"power":0,"fibre":66,"community":99,"dSub":11821,"dDc":1712,"cx":103.656414,"cy":1.317316}},{"type":"Feature","geometry":{"type":"Polygon","coordinates":[[[103.657672,1.320843],[103.659649,1.320843],[103.659649,1.322833],[103.657672,1.322833],[103.657672,1.320843]]]},"properties":{"id":"c23_46","score":52.7,"land":53,"power":0,"fibre":72,"community":98,"dSub":11372,"dDc":1389,"cx":103.65866,"cy":1.321838}},{"type":"Feature","geometry":{"type":"Polygon","coordinates":[[[103.659918,1.318582],[103.661895,1.318582],[103.661895,1.320572],[103.659918,1.320572],[103.659918,1.318582]]]},"properties":{"id":"c24_45","score":64.1,"land":90,"power":0,"fibre":65,"community":99,"dSub":11262,"dDc":1740,"cx":103.660907,"cy":1.319577}},{"type":"Feature","geometry":{"type":"Polygon","coordinates":[[[103.655426,1.323104],[103.657402,1.323104],[103.657402,1.325094],[103.655426,1.325094],[103.655426,1.323104]]]},"properties":{"id":"c22_47","score":65.6,"land":86,"power":0,"fibre":79,"community":98,"dSub":11491,"dDc":1040,"cx":103.656414,"cy":1.324099}},{"type":"Feature","geometry":{"type":"Polygon","coordinates":[[[103.650933,1.325365],[103.65291,1.325365],[103.65291,1.327355],[103.650933,1.327355],[103.650933,1.325365]]]},"properties":{"id":"c20_48","score":61.3,"land":69,"power":0,"fibre":88,"community":98,"dSub":11851,"dDc":614,"cx":103.651921,"cy":1.32636}},{"type":"Feature","geometry":{"type":"Polygon","coordinates":[[[103.653179,1.325365],[103.655156,1.325365],[103.655156,1.327355],[103.653179,1.327355],[103.653179,1.325365]]]},"properties":{"id":"c21_48","score":54.5,"land":51,"power":0,"fibre":86,"community":97,"dSub":11620,"dDc":695,"cx":103.654168,"cy":1.32636}},{"type":"Feature","geometry":{"type":"Polygon","coordinates":[[[103.635208,1.327626],[103.637185,1.327626],[103.637185,1.329616],[103.635208,1.329616],[103.635208,1.327626]]]},"properties":{"id":"c13_49","score":51.4,"land":53,"power":0,"fibre":66,"community":99,"dSub":13405,"dDc":1701,"cx":103.636196,"cy":1.328621}},{"type":"Feature","geometry":{"type":"Polygon","coordinates":[[[103.637454,1.327626],[103.639431,1.327626],[103.639431,1.329616],[103.637454,1.329616],[103.637454,1.327626]]]},"properties":{"id":"c14_49","score":69.1,"land":100,"power":0,"fibre":71,"community":100,"dSub":13168,"dDc":1457,"cx":103.638443,"cy":1.328621}},{"type":"Feature","geometry":{"type":"Polygon","coordinates":[[[103.630715,1.329887],[103.632692,1.329887],[103.632692,1.331877],[103.630715,1.331877],[103.630715,1.329887]]]},"properties":{"id":"c11_50","score":44.9,"land":44,"power":0,"fibre":57,"community":90,"dSub":13806,"dDc":2165,"cx":103.631704,"cy":1.330882}},{"type":"Feature","geometry":{"type":"Polygon","coordinates":[[[103.637454,1.325365],[103.639431,1.325365],[103.639431,1.327355],[103.637454,1.327355],[103.637454,1.325365]]]},"properties":{"id":"c14_48","score":59.5,"land":74,"power":0,"fibre":69,"community":99,"dSub":13251,"dDc":1538,"cx":103.638443,"cy":1.32636}},{"type":"Feature","geometry":{"type":"Polygon","coordinates":[[[103.635208,1.325365],[103.637185,1.325365],[103.637185,1.327355],[103.635208,1.327355],[103.635208,1.325365]]]},"properties":{"id":"c13_48","score":64.5,"land":91,"power":0,"fibre":65,"community":98,"dSub":13486,"dDc":1770,"cx":103.636196,"cy":1.32636}},{"type":"Feature","geometry":{"type":"Polygon","coordinates":[[[103.635208,1.320843],[103.637185,1.320843],[103.637185,1.322833],[103.635208,1.322833],[103.635208,1.320843]]]},"properties":{"id":"c13_46","score":44.8,"land":38,"power":0,"fibre":60,"community":97,"dSub":13661,"dDc":1998,"cx":103.636196,"cy":1.321838}},{"type":"Feature","geometry":{"type":"Polygon","coordinates":[[[103.635208,1.318582],[103.637185,1.318582],[103.637185,1.320572],[103.635208,1.320572],[103.635208,1.318582]]]},"properties":{"id":"c13_45","score":47.0,"land":49,"power":0,"fibre":57,"community":92,"dSub":13755,"dDc":2147,"cx":103.636196,"cy":1.319577}},{"type":"Feature","geometry":{"type":"Polygon","coordinates":[[[103.632962,1.323104],[103.634938,1.323104],[103.634938,1.325094],[103.632962,1.325094],[103.632962,1.323104]]]},"properties":{"id":"c12_47","score":62.2,"land":88,"power":0,"fibre":58,"community":99,"dSub":13806,"dDc":2096,"cx":103.63395,"cy":1.324099}},{"type":"Feature","geometry":{"type":"Polygon","coordinates":[[[103.630715,1.332148],[103.632692,1.332148],[103.632692,1.334138],[103.630715,1.334138],[103.630715,1.332148]]]},"properties":{"id":"c11_51","score":61.8,"land":94,"power":0,"fibre":57,"community":88,"dSub":13735,"dDc":2167,"cx":103.631704,"cy":1.333143}},{"type":"Feature","geometry":{"type":"Polygon","coordinates":[[[103.632962,1.320843],[103.634938,1.320843],[103.634938,1.322833],[103.632962,1.322833],[103.632962,1.320843]]]},"properties":{"id":"c12_46","score":65.8,"land":100,"power":0,"fibre":56,"community":98,"dSub":13894,"dDc":2210,"cx":103.63395,"cy":1.321838}},{"type":"Feature","geometry":{"type":"Polygon","coordinates":[[[103.630715,1.327626],[103.632692,1.327626],[103.632692,1.329616],[103.630715,1.329616],[103.630715,1.327626]]]},"properties":{"id":"c11_49","score":65.1,"land":100,"power":0,"fibre":56,"community":94,"dSub":13880,"dDc":2192,"cx":103.631704,"cy":1.328621}},{"type":"Feature","geometry":{"type":"Polygon","coordinates":[[[103.635208,1.323104],[103.637185,1.323104],[103.637185,1.325094],[103.635208,1.325094],[103.635208,1.323104]]]},"properties":{"id":"c13_47","score":54.9,"land":65,"power":0,"fibre":63,"community":98,"dSub":13572,"dDc":1871,"cx":103.636196,"cy":1.324099}},{"type":"Feature","geometry":{"type":"Polygon","coordinates":[[[103.637454,1.323104],[103.639431,1.323104],[103.639431,1.325094],[103.637454,1.325094],[103.637454,1.323104]]]},"properties":{"id":"c14_47","score":59.3,"land":75,"power":0,"fibre":67,"community":98,"dSub":13338,"dDc":1653,"cx":103.638443,"cy":1.324099}},{"type":"Feature","geometry":{"type":"Polygon","coordinates":[[[103.639701,1.320843],[103.641678,1.320843],[103.641678,1.322833],[103.639701,1.322833],[103.639701,1.320843]]]},"properties":{"id":"c15_46","score":59.9,"land":76,"power":0,"fibre":68,"community":98,"dSub":13197,"dDc":1606,"cx":103.640689,"cy":1.321838}},{"type":"Feature","geometry":{"type":"Polygon","coordinates":[[[103.637454,1.318582],[103.639431,1.318582],[103.639431,1.320572],[103.637454,1.320572],[103.637454,1.318582]]]},"properties":{"id":"c14_45","score":60.3,"land":81,"power":0,"fibre":61,"community":98,"dSub":13524,"dDc":1959,"cx":103.638443,"cy":1.319577}},{"type":"Feature","geometry":{"type":"Polygon","coordinates":[[[103.637454,1.320843],[103.639431,1.320843],[103.639431,1.322833],[103.637454,1.322833],[103.637454,1.320843]]]},"properties":{"id":"c14_46","score":62.2,"land":85,"power":0,"fibre":64,"community":98,"dSub":13429,"dDc":1795,"cx":103.638443,"cy":1.321838}},{"type":"Feature","geometry":{"type":"Polygon","coordinates":[[[103.639701,1.318582],[103.641678,1.318582],[103.641678,1.320572],[103.639701,1.320572],[103.639701,1.318582]]]},"properties":{"id":"c15_45","score":48.6,"land":46,"power":0,"fibre":64,"community":98,"dSub":13294,"dDc":1787,"cx":103.640689,"cy":1.319577}},{"type":"Feature","geometry":{"type":"Polygon","coordinates":[[[103.639701,1.316322],[103.641678,1.316322],[103.641678,1.318311],[103.639701,1.318311],[103.639701,1.316322]]]},"properties":{"id":"c15_44","score":63.7,"land":91,"power":0,"fibre":60,"community":98,"dSub":13395,"dDc":1984,"cx":103.640689,"cy":1.317316}},{"type":"Feature","geometry":{"type":"Polygon","coordinates":[[[103.641947,1.320843],[103.643924,1.320843],[103.643924,1.322833],[103.641947,1.322833],[103.641947,1.320843]]]},"properties":{"id":"c16_46","score":48.8,"land":42,"power":0,"fibre":71,"community":99,"dSub":12966,"dDc":1435,"cx":103.642936,"cy":1.321838}},{"type":"Feature","geometry":{"type":"Polygon","coordinates":[[[103.639701,1.323104],[103.641678,1.323104],[103.641678,1.325094],[103.639701,1.325094],[103.639701,1.323104]]]},"properties":{"id":"c15_47","score":51.5,"land":50,"power":0,"fibre":71,"community":99,"dSub":13105,"dDc":1445,"cx":103.640689,"cy":1.324099}},{"type":"Feature","geometry":{"type":"Polygon","coordinates":[[[103.639701,1.325365],[103.641678,1.325365],[103.641678,1.327355],[103.639701,1.327355],[103.639701,1.325365]]]},"properties":{"id":"c15_48","score":64.1,"land":85,"power":0,"fibre":74,"community":99,"dSub":13016,"dDc":1312,"cx":103.640689,"cy":1.32636}},{"type":"Feature","geometry":{"type":"Polygon","coordinates":[[[103.641947,1.323104],[103.643924,1.323104],[103.643924,1.325094],[103.641947,1.325094],[103.641947,1.323104]]]},"properties":{"id":"c16_47","score":66.4,"land":91,"power":0,"fibre":75,"community":99,"dSub":12872,"dDc":1252,"cx":103.642936,"cy":1.324099}},{"type":"Feature","geometry":{"type":"Polygon","coordinates":[[[103.644194,1.318582],[103.64617,1.318582],[103.64617,1.320572],[103.644194,1.320572],[103.644194,1.318582]]]},"properties":{"id":"c17_45","score":58.4,"land":71,"power":0,"fibre":70,"community":98,"dSub":12836,"dDc":1511,"cx":103.645182,"cy":1.319577}},{"type":"Feature","geometry":{"type":"Polygon","coordinates":[[[103.644194,1.320843],[103.64617,1.320843],[103.64617,1.322833],[103.644194,1.322833],[103.644194,1.320843]]]},"properties":{"id":"c17_46","score":57.1,"land":64,"power":0,"fibre":74,"community":98,"dSub":12736,"dDc":1291,"cx":103.645182,"cy":1.321838}},{"type":"Feature","geometry":{"type":"Polygon","coordinates":[[[103.64644,1.318582],[103.648417,1.318582],[103.648417,1.320572],[103.64644,1.320572],[103.64644,1.318582]]]},"properties":{"id":"c18_45","score":59.0,"land":71,"power":0,"fibre":72,"community":98,"dSub":12608,"dDc":1419,"cx":103.647428,"cy":1.319577}},{"type":"Feature","geometry":{"type":"Polygon","coordinates":[[[103.64644,1.316322],[103.648417,1.316322],[103.648417,1.318311],[103.64644,1.318311],[103.64644,1.316322]]]},"properties":{"id":"c18_44","score":57.0,"land":70,"power":0,"fibre":67,"community":96,"dSub":12715,"dDc":1660,"cx":103.647428,"cy":1.317316}},{"type":"Feature","geometry":{"type":"Polygon","coordinates":[[[103.644194,1.316322],[103.64617,1.316322],[103.64617,1.318311],[103.644194,1.318311],[103.644194,1.316322]]]},"properties":{"id":"c17_44","score":62.5,"land":86,"power":0,"fibre":65,"community":96,"dSub":12940,"dDc":1739,"cx":103.645182,"cy":1.317316}},{"type":"Feature","geometry":{"type":"Polygon","coordinates":[[[103.637454,1.316322],[103.639431,1.316322],[103.639431,1.318311],[103.637454,1.318311],[103.637454,1.316322]]]},"properties":{"id":"c14_44","score":65.5,"land":98,"power":0,"fibre":57,"community":99,"dSub":13623,"dDc":2140,"cx":103.638443,"cy":1.317316}},{"type":"Feature","geometry":{"type":"Polygon","coordinates":[[[103.648686,1.316322],[103.650663,1.316322],[103.650663,1.318311],[103.648686,1.318311],[103.648686,1.316322]]]},"properties":{"id":"c19_44","score":64.2,"land":88,"power":0,"fibre":68,"community":100,"dSub":12490,"dDc":1616,"cx":103.649675,"cy":1.317316}},{"type":"Feature","geometry":{"type":"Polygon","coordinates":[[[103.644194,1.314061],[103.64617,1.314061],[103.64617,1.31605],[103.644194,1.31605],[103.644194,1.314061]]]},"properties":{"id":"c17_43","score":53.9,"land":64,"power":0,"fibre":61,"community":96,"dSub":13049,"dDc":1972,"cx":103.645182,"cy":1.315055}},{"type":"Feature","geometry":{"type":"Polygon","coordinates":[[[103.641947,1.314061],[103.643924,1.314061],[103.643924,1.31605],[103.641947,1.31605],[103.641947,1.314061]]]},"properties":{"id":"c16_43","score":40.8,"land":28,"power":0,"fibre":59,"community":97,"dSub":13274,"dDc":2070,"cx":103.642936,"cy":1.315055}},{"type":"Feature","geometry":{"type":"Polygon","coordinates":[[[103.635208,1.316322],[103.637185,1.316322],[103.637185,1.318311],[103.635208,1.318311],[103.635208,1.316322]]]},"properties":{"id":"c13_44","score":62.7,"land":100,"power":0,"fibre":54,"community":85,"dSub":13852,"dDc":2313,"cx":103.636196,"cy":1.317316}},{"type":"Feature","geometry":{"type":"Polygon","coordinates":[[[103.637454,1.314061],[103.639431,1.314061],[103.639431,1.31605],[103.637454,1.31605],[103.637454,1.314061]]]},"properties":{"id":"c14_43","score":41.3,"land":31,"power":0,"fibre":53,"community":99,"dSub":13726,"dDc":2334,"cx":103.638443,"cy":1.315055}},{"type":"Feature","geometry":{"type":"Polygon","coordinates":[[[103.639701,1.314061],[103.641678,1.314061],[103.641678,1.31605],[103.639701,1.31605],[103.639701,1.314061]]]},"properties":{"id":"c15_43","score":53.3,"land":64,"power":0,"fibre":56,"community":99,"dSub":13499,"dDc":2192,"cx":103.640689,"cy":1.315055}},{"type":"Feature","geometry":{"type":"Polygon","coordinates":[[[103.641947,1.3118],[103.643924,1.3118],[103.643924,1.313789],[103.641947,1.313789],[103.641947,1.3118]]]},"properties":{"id":"c16_42","score":64.9,"land":100,"power":0,"fibre":54,"community":96,"dSub":13384,"dDc":2297,"cx":103.642936,"cy":1.312794}},{"type":"Feature","geometry":{"type":"Polygon","coordinates":[[[103.64644,1.314061],[103.648417,1.314061],[103.648417,1.31605],[103.64644,1.31605],[103.64644,1.314061]]]},"properties":{"id":"c18_43","score":66.3,"land":100,"power":0,"fibre":62,"community":95,"dSub":12825,"dDc":1903,"cx":103.647428,"cy":1.315055}},{"type":"Feature","geometry":{"type":"Polygon","coordinates":[[[103.641947,1.316322],[103.643924,1.316322],[103.643924,1.318311],[103.641947,1.318311],[103.641947,1.316322]]]},"properties":{"id":"c16_44","score":53.0,"land":60,"power":0,"fibre":63,"community":97,"dSub":13167,"dDc":1849,"cx":103.642936,"cy":1.317316}},{"type":"Feature","geometry":{"type":"Polygon","coordinates":[[[103.641947,1.318582],[103.643924,1.318582],[103.643924,1.320572],[103.641947,1.320572],[103.641947,1.318582]]]},"properties":{"id":"c16_45","score":52.2,"land":55,"power":0,"fibre":67,"community":98,"dSub":13065,"dDc":1636,"cx":103.642936,"cy":1.319577}},{"type":"Feature","geometry":{"type":"Polygon","coordinates":[[[103.650933,1.314061],[103.65291,1.314061],[103.65291,1.31605],[103.650933,1.31605],[103.650933,1.314061]]]},"properties":{"id":"c20_43","score":54.4,"land":63,"power":0,"fibre":63,"community":100,"dSub":12380,"dDc":1860,"cx":103.651921,"cy":1.315055}},{"type":"Feature","geometry":{"type":"Polygon","coordinates":[[[103.653179,1.3118],[103.655156,1.3118],[103.655156,1.313789],[103.653179,1.313789],[103.653179,1.3118]]]},"properties":{"id":"c21_42","score":53.6,"land":65,"power":0,"fibre":57,"community":96,"dSub":12164,"dDc":2135,"cx":103.654168,"cy":1.312794}},{"type":"Feature","geometry":{"type":"Polygon","coordinates":[[[103.653179,1.314061],[103.655156,1.314061],[103.655156,1.31605],[103.653179,1.31605],[103.653179,1.314061]]]},"properties":{"id":"c21_43","score":58.9,"land":77,"power":0,"fibre":62,"community":98,"dSub":12156,"dDc":1888,"cx":103.654168,"cy":1.315055}},{"type":"Feature","geometry":{"type":"Polygon","coordinates":[[[103.650933,1.309539],[103.65291,1.309539],[103.65291,1.311528],[103.650933,1.311528],[103.650933,1.309539]]]},"properties":{"id":"c20_41","score":63.2,"land":95,"power":0,"fibre":53,"community":97,"dSub":12428,"dDc":2359,"cx":103.651921,"cy":1.310534}},{"type":"Feature","geometry":{"type":"Polygon","coordinates":[[[103.650933,1.316322],[103.65291,1.316322],[103.65291,1.318311],[103.650933,1.318311],[103.650933,1.316322]]]},"properties":{"id":"c20_44","score":63.2,"land":85,"power":0,"fibre":68,"community":100,"dSub":12266,"dDc":1610,"cx":103.651921,"cy":1.317316}},{"type":"Feature","geometry":{"type":"Polygon","coordinates":[[[103.650933,1.3118],[103.65291,1.3118],[103.65291,1.313789],[103.650933,1.313789],[103.650933,1.3118]]]},"properties":{"id":"c20_42","score":51.4,"land":58,"power":0,"fibre":58,"community":98,"dSub":12414,"dDc":2110,"cx":103.651921,"cy":1.312794}},{"type":"Feature","geometry":{"type":"Polygon","coordinates":[[[103.655426,1.3118],[103.657402,1.3118],[103.657402,1.313789],[103.655426,1.313789],[103.655426,1.3118]]]},"properties":{"id":"c22_42","score":60.3,"land":84,"power":0,"fibre":56,"community":98,"dSub":11915,"dDc":2188,"cx":103.656414,"cy":1.312794}},{"type":"Feature","geometry":{"type":"Polygon","coordinates":[[[103.655426,1.300495],[103.657402,1.300495],[103.657402,1.302485],[103.655426,1.302485],[103.655426,1.300495]]]},"properties":{"id":"c22_37","score":54.9,"land":84,"power":0,"fibre":32,"community":96,"dSub":12037,"dDc":3409,"cx":103.656414,"cy":1.30149}},{"type":"Feature","geometry":{"type":"Polygon","coordinates":[[[103.657672,1.309539],[103.659649,1.309539],[103.659649,1.311528],[103.657672,1.311528],[103.657672,1.309539]]]},"properties":{"id":"c23_41","score":53.5,"land":70,"power":0,"fibre":50,"community":95,"dSub":11679,"dDc":2502,"cx":103.65866,"cy":1.310534}},{"type":"Feature","geometry":{"type":"Polygon","coordinates":[[[103.666658,1.293712],[103.668634,1.293712],[103.668634,1.295702],[103.666658,1.295702],[103.666658,1.293712]]]},"properties":{"id":"c27_34","score":56.0,"land":98,"power":0,"fibre":10,"community":98,"dSub":10953,"dDc":4482,"cx":103.667646,"cy":1.294707}},{"type":"Feature","geometry":{"type":"Polygon","coordinates":[[[103.655426,1.302756],[103.657402,1.302756],[103.657402,1.304746],[103.655426,1.304746],[103.655426,1.302756]]]},"properties":{"id":"c22_38","score":60.7,"land":97,"power":0,"fibre":37,"community":97,"dSub":12002,"dDc":3163,"cx":103.656414,"cy":1.303751}},{"type":"Feature","geometry":{"type":"Polygon","coordinates":[[[103.655426,1.305017],[103.657402,1.305017],[103.657402,1.307007],[103.655426,1.307007],[103.655426,1.305017]]]},"properties":{"id":"c22_39","score":54.2,"land":75,"power":0,"fibre":42,"community":97,"dSub":11973,"dDc":2918,"cx":103.656414,"cy":1.306012}},{"type":"Feature","geometry":{"type":"Polygon","coordinates":[[[103.653179,1.302756],[103.655156,1.302756],[103.655156,1.304746],[103.653179,1.304746],[103.653179,1.302756]]]},"properties":{"id":"c21_38","score":57.8,"land":89,"power":0,"fibre":37,"community":96,"dSub":12250,"dDc":3126,"cx":103.654168,"cy":1.303751}},{"type":"Feature","geometry":{"type":"Polygon","coordinates":[[[103.655426,1.309539],[103.657402,1.309539],[103.657402,1.311528],[103.655426,1.311528],[103.655426,1.309539]]]},"properties":{"id":"c22_41","score":64.5,"land":100,"power":0,"fibre":51,"community":96,"dSub":11929,"dDc":2430,"cx":103.656414,"cy":1.310534}},{"type":"Feature","geometry":{"type":"Polygon","coordinates":[[[103.662165,1.300495],[103.664142,1.300495],[103.664142,1.302485],[103.662165,1.302485],[103.662165,1.300495]]]},"properties":{"id":"c25_37","score":41.5,"land":49,"power":0,"fibre":28,"community":95,"dSub":11296,"dDc":3614,"cx":103.663153,"cy":1.30149}},{"type":"Feature","geometry":{"type":"Polygon","coordinates":[[[103.666658,1.298234],[103.668634,1.298234],[103.668634,1.300224],[103.666658,1.300224],[103.666658,1.298234]]]},"properties":{"id":"c27_36","score":52.2,"land":83,"power":0,"fibre":19,"community":96,"dSub":10847,"dDc":4049,"cx":103.667646,"cy":1.299229}},{"type":"Feature","geometry":{"type":"Polygon","coordinates":[[[103.668904,1.295973],[103.670881,1.295973],[103.670881,1.297963],[103.668904,1.297963],[103.668904,1.295973]]]},"properties":{"id":"c28_35","score":55.6,"land":93,"power":0,"fibre":17,"community":98,"dSub":10653,"dDc":4137,"cx":103.669892,"cy":1.296968}},{"type":"Feature","geometry":{"type":"Polygon","coordinates":[[[103.659918,1.300495],[103.661895,1.300495],[103.661895,1.302485],[103.659918,1.302485],[103.659918,1.300495]]]},"properties":{"id":"c24_37","score":49.0,"land":67,"power":0,"fibre":29,"community":99,"dSub":11543,"dDc":3530,"cx":103.660907,"cy":1.30149}},{"type":"Feature","geometry":{"type":"Polygon","coordinates":[[[103.653179,1.305017],[103.655156,1.305017],[103.655156,1.307007],[103.653179,1.307007],[103.653179,1.305017]]]},"properties":{"id":"c21_39","score":63.0,"land":100,"power":0,"fibre":42,"community":98,"dSub":12221,"dDc":2878,"cx":103.654168,"cy":1.306012}},{"type":"Feature","geometry":{"type":"Polygon","coordinates":[[[103.657672,1.300495],[103.659649,1.300495],[103.659649,1.302485],[103.657672,1.302485],[103.657672,1.300495]]]},"properties":{"id":"c23_37","score":57.0,"land":90,"power":0,"fibre":31,"community":96,"dSub":11790,"dDc":3461,"cx":103.65866,"cy":1.30149}},{"type":"Feature","geometry":{"type":"Polygon","coordinates":[[[103.650933,1.302756],[103.65291,1.302756],[103.65291,1.304746],[103.650933,1.304746],[103.650933,1.302756]]]},"properties":{"id":"c20_38","score":61.9,"land":100,"power":0,"fibre":38,"community":97,"dSub":12498,"dDc":3109,"cx":103.651921,"cy":1.303751}},{"type":"Feature","geometry":{"type":"Polygon","coordinates":[[[103.657672,1.307278],[103.659649,1.307278],[103.659649,1.309267],[103.657672,1.309267],[103.657672,1.307278]]]},"properties":{"id":"c23_40","score":45.5,"land":49,"power":0,"fibre":45,"community":96,"dSub":11699,"dDc":2739,"cx":103.65866,"cy":1.308273}},{"type":"Feature","geometry":{"type":"Polygon","coordinates":[[[103.659918,1.302756],[103.661895,1.302756],[103.661895,1.304746],[103.659918,1.304746],[103.659918,1.302756]]]},"properties":{"id":"c24_38","score":60.7,"land":97,"power":0,"fibre":34,"community":99,"dSub":11507,"dDc":3293,"cx":103.660907,"cy":1.303751}},{"type":"Feature","geometry":{"type":"Polygon","coordinates":[[[103.666658,1.28919],[103.668634,1.28919],[103.668634,1.29118],[103.666658,1.29118],[103.666658,1.28919]]]},"properties":{"id":"c27_32","score":55.0,"land":100,"power":0,"fibre":5,"community":96,"dSub":11080,"dDc":4772,"cx":103.667646,"cy":1.290185}},{"type":"Feature","geometry":{"type":"Polygon","coordinates":[[[103.664411,1.295973],[103.666388,1.295973],[103.666388,1.297963],[103.664411,1.297963],[103.664411,1.295973]]]},"properties":{"id":"c26_35","score":57.7,"land":100,"power":0,"fibre":17,"community":97,"dSub":11142,"dDc":4172,"cx":103.6654,"cy":1.296968}},{"type":"Feature","geometry":{"type":"Polygon","coordinates":[[[103.664411,1.298234],[103.666388,1.298234],[103.666388,1.300224],[103.664411,1.300224],[103.664411,1.298234]]]},"properties":{"id":"c26_36","score":52.6,"land":84,"power":0,"fibre":21,"community":95,"dSub":11093,"dDc":3942,"cx":103.6654,"cy":1.299229}},{"type":"Feature","geometry":{"type":"Polygon","coordinates":[[[103.655426,1.298234],[103.657402,1.298234],[103.657402,1.300224],[103.655426,1.300224],[103.655426,1.298234]]]},"properties":{"id":"c22_36","score":48.4,"land":68,"power":0,"fibre":27,"community":96,"dSub":12077,"dDc":3655,"cx":103.656414,"cy":1.299229}},{"type":"Feature","geometry":{"type":"Polygon","coordinates":[[[103.653179,1.300495],[103.655156,1.300495],[103.655156,1.302485],[103.653179,1.302485],[103.653179,1.300495]]]},"properties":{"id":"c21_37","score":45.2,"land":56,"power":0,"fibre":33,"community":95,"dSub":12284,"dDc":3375,"cx":103.654168,"cy":1.30149}},{"type":"Feature","geometry":{"type":"Polygon","coordinates":[[[103.664411,1.302756],[103.666388,1.302756],[103.666388,1.304746],[103.664411,1.304746],[103.664411,1.302756]]]},"properties":{"id":"c26_38","score":48.9,"land":67,"power":0,"fibre":30,"community":98,"dSub":11011,"dDc":3490,"cx":103.6654,"cy":1.303751}},{"type":"Feature","geometry":{"type":"Polygon","coordinates":[[[103.659918,1.305017],[103.661895,1.305017],[103.661895,1.307007],[103.659918,1.307007],[103.659918,1.305017]]]},"properties":{"id":"c24_39","score":62.0,"land":100,"power":0,"fibre":39,"community":96,"dSub":11476,"dDc":3058,"cx":103.660907,"cy":1.306012}},{"type":"Feature","geometry":{"type":"Polygon","coordinates":[[[103.664411,1.305017],[103.666388,1.305017],[103.666388,1.307007],[103.664411,1.307007],[103.664411,1.305017]]]},"properties":{"id":"c26_39","score":61.6,"land":100,"power":0,"fibre":35,"community":99,"dSub":10979,"dDc":3269,"cx":103.6654,"cy":1.306012}},{"type":"Feature","geometry":{"type":"Polygon","coordinates":[[[103.659918,1.307278],[103.661895,1.307278],[103.661895,1.309267],[103.659918,1.309267],[103.659918,1.307278]]]},"properties":{"id":"c24_40","score":54.6,"land":76,"power":0,"fibre":43,"community":96,"dSub":11450,"dDc":2825,"cx":103.660907,"cy":1.308273}},{"type":"Feature","geometry":{"type":"Polygon","coordinates":[[[103.657672,1.305017],[103.659649,1.305017],[103.659649,1.307007],[103.657672,1.307007],[103.657672,1.305017]]]},"properties":{"id":"c23_39","score":62.3,"land":100,"power":0,"fibre":40,"community":96,"dSub":11724,"dDc":2978,"cx":103.65866,"cy":1.306012}},{"type":"Feature","geometry":{"type":"Polygon","coordinates":[[[103.662165,1.305017],[103.664142,1.305017],[103.664142,1.307007],[103.662165,1.307007],[103.662165,1.305017]]]},"properties":{"id":"c25_39","score":45.6,"land":54,"power":0,"fibre":37,"community":97,"dSub":11227,"dDc":3155,"cx":103.663153,"cy":1.306012}},{"type":"Feature","geometry":{"type":"Polygon","coordinates":[[[103.662165,1.307278],[103.664142,1.307278],[103.664142,1.309267],[103.662165,1.309267],[103.662165,1.307278]]]},"properties":{"id":"c25_40","score":48.5,"land":59,"power":0,"fibre":41,"community":97,"dSub":11201,"dDc":2931,"cx":103.663153,"cy":1.308273}},{"type":"Feature","geometry":{"type":"Polygon","coordinates":[[[103.668904,1.298234],[103.670881,1.298234],[103.670881,1.300224],[103.668904,1.300224],[103.668904,1.298234]]]},"properties":{"id":"c28_36","score":55.1,"land":90,"power":0,"fibre":20,"community":99,"dSub":10602,"dDc":4011,"cx":103.669892,"cy":1.299229}},{"type":"Feature","geometry":{"type":"Polygon","coordinates":[[[103.666658,1.305017],[103.668634,1.305017],[103.668634,1.307007],[103.666658,1.307007],[103.666658,1.305017]]]},"properties":{"id":"c27_39","score":48.8,"land":65,"power":0,"fibre":32,"community":99,"dSub":10731,"dDc":3398,"cx":103.667646,"cy":1.306012}},{"type":"Feature","geometry":{"type":"Polygon","coordinates":[[[103.666658,1.300495],[103.668634,1.300495],[103.668634,1.302485],[103.666658,1.302485],[103.666658,1.300495]]]},"properties":{"id":"c27_37","score":45.7,"land":63,"power":0,"fibre":23,"community":94,"dSub":10803,"dDc":3828,"cx":103.667646,"cy":1.30149}},{"type":"Feature","geometry":{"type":"Polygon","coordinates":[[[103.67115,1.295973],[103.673127,1.295973],[103.673127,1.297963],[103.67115,1.297963],[103.67115,1.295973]]]},"properties":{"id":"c29_35","score":59.2,"land":100,"power":0,"fibre":21,"community":99,"dSub":10409,"dDc":3927,"cx":103.672139,"cy":1.296968}},{"type":"Feature","geometry":{"type":"Polygon","coordinates":[[[103.675643,1.305017],[103.67762,1.305017],[103.67762,1.307007],[103.675643,1.307007],[103.675643,1.305017]]]},"properties":{"id":"c31_39","score":49.1,"land":61,"power":0,"fibre":40,"community":98,"dSub":9739,"dDc":3007,"cx":103.676632,"cy":1.306012}},{"type":"Feature","geometry":{"type":"Polygon","coordinates":[[[103.673397,1.305017],[103.675374,1.305017],[103.675374,1.307007],[103.673397,1.307007],[103.673397,1.305017]]]},"properties":{"id":"c30_39","score":58.5,"land":90,"power":0,"fibre":35,"community":99,"dSub":9987,"dDc":3238,"cx":103.674385,"cy":1.306012}},{"type":"Feature","geometry":{"type":"Polygon","coordinates":[[[103.664411,1.307278],[103.666388,1.307278],[103.666388,1.309267],[103.664411,1.309267],[103.664411,1.307278]]]},"properties":{"id":"c26_40","score":43.5,"land":46,"power":0,"fibre":39,"community":99,"dSub":10952,"dDc":3053,"cx":103.6654,"cy":1.308273}},{"type":"Feature","geometry":{"type":"Polygon","coordinates":[[[103.666658,1.302756],[103.668634,1.302756],[103.668634,1.304746],[103.666658,1.304746],[103.666658,1.302756]]]},"properties":{"id":"c27_38","score":59.9,"land":100,"power":0,"fibre":28,"community":97,"dSub":10764,"dDc":3610,"cx":103.667646,"cy":1.303751}},{"type":"Feature","geometry":{"type":"Polygon","coordinates":[[[103.666658,1.307278],[103.668634,1.307278],[103.668634,1.309267],[103.666658,1.309267],[103.666658,1.307278]]]},"properties":{"id":"c27_40","score":62.1,"land":100,"power":0,"fibre":36,"community":99,"dSub":10703,"dDc":3190,"cx":103.667646,"cy":1.308273}},{"type":"Feature","geometry":{"type":"Polygon","coordinates":[[[103.67789,1.305017],[103.679866,1.305017],[103.679866,1.307007],[103.67789,1.307007],[103.67789,1.305017]]]},"properties":{"id":"c32_39","score":57.6,"land":83,"power":0,"fibre":44,"community":98,"dSub":9491,"dDc":2779,"cx":103.678878,"cy":1.306012}},{"type":"Feature","geometry":{"type":"Polygon","coordinates":[[[103.67789,1.302756],[103.679866,1.302756],[103.679866,1.304746],[103.67789,1.304746],[103.67789,1.302756]]]},"properties":{"id":"c32_38","score":58.0,"land":86,"power":0,"fibre":42,"community":98,"dSub":9529,"dDc":2894,"cx":103.678878,"cy":1.303751}},{"type":"Feature","geometry":{"type":"Polygon","coordinates":[[[103.67789,1.307278],[103.679866,1.307278],[103.679866,1.309267],[103.67789,1.309267],[103.67789,1.307278]]]},"properties":{"id":"c32_40","score":57.5,"land":81,"power":0,"fibre":46,"community":99,"dSub":9460,"dDc":2682,"cx":103.678878,"cy":1.308273}},{"type":"Feature","geometry":{"type":"Polygon","coordinates":[[[103.680136,1.300495],[103.682113,1.300495],[103.682113,1.302485],[103.680136,1.302485],[103.680136,1.300495]]]},"properties":{"id":"c33_37","score":47.2,"land":55,"power":0,"fibre":44,"community":96,"dSub":9327,"dDc":2821,"cx":103.681124,"cy":1.30149}},{"type":"Feature","geometry":{"type":"Polygon","coordinates":[[[103.67789,1.300495],[103.679866,1.300495],[103.679866,1.302485],[103.67789,1.302485],[103.67789,1.300495]]]},"properties":{"id":"c32_37","score":45.0,"land":51,"power":0,"fibre":39,"community":96,"dSub":9573,"dDc":3026,"cx":103.678878,"cy":1.30149}},{"type":"Feature","geometry":{"type":"Polygon","coordinates":[[[103.675643,1.302756],[103.67762,1.302756],[103.67762,1.304746],[103.675643,1.304746],[103.675643,1.302756]]]},"properties":{"id":"c31_38","score":41.5,"land":41,"power":0,"fibre":38,"community":97,"dSub":9775,"dDc":3114,"cx":103.676632,"cy":1.303751}},{"type":"Feature","geometry":{"type":"Polygon","coordinates":[[[103.675643,1.307278],[103.67762,1.307278],[103.67762,1.309267],[103.675643,1.309267],[103.675643,1.307278]]]},"properties":{"id":"c31_40","score":43.9,"land":45,"power":0,"fibre":42,"community":99,"dSub":9709,"dDc":2918,"cx":103.676632,"cy":1.308273}},{"type":"Feature","geometry":{"type":"Polygon","coordinates":[[[103.673397,1.302756],[103.675374,1.302756],[103.675374,1.304746],[103.673397,1.304746],[103.673397,1.302756]]]},"properties":{"id":"c30_38","score":57.3,"land":88,"power":0,"fibre":33,"community":100,"dSub":10022,"dDc":3338,"cx":103.674385,"cy":1.303751}},{"type":"Feature","geometry":{"type":"Polygon","coordinates":[[[103.675643,1.300495],[103.67762,1.300495],[103.67762,1.302485],[103.675643,1.302485],[103.675643,1.300495]]]},"properties":{"id":"c31_37","score":57.3,"land":89,"power":0,"fibre":35,"community":96,"dSub":9818,"dDc":3236,"cx":103.676632,"cy":1.30149}},{"type":"Feature","geometry":{"type":"Polygon","coordinates":[[[103.680136,1.305017],[103.682113,1.305017],[103.682113,1.307007],[103.680136,1.307007],[103.680136,1.305017]]]},"properties":{"id":"c33_39","score":64.1,"land":100,"power":0,"fibre":49,"community":97,"dSub":9244,"dDc":2555,"cx":103.681124,"cy":1.306012}},{"type":"Feature","geometry":{"type":"Polygon","coordinates":[[[103.680136,1.302756],[103.682113,1.302756],[103.682113,1.304746],[103.680136,1.304746],[103.680136,1.302756]]]},"properties":{"id":"c33_38","score":63.6,"land":100,"power":0,"fibre":46,"community":97,"dSub":9282,"dDc":2680,"cx":103.681124,"cy":1.303751}},{"type":"Feature","geometry":{"type":"Polygon","coordinates":[[[103.680136,1.309539],[103.682113,1.309539],[103.682113,1.311528],[103.680136,1.311528],[103.680136,1.309539]]]},"properties":{"id":"c33_41","score":41.9,"land":36,"power":0,"fibre":53,"community":94,"dSub":9187,"dDc":2365,"cx":103.681124,"cy":1.310534}},{"type":"Feature","geometry":{"type":"Polygon","coordinates":[[[103.691368,1.305017],[103.693345,1.305017],[103.693345,1.307007],[103.691368,1.307007],[103.691368,1.305017]]]},"properties":{"id":"c38_39","score":68.4,"land":100,"power":0,"fibre":69,"community":98,"dSub":8008,"dDc":1558,"cx":103.692356,"cy":1.306012}},{"type":"Feature","geometry":{"type":"Polygon","coordinates":[[[103.691368,1.300495],[103.693345,1.300495],[103.693345,1.302485],[103.691368,1.302485],[103.691368,1.300495]]]},"properties":{"id":"c38_37","score":67.1,"land":100,"power":0,"fibre":61,"community":100,"dSub":8104,"dDc":1964,"cx":103.692356,"cy":1.30149}},{"type":"Feature","geometry":{"type":"Polygon","coordinates":[[[103.693614,1.305017],[103.695591,1.305017],[103.695591,1.307007],[103.693614,1.307007],[103.693614,1.305017]]]},"properties":{"id":"c39_39","score":59.4,"land":75,"power":0,"fibre":72,"community":94,"dSub":7761,"dDc":1408,"cx":103.694603,"cy":1.306012}},{"type":"Feature","geometry":{"type":"Polygon","coordinates":[[[103.682382,1.302756],[103.684359,1.302756],[103.684359,1.304746],[103.682382,1.304746],[103.682382,1.302756]]]},"properties":{"id":"c34_38","score":53.9,"land":68,"power":0,"fibre":51,"community":100,"dSub":9036,"dDc":2472,"cx":103.683371,"cy":1.303751}},{"type":"Feature","geometry":{"type":"Polygon","coordinates":[[[103.691368,1.302756],[103.693345,1.302756],[103.693345,1.304746],[103.691368,1.304746],[103.691368,1.302756]]]},"properties":{"id":"c38_38","score":68.0,"land":100,"power":0,"fibre":65,"community":100,"dSub":8052,"dDc":1755,"cx":103.692356,"cy":1.303751}},{"type":"Feature","geometry":{"type":"Polygon","coordinates":[[[103.682382,1.305017],[103.684359,1.305017],[103.684359,1.307007],[103.682382,1.307007],[103.682382,1.305017]]]},"properties":{"id":"c34_39","score":43.2,"land":38,"power":0,"fibre":53,"community":97,"dSub":8996,"dDc":2336,"cx":103.683371,"cy":1.306012}},{"type":"Feature","geometry":{"type":"Polygon","coordinates":[[[103.686875,1.300495],[103.688852,1.300495],[103.688852,1.302485],[103.686875,1.302485],[103.686875,1.300495]]]},"properties":{"id":"c36_37","score":65.6,"land":100,"power":0,"fibre":55,"community":98,"dSub":8592,"dDc":2264,"cx":103.687864,"cy":1.30149}},{"type":"Feature","geometry":{"type":"Polygon","coordinates":[[[103.682382,1.307278],[103.684359,1.307278],[103.684359,1.309267],[103.682382,1.309267],[103.682382,1.307278]]]},"properties":{"id":"c34_40","score":51.4,"land":60,"power":0,"fibre":56,"community":96,"dSub":8964,"dDc":2220,"cx":103.683371,"cy":1.308273}},{"type":"Feature","geometry":{"type":"Polygon","coordinates":[[[103.684629,1.300495],[103.686606,1.300495],[103.686606,1.302485],[103.684629,1.302485],[103.684629,1.300495]]]},"properties":{"id":"c35_37","score":62.9,"land":94,"power":0,"fibre":51,"community":98,"dSub":8837,"dDc":2438,"cx":103.685617,"cy":1.30149}},{"type":"Feature","geometry":{"type":"Polygon","coordinates":[[[103.684629,1.302756],[103.686606,1.302756],[103.686606,1.304746],[103.684629,1.304746],[103.684629,1.302756]]]},"properties":{"id":"c35_38","score":64.2,"land":96,"power":0,"fibre":55,"community":98,"dSub":8790,"dDc":2273,"cx":103.685617,"cy":1.303751}},{"type":"Feature","geometry":{"type":"Polygon","coordinates":[[[103.664411,1.316322],[103.666388,1.316322],[103.666388,1.318311],[103.664411,1.318311],[103.664411,1.316322]]]},"properties":{"id":"c26_44","score":59.0,"land":82,"power":0,"fibre":55,"community":97,"dSub":10902,"dDc":2259,"cx":103.6654,"cy":1.317316}},{"type":"Feature","geometry":{"type":"Polygon","coordinates":[[[103.662165,1.316322],[103.664142,1.316322],[103.664142,1.318311],[103.662165,1.318311],[103.662165,1.316322]]]},"properties":{"id":"c25_44","score":60.7,"land":84,"power":0,"fibre":58,"community":98,"dSub":11152,"dDc":2091,"cx":103.663153,"cy":1.317316}},{"type":"Feature","geometry":{"type":"Polygon","coordinates":[[[103.662165,1.318582],[103.664142,1.318582],[103.664142,1.320572],[103.662165,1.320572],[103.662165,1.318582]]]},"properties":{"id":"c25_45","score":67.2,"land":100,"power":0,"fibre":62,"community":99,"dSub":11041,"dDc":1906,"cx":103.663153,"cy":1.319577}},{"type":"Feature","geometry":{"type":"Polygon","coordinates":[[[103.664411,1.318582],[103.666388,1.318582],[103.666388,1.320572],[103.664411,1.320572],[103.664411,1.318582]]]},"properties":{"id":"c26_45","score":43.5,"land":34,"power":0,"fibre":58,"community":99,"dSub":10822,"dDc":2089,"cx":103.6654,"cy":1.319577}},{"type":"Feature","geometry":{"type":"Polygon","coordinates":[[[103.659918,1.316322],[103.661895,1.316322],[103.661895,1.318311],[103.659918,1.318311],[103.659918,1.316322]]]},"properties":{"id":"c24_44","score":43.5,"land":33,"power":0,"fibre":61,"community":98,"dSub":11381,"dDc":1941,"cx":103.660907,"cy":1.317316}},{"type":"Feature","geometry":{"type":"Polygon","coordinates":[[[103.662165,1.314061],[103.664142,1.314061],[103.664142,1.31605],[103.662165,1.31605],[103.662165,1.314061]]]},"properties":{"id":"c25_43","score":44.3,"land":40,"power":0,"fibre":54,"community":98,"dSub":11156,"dDc":2289,"cx":103.663153,"cy":1.315055}},{"type":"Feature","geometry":{"type":"Polygon","coordinates":[[[103.657672,1.316322],[103.659649,1.316322],[103.659649,1.318311],[103.657672,1.318311],[103.657672,1.316322]]]},"properties":{"id":"c23_44","score":45.0,"land":36,"power":0,"fibre":64,"community":98,"dSub":11600,"dDc":1813,"cx":103.65866,"cy":1.317316}},{"type":"Feature","geometry":{"type":"Polygon","coordinates":[[[103.668904,1.318582],[103.670881,1.318582],[103.670881,1.320572],[103.668904,1.320572],[103.668904,1.318582]]]},"properties":{"id":"c28_45","score":52.3,"land":65,"power":0,"fibre":50,"community":98,"dSub":10388,"dDc":2490,"cx":103.669892,"cy":1.319577}},{"type":"Feature","geometry":{"type":"Polygon","coordinates":[[[103.666658,1.318582],[103.668634,1.318582],[103.668634,1.320572],[103.666658,1.320572],[103.666658,1.318582]]]},"properties":{"id":"c27_45","score":57.2,"land":76,"power":0,"fibre":54,"community":99,"dSub":10604,"dDc":2285,"cx":103.667646,"cy":1.319577}},{"type":"Feature","geometry":{"type":"Polygon","coordinates":[[[103.668904,1.316322],[103.670881,1.316322],[103.670881,1.318311],[103.668904,1.318311],[103.668904,1.316322]]]},"properties":{"id":"c28_44","score":60.0,"land":89,"power":0,"fibre":47,"community":97,"dSub":10402,"dDc":2635,"cx":103.669892,"cy":1.317316}},{"type":"Feature","geometry":{"type":"Polygon","coordinates":[[[103.668904,1.320843],[103.670881,1.320843],[103.670881,1.322833],[103.668904,1.322833],[103.668904,1.320843]]]},"properties":{"id":"c28_46","score":65.5,"land":100,"power":0,"fibre":53,"community":100,"dSub":10264,"dDc":2363,"cx":103.669892,"cy":1.321838}},{"type":"Feature","geometry":{"type":"Polygon","coordinates":[[[103.666658,1.316322],[103.668634,1.316322],[103.668634,1.318311],[103.666658,1.318311],[103.666658,1.316322]]]},"properties":{"id":"c27_44","score":48.4,"land":53,"power":0,"fibre":51,"community":98,"dSub":10652,"dDc":2442,"cx":103.667646,"cy":1.317316}},{"type":"Feature","geometry":{"type":"Polygon","coordinates":[[[103.659918,1.314061],[103.661895,1.314061],[103.661895,1.31605],[103.659918,1.31605],[103.659918,1.314061]]]},"properties":{"id":"c24_43","score":58.5,"land":78,"power":0,"fibre":57,"community":99,"dSub":11406,"dDc":2153,"cx":103.660907,"cy":1.315055}},{"type":"Feature","geometry":{"type":"Polygon","coordinates":[[[103.659918,1.3118],[103.661895,1.3118],[103.661895,1.313789],[103.659918,1.313789],[103.659918,1.3118]]]},"properties":{"id":"c24_42","score":56.2,"land":73,"power":0,"fibre":53,"community":100,"dSub":11415,"dDc":2372,"cx":103.660907,"cy":1.312794}},{"type":"Feature","geometry":{"type":"Polygon","coordinates":[[[103.662165,1.3118],[103.664142,1.3118],[103.664142,1.313789],[103.662165,1.313789],[103.662165,1.3118]]]},"properties":{"id":"c25_42","score":46.6,"land":48,"power":0,"fibre":50,"community":99,"dSub":11165,"dDc":2496,"cx":103.663153,"cy":1.312794}},{"type":"Feature","geometry":{"type":"Polygon","coordinates":[[[103.657672,1.3118],[103.659649,1.3118],[103.659649,1.313789],[103.657672,1.313789],[103.657672,1.3118]]]},"properties":{"id":"c23_42","score":62.1,"land":90,"power":0,"fibre":55,"community":98,"dSub":11665,"dDc":2268,"cx":103.65866,"cy":1.312794}},{"type":"Feature","geometry":{"type":"Polygon","coordinates":[[[103.659918,1.309539],[103.661895,1.309539],[103.661895,1.311528],[103.659918,1.311528],[103.659918,1.309539]]]},"properties":{"id":"c24_41","score":61.0,"land":92,"power":0,"fibre":48,"community":97,"dSub":11430,"dDc":2597,"cx":103.660907,"cy":1.310534}},{"type":"Feature","geometry":{"type":"Polygon","coordinates":[[[103.664411,1.314061],[103.666388,1.314061],[103.666388,1.31605],[103.664411,1.31605],[103.664411,1.314061]]]},"properties":{"id":"c26_43","score":55.5,"land":74,"power":0,"fibre":51,"community":97,"dSub":10906,"dDc":2444,"cx":103.6654,"cy":1.315055}},{"type":"Feature","geometry":{"type":"Polygon","coordinates":[[[103.693614,1.325365],[103.695591,1.325365],[103.695591,1.327355],[103.693614,1.327355],[103.693614,1.325365]]]},"properties":{"id":"c39_48","score":67.5,"land":92,"power":0,"fibre":81,"community":95,"dSub":7672,"dDc":933,"cx":103.694603,"cy":1.32636}},{"type":"Feature","geometry":{"type":"Polygon","coordinates":[[[103.693614,1.323104],[103.695591,1.323104],[103.695591,1.325094],[103.693614,1.325094],[103.693614,1.323104]]]},"properties":{"id":"c39_47","score":67.6,"land":90,"power":0,"fibre":84,"community":96,"dSub":7684,"dDc":810,"cx":103.694603,"cy":1.324099}},{"type":"Feature","geometry":{"type":"Polygon","coordinates":[[[103.691368,1.325365],[103.693345,1.325365],[103.693345,1.327355],[103.691368,1.327355],[103.691368,1.325365]]]},"properties":{"id":"c38_48","score":53.0,"land":54,"power":0,"fibre":77,"community":93,"dSub":7876,"dDc":1144,"cx":103.692356,"cy":1.32636}},{"type":"Feature","geometry":{"type":"Polygon","coordinates":[[[103.691368,1.323104],[103.693345,1.323104],[103.693345,1.325094],[103.691368,1.325094],[103.691368,1.323104]]]},"properties":{"id":"c38_47","score":61.2,"land":75,"power":0,"fibre":79,"community":96,"dSub":7933,"dDc":1046,"cx":103.692356,"cy":1.324099}},{"type":"Feature","geometry":{"type":"Polygon","coordinates":[[[103.689122,1.325365],[103.691098,1.325365],[103.691098,1.327355],[103.689122,1.327355],[103.689122,1.325365]]]},"properties":{"id":"c37_48","score":50.7,"land":49,"power":0,"fibre":73,"community":95,"dSub":8082,"dDc":1368,"cx":103.69011,"cy":1.32636}},{"type":"Feature","geometry":{"type":"Polygon","coordinates":[[[103.686875,1.325365],[103.688852,1.325365],[103.688852,1.327355],[103.686875,1.327355],[103.686875,1.325365]]]},"properties":{"id":"c36_48","score":42.7,"land":28,"power":0,"fibre":68,"community":97,"dSub":8291,"dDc":1600,"cx":103.687864,"cy":1.32636}},{"type":"Feature","geometry":{"type":"Polygon","coordinates":[[[103.689122,1.327626],[103.691098,1.327626],[103.691098,1.329616],[103.689122,1.329616],[103.689122,1.327626]]]},"properties":{"id":"c37_49","score":50.9,"land":51,"power":0,"fibre":70,"community":95,"dSub":7946,"dDc":1486,"cx":103.69011,"cy":1.328621}},{"type":"Feature","geometry":{"type":"Polygon","coordinates":[[[103.684629,1.325365],[103.686606,1.325365],[103.686606,1.327355],[103.684629,1.327355],[103.684629,1.325365]]]},"properties":{"id":"c35_48","score":48.3,"land":45,"power":0,"fibre":63,"community":99,"dSub":8502,"dDc":1836,"cx":103.685617,"cy":1.32636}},{"type":"Feature","geometry":{"type":"Polygon","coordinates":[[[103.682382,1.323104],[103.684359,1.323104],[103.684359,1.325094],[103.682382,1.325094],[103.682382,1.323104]]]},"properties":{"id":"c34_47","score":62.9,"land":89,"power":0,"fibre":60,"community":99,"dSub":8847,"dDc":2024,"cx":103.683371,"cy":1.324099}},{"type":"Feature","geometry":{"type":"Polygon","coordinates":[[[103.682382,1.325365],[103.684359,1.325365],[103.684359,1.327355],[103.682382,1.327355],[103.682382,1.325365]]]},"properties":{"id":"c34_48","score":50.1,"land":53,"power":0,"fibre":58,"community":99,"dSub":8715,"dDc":2076,"cx":103.683371,"cy":1.32636}},{"type":"Feature","geometry":{"type":"Polygon","coordinates":[[[103.680136,1.325365],[103.682113,1.325365],[103.682113,1.327355],[103.680136,1.327355],[103.680136,1.325365]]]},"properties":{"id":"c33_48","score":53.9,"land":67,"power":0,"fibre":54,"community":99,"dSub":8930,"dDc":2318,"cx":103.681124,"cy":1.32636}},{"type":"Feature","geometry":{"type":"Polygon","coordinates":[[[103.691368,1.320843],[103.693345,1.320843],[103.693345,1.322833],[103.691368,1.322833],[103.691368,1.320843]]]},"properties":{"id":"c38_46","score":70.0,"land":98,"power":0,"fibre":80,"community":98,"dSub":7915,"dDc":1003,"cx":103.692356,"cy":1.321838}},{"type":"Feature","geometry":{"type":"Polygon","coordinates":[[[103.689122,1.320843],[103.691098,1.320843],[103.691098,1.322833],[103.689122,1.322833],[103.689122,1.320843]]]},"properties":{"id":"c37_46","score":69.1,"land":98,"power":0,"fibre":75,"community":98,"dSub":8164,"dDc":1252,"cx":103.69011,"cy":1.321838}},{"type":"Feature","geometry":{"type":"Polygon","coordinates":[[[103.686875,1.320843],[103.688852,1.320843],[103.688852,1.322833],[103.686875,1.322833],[103.686875,1.320843]]]},"properties":{"id":"c36_46","score":65.5,"land":90,"power":0,"fibre":70,"community":100,"dSub":8414,"dDc":1502,"cx":103.687864,"cy":1.321838}},{"type":"Feature","geometry":{"type":"Polygon","coordinates":[[[103.691368,1.318582],[103.693345,1.318582],[103.693345,1.320572],[103.691368,1.320572],[103.691368,1.318582]]]},"properties":{"id":"c38_45","score":60.9,"land":72,"power":0,"fibre":80,"community":98,"dSub":7904,"dDc":1021,"cx":103.692356,"cy":1.319577}},{"type":"Feature","geometry":{"type":"Polygon","coordinates":[[[103.693614,1.318582],[103.695591,1.318582],[103.695591,1.320572],[103.693614,1.320572],[103.693614,1.318582]]]},"properties":{"id":"c39_45","score":65.8,"land":84,"power":0,"fibre":84,"community":98,"dSub":7655,"dDc":777,"cx":103.694603,"cy":1.319577}},{"type":"Feature","geometry":{"type":"Polygon","coordinates":[[[103.666658,1.314061],[103.668634,1.314061],[103.668634,1.31605],[103.666658,1.31605],[103.666658,1.314061]]]},"properties":{"id":"c27_43","score":42.0,"land":37,"power":0,"fibre":48,"community":98,"dSub":10656,"dDc":2613,"cx":103.667646,"cy":1.315055}},{"type":"Feature","geometry":{"type":"Polygon","coordinates":[[[103.668904,1.314061],[103.670881,1.314061],[103.670881,1.31605],[103.668904,1.31605],[103.668904,1.314061]]]},"properties":{"id":"c28_43","score":63.3,"land":100,"power":0,"fibre":44,"community":97,"dSub":10406,"dDc":2794,"cx":103.669892,"cy":1.315055}},{"type":"Feature","geometry":{"type":"Polygon","coordinates":[[[103.664411,1.3118],[103.666388,1.3118],[103.666388,1.313789],[103.664411,1.313789],[103.664411,1.3118]]]},"properties":{"id":"c26_42","score":60.3,"land":90,"power":0,"fibre":47,"community":98,"dSub":10916,"dDc":2639,"cx":103.6654,"cy":1.312794}},{"type":"Feature","geometry":{"type":"Polygon","coordinates":[[[103.664411,1.309539],[103.666388,1.309539],[103.666388,1.311528],[103.664411,1.311528],[103.664411,1.309539]]]},"properties":{"id":"c26_41","score":51.9,"land":67,"power":0,"fibre":43,"community":98,"dSub":10931,"dDc":2842,"cx":103.6654,"cy":1.310534}},{"type":"Feature","geometry":{"type":"Polygon","coordinates":[[[103.668904,1.309539],[103.670881,1.309539],[103.670881,1.311528],[103.668904,1.311528],[103.668904,1.309539]]]},"properties":{"id":"c28_41","score":42.2,"land":43,"power":0,"fibre":37,"community":99,"dSub":10433,"dDc":3149,"cx":103.669892,"cy":1.310534}},{"type":"Feature","geometry":{"type":"Polygon","coordinates":[[[103.67115,1.3118],[103.673127,1.3118],[103.673127,1.313789],[103.67115,1.313789],[103.67115,1.3118]]]},"properties":{"id":"c29_42","score":57.9,"land":87,"power":0,"fibre":37,"community":99,"dSub":10167,"dDc":3148,"cx":103.672139,"cy":1.312794}},{"type":"Feature","geometry":{"type":"Polygon","coordinates":[[[103.662165,1.309539],[103.664142,1.309539],[103.664142,1.311528],[103.662165,1.311528],[103.662165,1.309539]]]},"properties":{"id":"c25_41","score":57.6,"land":83,"power":0,"fibre":46,"community":97,"dSub":11181,"dDc":2711,"cx":103.663153,"cy":1.310534}},{"type":"Feature","geometry":{"type":"Polygon","coordinates":[[[103.67115,1.309539],[103.673127,1.309539],[103.673127,1.311528],[103.67115,1.311528],[103.67115,1.309539]]]},"properties":{"id":"c29_41","score":61.6,"land":100,"power":0,"fibre":34,"community":99,"dSub":10183,"dDc":3320,"cx":103.672139,"cy":1.310534}},{"type":"Feature","geometry":{"type":"Polygon","coordinates":[[[103.673397,1.316322],[103.675374,1.316322],[103.675374,1.318311],[103.673397,1.318311],[103.673397,1.316322]]]},"properties":{"id":"c30_44","score":55.3,"land":80,"power":0,"fibre":40,"community":97,"dSub":9902,"dDc":3016,"cx":103.674385,"cy":1.317316}},{"type":"Feature","geometry":{"type":"Polygon","coordinates":[[[103.67115,1.316322],[103.673127,1.316322],[103.673127,1.318311],[103.67115,1.318311],[103.67115,1.316322]]]},"properties":{"id":"c29_44","score":56.8,"land":82,"power":0,"fibre":43,"community":97,"dSub":10152,"dDc":2837,"cx":103.672139,"cy":1.317316}},{"type":"Feature","geometry":{"type":"Polygon","coordinates":[[[103.673397,1.314061],[103.675374,1.314061],[103.675374,1.31605],[103.673397,1.31605],[103.673397,1.314061]]]},"properties":{"id":"c30_43","score":53.0,"land":73,"power":0,"fibre":40,"community":97,"dSub":9906,"dDc":3021,"cx":103.674385,"cy":1.315055}},{"type":"Feature","geometry":{"type":"Polygon","coordinates":[[[103.675643,1.316322],[103.67762,1.316322],[103.67762,1.318311],[103.675643,1.318311],[103.675643,1.316322]]]},"properties":{"id":"c31_44","score":56.1,"land":78,"power":0,"fibre":45,"community":99,"dSub":9652,"dDc":2766,"cx":103.676632,"cy":1.317316}},{"type":"Feature","geometry":{"type":"Polygon","coordinates":[[[103.673397,1.3118],[103.675374,1.3118],[103.675374,1.313789],[103.673397,1.313789],[103.673397,1.3118]]]},"properties":{"id":"c30_42","score":54.4,"land":76,"power":0,"fibre":39,"community":99,"dSub":9917,"dDc":3046,"cx":103.674385,"cy":1.312794}},{"type":"Feature","geometry":{"type":"Polygon","coordinates":[[[103.675643,1.318582],[103.67762,1.318582],[103.67762,1.320572],[103.675643,1.320572],[103.675643,1.318582]]]},"properties":{"id":"c31_45","score":46.8,"land":52,"power":0,"fibre":45,"community":99,"dSub":9654,"dDc":2758,"cx":103.676632,"cy":1.319577}},{"type":"Feature","geometry":{"type":"Polygon","coordinates":[[[103.675643,1.314061],[103.67762,1.314061],[103.67762,1.31605],[103.675643,1.31605],[103.675643,1.314061]]]},"properties":{"id":"c31_43","score":60.6,"land":91,"power":0,"fibre":45,"community":98,"dSub":9657,"dDc":2771,"cx":103.676632,"cy":1.315055}},{"type":"Feature","geometry":{"type":"Polygon","coordinates":[[[103.673397,1.318582],[103.675374,1.318582],[103.675374,1.320572],[103.673397,1.320572],[103.673397,1.318582]]]},"properties":{"id":"c30_45","score":62.9,"land":100,"power":0,"fibre":42,"community":98,"dSub":9904,"dDc":2922,"cx":103.674385,"cy":1.319577}},{"type":"Feature","geometry":{"type":"Polygon","coordinates":[[[103.675643,1.320843],[103.67762,1.320843],[103.67762,1.322833],[103.675643,1.322833],[103.675643,1.320843]]]},"properties":{"id":"c31_46","score":64.0,"land":100,"power":0,"fibre":45,"community":100,"dSub":9616,"dDc":2752,"cx":103.676632,"cy":1.321838}},{"type":"Feature","geometry":{"type":"Polygon","coordinates":[[[103.67789,1.318582],[103.679866,1.318582],[103.679866,1.320572],[103.67789,1.320572],[103.67789,1.318582]]]},"properties":{"id":"c32_45","score":45.7,"land":45,"power":0,"fibre":50,"community":100,"dSub":9404,"dDc":2509,"cx":103.678878,"cy":1.319577}},{"type":"Feature","geometry":{"type":"Polygon","coordinates":[[[103.67789,1.316322],[103.679866,1.316322],[103.679866,1.318311],[103.67789,1.318311],[103.67789,1.316322]]]},"properties":{"id":"c32_44","score":60.4,"land":87,"power":0,"fibre":50,"community":100,"dSub":9402,"dDc":2516,"cx":103.678878,"cy":1.317316}},{"type":"Feature","geometry":{"type":"Polygon","coordinates":[[[103.680136,1.314061],[103.682113,1.314061],[103.682113,1.31605],[103.680136,1.31605],[103.680136,1.314061]]]},"properties":{"id":"c33_43","score":45.0,"land":41,"power":0,"fibre":55,"community":98,"dSub":9157,"dDc":2272,"cx":103.681124,"cy":1.315055}},{"type":"Feature","geometry":{"type":"Polygon","coordinates":[[[103.67789,1.314061],[103.679866,1.314061],[103.679866,1.31605],[103.67789,1.31605],[103.67789,1.314061]]]},"properties":{"id":"c32_43","score":46.1,"land":47,"power":0,"fibre":50,"community":99,"dSub":9407,"dDc":2522,"cx":103.678878,"cy":1.315055}},{"type":"Feature","geometry":{"type":"Polygon","coordinates":[[[103.67789,1.309539],[103.679866,1.309539],[103.679866,1.311528],[103.67789,1.311528],[103.67789,1.309539]]]},"properties":{"id":"c32_41","score":53.4,"land":69,"power":0,"fibre":48,"community":98,"dSub":9436,"dDc":2606,"cx":103.678878,"cy":1.310534}},{"type":"Feature","geometry":{"type":"Polygon","coordinates":[[[103.680136,1.316322],[103.682113,1.316322],[103.682113,1.318311],[103.680136,1.318311],[103.680136,1.316322]]]},"properties":{"id":"c33_44","score":53.9,"land":66,"power":0,"fibre":55,"community":99,"dSub":9152,"dDc":2266,"cx":103.681124,"cy":1.317316}},{"type":"Feature","geometry":{"type":"Polygon","coordinates":[[[103.686875,1.316322],[103.688852,1.316322],[103.688852,1.318311],[103.686875,1.318311],[103.686875,1.316322]]]},"properties":{"id":"c36_44","score":61.1,"land":79,"power":0,"fibre":70,"community":98,"dSub":8402,"dDc":1517,"cx":103.687864,"cy":1.317316}},{"type":"Feature","geometry":{"type":"Polygon","coordinates":[[[103.680136,1.3118],[103.682113,1.3118],[103.682113,1.313789],[103.680136,1.313789],[103.680136,1.3118]]]},"properties":{"id":"c33_42","score":55.0,"land":71,"power":0,"fibre":54,"community":97,"dSub":9168,"dDc":2306,"cx":103.681124,"cy":1.312794}},{"type":"Feature","geometry":{"type":"Polygon","coordinates":[[[103.67789,1.3118],[103.679866,1.3118],[103.679866,1.313789],[103.67789,1.313789],[103.67789,1.3118]]]},"properties":{"id":"c32_42","score":50.1,"land":59,"power":0,"fibre":49,"community":99,"dSub":9418,"dDc":2552,"cx":103.678878,"cy":1.312794}},{"type":"Feature","geometry":{"type":"Polygon","coordinates":[[[103.682382,1.316322],[103.684359,1.316322],[103.684359,1.318311],[103.682382,1.318311],[103.682382,1.316322]]]},"properties":{"id":"c34_44","score":60.6,"land":83,"power":0,"fibre":60,"community":98,"dSub":8902,"dDc":2016,"cx":103.683371,"cy":1.317316}},{"type":"Feature","geometry":{"type":"Polygon","coordinates":[[[103.691368,1.3118],[103.693345,1.3118],[103.693345,1.313789],[103.691368,1.313789],[103.691368,1.3118]]]},"properties":{"id":"c38_42","score":70.4,"land":100,"power":0,"fibre":78,"community":99,"dSub":7921,"dDc":1103,"cx":103.692356,"cy":1.312794}},{"type":"Feature","geometry":{"type":"Polygon","coordinates":[[[103.693614,1.316322],[103.695591,1.316322],[103.695591,1.318311],[103.693614,1.318311],[103.693614,1.316322]]]},"properties":{"id":"c39_44","score":70.6,"land":97,"power":0,"fibre":85,"community":98,"dSub":7652,"dDc":768,"cx":103.694603,"cy":1.317316}},{"type":"Feature","geometry":{"type":"Polygon","coordinates":[[[103.684629,1.327626],[103.686606,1.327626],[103.686606,1.329616],[103.684629,1.329616],[103.684629,1.327626]]]},"properties":{"id":"c35_49","score":63.5,"land":91,"power":0,"fibre":61,"community":97,"dSub":8372,"dDc":1926,"cx":103.685617,"cy":1.328621}},{"type":"Feature","geometry":{"type":"Polygon","coordinates":[[[103.682382,1.327626],[103.684359,1.327626],[103.684359,1.329616],[103.682382,1.329616],[103.682382,1.327626]]]},"properties":{"id":"c34_49","score":44.2,"land":38,"power":0,"fibre":57,"community":98,"dSub":8589,"dDc":2156,"cx":103.683371,"cy":1.328621}},{"type":"Feature","geometry":{"type":"Polygon","coordinates":[[[103.686875,1.327626],[103.688852,1.327626],[103.688852,1.329616],[103.686875,1.329616],[103.686875,1.327626]]]},"properties":{"id":"c36_49","score":58.9,"land":76,"power":0,"fibre":66,"community":95,"dSub":8158,"dDc":1702,"cx":103.687864,"cy":1.328621}},{"type":"Feature","geometry":{"type":"Polygon","coordinates":[[[103.691368,1.327626],[103.693345,1.327626],[103.693345,1.329616],[103.691368,1.329616],[103.691368,1.327626]]]},"properties":{"id":"c38_49","score":50.0,"land":47,"power":0,"fibre":74,"community":94,"dSub":7736,"dDc":1283,"cx":103.692356,"cy":1.328621}},{"type":"Feature","geometry":{"type":"Polygon","coordinates":[[[103.693614,1.329887],[103.695591,1.329887],[103.695591,1.331877],[103.693614,1.331877],[103.693614,1.329887]]]},"properties":{"id":"c39_50","score":49.9,"land":45,"power":0,"fibre":74,"community":96,"dSub":7390,"dDc":1293,"cx":103.694603,"cy":1.330882}},{"type":"Feature","geometry":{"type":"Polygon","coordinates":[[[103.693614,1.332148],[103.695591,1.332148],[103.695591,1.334138],[103.693614,1.334138],[103.693614,1.332148]]]},"properties":{"id":"c39_51","score":44.0,"land":37,"power":0,"fibre":70,"community":85,"dSub":7257,"dDc":1504,"cx":103.694603,"cy":1.333143}},{"type":"Feature","geometry":{"type":"Polygon","coordinates":[[[103.673397,1.327626],[103.675374,1.327626],[103.675374,1.329616],[103.673397,1.329616],[103.673397,1.327626]]]},"properties":{"id":"c30_49","score":55.1,"land":74,"power":0,"fibre":48,"community":99,"dSub":9471,"dDc":2612,"cx":103.674385,"cy":1.328621}},{"type":"Feature","geometry":{"type":"Polygon","coordinates":[[[103.675643,1.327626],[103.67762,1.327626],[103.67762,1.329616],[103.675643,1.329616],[103.675643,1.327626]]]},"properties":{"id":"c31_49","score":61.7,"land":95,"power":0,"fibre":43,"community":99,"dSub":9248,"dDc":2860,"cx":103.676632,"cy":1.328621}},{"type":"Feature","geometry":{"type":"Polygon","coordinates":[[[103.67115,1.327626],[103.673127,1.327626],[103.673127,1.329616],[103.67115,1.329616],[103.67115,1.327626]]]},"properties":{"id":"c29_49","score":48.3,"land":52,"power":0,"fibre":53,"community":97,"dSub":9695,"dDc":2365,"cx":103.672139,"cy":1.328621}},{"type":"Feature","geometry":{"type":"Polygon","coordinates":[[[103.664411,1.323104],[103.666388,1.323104],[103.666388,1.325094],[103.664411,1.325094],[103.664411,1.323104]]]},"properties":{"id":"c26_47","score":67.8,"land":100,"power":0,"fibre":64,"community":100,"dSub":10589,"dDc":1804,"cx":103.6654,"cy":1.324099}},{"type":"Feature","geometry":{"type":"Polygon","coordinates":[[[103.668904,1.327626],[103.670881,1.327626],[103.670881,1.329616],[103.668904,1.329616],[103.668904,1.327626]]]},"properties":{"id":"c28_49","score":49.6,"land":54,"power":0,"fibre":58,"community":97,"dSub":9920,"dDc":2118,"cx":103.669892,"cy":1.328621}},{"type":"Feature","geometry":{"type":"Polygon","coordinates":[[[103.666658,1.325365],[103.668634,1.325365],[103.668634,1.327355],[103.666658,1.327355],[103.666658,1.325365]]]},"properties":{"id":"c27_48","score":63.0,"land":88,"power":0,"fibre":61,"community":100,"dSub":10254,"dDc":1935,"cx":103.667646,"cy":1.32636}},{"type":"Feature","geometry":{"type":"Polygon","coordinates":[[[103.67115,1.325365],[103.673127,1.325365],[103.673127,1.327355],[103.67115,1.327355],[103.67115,1.325365]]]},"properties":{"id":"c29_48","score":44.1,"land":40,"power":0,"fibre":52,"community":100,"dSub":9807,"dDc":2415,"cx":103.672139,"cy":1.32636}},{"type":"Feature","geometry":{"type":"Polygon","coordinates":[[[103.673397,1.325365],[103.675374,1.325365],[103.675374,1.327355],[103.673397,1.327355],[103.673397,1.325365]]]},"properties":{"id":"c30_48","score":59.3,"land":86,"power":0,"fibre":47,"community":99,"dSub":9585,"dDc":2658,"cx":103.674385,"cy":1.32636}},{"type":"Feature","geometry":{"type":"Polygon","coordinates":[[[103.675643,1.325365],[103.67762,1.325365],[103.67762,1.327355],[103.675643,1.327355],[103.675643,1.325365]]]},"properties":{"id":"c31_48","score":56.5,"land":80,"power":0,"fibre":44,"community":99,"dSub":9365,"dDc":2806,"cx":103.676632,"cy":1.32636}},{"type":"Feature","geometry":{"type":"Polygon","coordinates":[[[103.675643,1.323104],[103.67762,1.323104],[103.67762,1.325094],[103.675643,1.325094],[103.675643,1.323104]]]},"properties":{"id":"c31_47","score":45.9,"land":49,"power":0,"fibre":45,"community":100,"dSub":9488,"dDc":2768,"cx":103.676632,"cy":1.324099}},{"type":"Feature","geometry":{"type":"Polygon","coordinates":[[[103.668904,1.325365],[103.670881,1.325365],[103.670881,1.327355],[103.668904,1.327355],[103.668904,1.325365]]]},"properties":{"id":"c28_48","score":53.0,"land":62,"power":0,"fibre":57,"community":100,"dSub":10030,"dDc":2174,"cx":103.669892,"cy":1.32636}},{"type":"Feature","geometry":{"type":"Polygon","coordinates":[[[103.668904,1.323104],[103.670881,1.323104],[103.670881,1.325094],[103.668904,1.325094],[103.668904,1.323104]]]},"properties":{"id":"c28_47","score":56.7,"land":74,"power":0,"fibre":55,"community":100,"dSub":10144,"dDc":2257,"cx":103.669892,"cy":1.324099}},{"type":"Feature","geometry":{"type":"Polygon","coordinates":[[[103.67115,1.323104],[103.673127,1.323104],[103.673127,1.325094],[103.67115,1.325094],[103.67115,1.323104]]]},"properties":{"id":"c29_47","score":49.1,"land":54,"power":0,"fibre":50,"community":100,"dSub":9924,"dDc":2490,"cx":103.672139,"cy":1.324099}},{"type":"Feature","geometry":{"type":"Polygon","coordinates":[[[103.666658,1.323104],[103.668634,1.323104],[103.668634,1.325094],[103.666658,1.325094],[103.666658,1.323104]]]},"properties":{"id":"c27_47","score":48.4,"land":47,"power":0,"fibre":59,"community":100,"dSub":10366,"dDc":2028,"cx":103.667646,"cy":1.324099}},{"type":"Feature","geometry":{"type":"Polygon","coordinates":[[[103.673397,1.323104],[103.675374,1.323104],[103.675374,1.325094],[103.673397,1.325094],[103.673397,1.323104]]]},"properties":{"id":"c30_47","score":59.3,"land":86,"power":0,"fibre":45,"community":100,"dSub":9705,"dDc":2726,"cx":103.674385,"cy":1.324099}},{"type":"Feature","geometry":{"type":"Polygon","coordinates":[[[103.666658,1.320843],[103.668634,1.320843],[103.668634,1.322833],[103.666658,1.322833],[103.666658,1.320843]]]},"properties":{"id":"c27_46","score":66.4,"land":100,"power":0,"fibre":57,"community":100,"dSub":10483,"dDc":2146,"cx":103.667646,"cy":1.321838}},{"type":"Feature","geometry":{"type":"Polygon","coordinates":[[[103.626222,1.305017],[103.628199,1.305017],[103.628199,1.307007],[103.626222,1.307007],[103.626222,1.305017]]]},"properties":{"id":"c9_39","score":59.3,"land":100,"power":0,"fibre":22,"community":100,"dSub":15208,"dDc":3906,"cx":103.627211,"cy":1.306012}},{"type":"Feature","geometry":{"type":"Polygon","coordinates":[[[103.626222,1.307278],[103.628199,1.307278],[103.628199,1.309267],[103.626222,1.309267],[103.626222,1.307278]]]},"properties":{"id":"c9_40","score":59.3,"land":98,"power":0,"fibre":25,"community":100,"dSub":15176,"dDc":3727,"cx":103.627211,"cy":1.308273}},{"type":"Feature","geometry":{"type":"Polygon","coordinates":[[[103.626222,1.302756],[103.628199,1.302756],[103.628199,1.304746],[103.626222,1.304746],[103.626222,1.302756]]]},"properties":{"id":"c9_38","score":56.3,"land":94,"power":0,"fibre":18,"community":99,"dSub":15231,"dDc":4092,"cx":103.627211,"cy":1.303751}},{"type":"Feature","geometry":{"type":"Polygon","coordinates":[[[103.67789,1.257537],[103.679866,1.257537],[103.679866,1.259527],[103.67789,1.259527],[103.67789,1.257537]]]},"properties":{"id":"c32_18","score":52.6,"land":95,"power":0,"fibre":0,"community":97,"dSub":11458,"dDc":6906,"cx":103.678878,"cy":1.258532}},{"type":"Feature","geometry":{"type":"Polygon","coordinates":[[[103.680136,1.257537],[103.682113,1.257537],[103.682113,1.259527],[103.680136,1.259527],[103.680136,1.257537]]]},"properties":{"id":"c33_18","score":50.7,"land":88,"power":0,"fibre":0,"community":99,"dSub":11254,"dDc":6819,"cx":103.681124,"cy":1.258532}},{"type":"Feature","geometry":{"type":"Polygon","coordinates":[[[103.682382,1.257537],[103.684359,1.257537],[103.684359,1.259527],[103.682382,1.259527],[103.682382,1.257537]]]},"properties":{"id":"c34_18","score":54.6,"land":100,"power":0,"fibre":0,"community":98,"dSub":11052,"dDc":6740,"cx":103.683371,"cy":1.258532}},{"type":"Feature","geometry":{"type":"Polygon","coordinates":[[[103.67789,1.262059],[103.679866,1.262059],[103.679866,1.264049],[103.67789,1.264049],[103.67789,1.262059]]]},"properties":{"id":"c32_20","score":48.2,"land":82,"power":0,"fibre":0,"community":98,"dSub":11180,"dDc":6443,"cx":103.678878,"cy":1.263054}},{"type":"Feature","geometry":{"type":"Polygon","coordinates":[[[103.62173,1.271103],[103.623706,1.271103],[103.623706,1.273093],[103.62173,1.273093],[103.62173,1.271103]]]},"properties":{"id":"c7_24","score":54.6,"land":100,"power":0,"fibre":0,"community":98,"dSub":16446,"dDc":7326,"cx":103.622718,"cy":1.272098}},{"type":"Feature","geometry":{"type":"Polygon","coordinates":[[[103.623976,1.273364],[103.625953,1.273364],[103.625953,1.275354],[103.623976,1.275354],[103.623976,1.273364]]]},"properties":{"id":"c8_25","score":54.1,"land":98,"power":0,"fibre":0,"community":99,"dSub":16132,"dDc":6993,"cx":103.624964,"cy":1.274359}},{"type":"Feature","geometry":{"type":"Polygon","coordinates":[[[103.623976,1.271103],[103.625953,1.271103],[103.625953,1.273093],[103.623976,1.273093],[103.623976,1.271103]]]},"properties":{"id":"c8_24","score":44.2,"land":72,"power":0,"fibre":0,"community":95,"dSub":16208,"dDc":7221,"cx":103.624964,"cy":1.272098}},{"type":"Feature","geometry":{"type":"Polygon","coordinates":[[[103.62173,1.273364],[103.623706,1.273364],[103.623706,1.275354],[103.62173,1.275354],[103.62173,1.273364]]]},"properties":{"id":"c7_25","score":54.2,"land":100,"power":0,"fibre":0,"community":97,"dSub":16371,"dDc":7101,"cx":103.622718,"cy":1.274359}},{"type":"Feature","geometry":{"type":"Polygon","coordinates":[[[103.644194,1.33667],[103.64617,1.33667],[103.64617,1.33866],[103.644194,1.33866],[103.644194,1.33667]]]},"properties":{"id":"c17_53","score":69.3,"land":96,"power":0,"fibre":82,"community":97,"dSub":12156,"dDc":923,"cx":103.645182,"cy":1.337665}},{"type":"Feature","geometry":{"type":"Polygon","coordinates":[[[103.628469,1.318582],[103.630446,1.318582],[103.630446,1.320572],[103.628469,1.320572],[103.628469,1.318582]]]},"properties":{"id":"c10_45","score":62.3,"land":98,"power":0,"fibre":45,"community":95,"dSub":14451,"dDc":2768,"cx":103.629457,"cy":1.319577}},{"type":"Feature","geometry":{"type":"Polygon","coordinates":[[[103.637454,1.33667],[103.639431,1.33667],[103.639431,1.33866],[103.637454,1.33866],[103.637454,1.33667]]]},"properties":{"id":"c14_53","score":67.9,"land":98,"power":0,"fibre":69,"community":99,"dSub":12880,"dDc":1552,"cx":103.638443,"cy":1.337665}},{"type":"Feature","geometry":{"type":"Polygon","coordinates":[[[103.628469,1.307278],[103.630446,1.307278],[103.630446,1.309267],[103.628469,1.309267],[103.628469,1.307278]]]},"properties":{"id":"c10_40","score":42.4,"land":48,"power":0,"fibre":29,"community":100,"dSub":14939,"dDc":3553,"cx":103.629457,"cy":1.308273}},{"type":"Feature","geometry":{"type":"Polygon","coordinates":[[[103.630715,1.307278],[103.632692,1.307278],[103.632692,1.309267],[103.630715,1.309267],[103.630715,1.307278]]]},"properties":{"id":"c11_40","score":47.5,"land":60,"power":0,"fibre":32,"community":100,"dSub":14689,"dDc":3388,"cx":103.631704,"cy":1.308273}},{"type":"Feature","geometry":{"type":"Polygon","coordinates":[[[103.626222,1.295973],[103.628199,1.295973],[103.628199,1.297963],[103.626222,1.297963],[103.626222,1.295973]]]},"properties":{"id":"c9_35","score":56.0,"land":100,"power":0,"fibre":6,"community":99,"dSub":15325,"dDc":4687,"cx":103.627211,"cy":1.296968}},{"type":"Feature","geometry":{"type":"Polygon","coordinates":[[[103.623976,1.298234],[103.625953,1.298234],[103.625953,1.300224],[103.623976,1.300224],[103.623976,1.298234]]]},"properties":{"id":"c8_36","score":46.6,"land":73,"power":0,"fibre":7,"community":98,"dSub":15538,"dDc":4637,"cx":103.624964,"cy":1.299229}},{"type":"Feature","geometry":{"type":"Polygon","coordinates":[[[103.623976,1.291451],[103.625953,1.291451],[103.625953,1.293441],[103.623976,1.293441],[103.623976,1.291451]]]},"properties":{"id":"c8_33","score":49.4,"land":84,"power":0,"fibre":0,"community":99,"dSub":15654,"dDc":5241,"cx":103.624964,"cy":1.292446}},{"type":"Feature","geometry":{"type":"Polygon","coordinates":[[[103.628469,1.309539],[103.630446,1.309539],[103.630446,1.311528],[103.628469,1.311528],[103.628469,1.309539]]]},"properties":{"id":"c10_41","score":42.3,"land":46,"power":0,"fibre":33,"community":99,"dSub":14843,"dDc":3373,"cx":103.629457,"cy":1.310534}},{"type":"Feature","geometry":{"type":"Polygon","coordinates":[[[103.630715,1.3118],[103.632692,1.3118],[103.632692,1.313789],[103.630715,1.313789],[103.630715,1.3118]]]},"properties":{"id":"c11_42","score":45.1,"land":54,"power":0,"fibre":40,"community":91,"dSub":14512,"dDc":3020,"cx":103.631704,"cy":1.312794}},{"type":"Feature","geometry":{"type":"Polygon","coordinates":[[[103.628469,1.305017],[103.630446,1.305017],[103.630446,1.307007],[103.628469,1.307007],[103.628469,1.305017]]]},"properties":{"id":"c10_39","score":57.9,"land":94,"power":0,"fibre":25,"community":100,"dSub":14958,"dDc":3740,"cx":103.629457,"cy":1.306012}},{"type":"Feature","geometry":{"type":"Polygon","coordinates":[[[103.623976,1.295973],[103.625953,1.295973],[103.625953,1.297963],[103.623976,1.297963],[103.623976,1.295973]]]},"properties":{"id":"c8_35","score":48.2,"land":80,"power":0,"fibre":3,"community":98,"dSub":15573,"dDc":4834,"cx":103.624964,"cy":1.296968}},{"type":"Feature","geometry":{"type":"Polygon","coordinates":[[[103.626222,1.298234],[103.628199,1.298234],[103.628199,1.300224],[103.626222,1.300224],[103.626222,1.298234]]]},"properties":{"id":"c9_36","score":45.7,"land":69,"power":0,"fibre":10,"community":98,"dSub":15290,"dDc":4484,"cx":103.627211,"cy":1.299229}},{"type":"Feature","geometry":{"type":"Polygon","coordinates":[[[103.626222,1.300495],[103.628199,1.300495],[103.628199,1.302485],[103.626222,1.302485],[103.626222,1.300495]]]},"properties":{"id":"c9_37","score":52.4,"land":85,"power":0,"fibre":14,"community":98,"dSub":15258,"dDc":4285,"cx":103.627211,"cy":1.30149}},{"type":"Feature","geometry":{"type":"Polygon","coordinates":[[[103.628469,1.302756],[103.630446,1.302756],[103.630446,1.304746],[103.628469,1.304746],[103.628469,1.302756]]]},"properties":{"id":"c10_38","score":54.6,"land":87,"power":0,"fibre":21,"community":100,"dSub":14982,"dDc":3934,"cx":103.629457,"cy":1.303751}},{"type":"Feature","geometry":{"type":"Polygon","coordinates":[[[103.626222,1.293712],[103.628199,1.293712],[103.628199,1.295702],[103.626222,1.295702],[103.626222,1.293712]]]},"properties":{"id":"c9_34","score":46.3,"land":74,"power":0,"fibre":2,"community":100,"dSub":15365,"dDc":4895,"cx":103.627211,"cy":1.294707}},{"type":"Feature","geometry":{"type":"Polygon","coordinates":[[[103.628469,1.300495],[103.630446,1.300495],[103.630446,1.302485],[103.628469,1.302485],[103.628469,1.300495]]]},"properties":{"id":"c10_37","score":53.3,"land":86,"power":0,"fibre":17,"community":100,"dSub":15010,"dDc":4135,"cx":103.629457,"cy":1.30149}},{"type":"Feature","geometry":{"type":"Polygon","coordinates":[[[103.626222,1.309539],[103.628199,1.309539],[103.628199,1.311528],[103.626222,1.311528],[103.626222,1.309539]]]},"properties":{"id":"c9_41","score":43.3,"land":51,"power":0,"fibre":29,"community":99,"dSub":15071,"dDc":3556,"cx":103.627211,"cy":1.310534}},{"type":"Feature","geometry":{"type":"Polygon","coordinates":[[[103.623976,1.293712],[103.625953,1.293712],[103.625953,1.295702],[103.623976,1.295702],[103.623976,1.293712]]]},"properties":{"id":"c8_34","score":51.6,"land":91,"power":0,"fibre":0,"community":99,"dSub":15611,"dDc":5036,"cx":103.624964,"cy":1.294707}},{"type":"Feature","geometry":{"type":"Polygon","coordinates":[[[103.623976,1.300495],[103.625953,1.300495],[103.625953,1.302485],[103.623976,1.302485],[103.623976,1.300495]]]},"properties":{"id":"c8_37","score":52.6,"land":88,"power":0,"fibre":11,"community":98,"dSub":15507,"dDc":4445,"cx":103.624964,"cy":1.30149}},{"type":"Feature","geometry":{"type":"Polygon","coordinates":[[[103.659918,1.323104],[103.661895,1.323104],[103.661895,1.325094],[103.659918,1.325094],[103.659918,1.323104]]]},"properties":{"id":"c24_47","score":69.5,"land":100,"power":0,"fibre":72,"community":100,"dSub":11038,"dDc":1385,"cx":103.660907,"cy":1.324099}},{"type":"Feature","geometry":{"type":"Polygon","coordinates":[[[103.62173,1.291451],[103.623706,1.291451],[103.623706,1.293441],[103.62173,1.293441],[103.62173,1.291451]]]},"properties":{"id":"c7_33","score":43.0,"land":66,"power":0,"fibre":0,"community":99,"dSub":15900,"dDc":5384,"cx":103.622718,"cy":1.292446}},{"type":"Feature","geometry":{"type":"Polygon","coordinates":[[[103.628469,1.314061],[103.630446,1.314061],[103.630446,1.31605],[103.628469,1.31605],[103.628469,1.314061]]]},"properties":{"id":"c10_43","score":62.0,"land":100,"power":0,"fibre":39,"community":96,"dSub":14640,"dDc":3045,"cx":103.629457,"cy":1.315055}},{"type":"Feature","geometry":{"type":"Polygon","coordinates":[[[103.630715,1.305017],[103.632692,1.305017],[103.632692,1.307007],[103.630715,1.307007],[103.630715,1.305017]]]},"properties":{"id":"c11_39","score":60.4,"land":100,"power":0,"fibre":28,"community":99,"dSub":14709,"dDc":3584,"cx":103.631704,"cy":1.306012}},{"type":"Feature","geometry":{"type":"Polygon","coordinates":[[[103.630715,1.316322],[103.632692,1.316322],[103.632692,1.318311],[103.630715,1.318311],[103.630715,1.316322]]]},"properties":{"id":"c11_44","score":52.5,"land":77,"power":0,"fibre":46,"community":83,"dSub":14312,"dDc":2695,"cx":103.631704,"cy":1.317316}},{"type":"Feature","geometry":{"type":"Polygon","coordinates":[[[103.630715,1.318582],[103.632692,1.318582],[103.632692,1.320572],[103.630715,1.320572],[103.630715,1.318582]]]},"properties":{"id":"c11_45","score":60.9,"land":95,"power":0,"fibre":49,"community":89,"dSub":14218,"dDc":2553,"cx":103.631704,"cy":1.319577}},{"type":"Feature","geometry":{"type":"Polygon","coordinates":[[[103.628469,1.316322],[103.630446,1.316322],[103.630446,1.318311],[103.628469,1.318311],[103.628469,1.316322]]]},"properties":{"id":"c10_44","score":50.9,"land":67,"power":0,"fibre":42,"community":95,"dSub":14544,"dDc":2899,"cx":103.629457,"cy":1.317316}},{"type":"Feature","geometry":{"type":"Polygon","coordinates":[[[103.62173,1.293712],[103.623706,1.293712],[103.623706,1.295702],[103.62173,1.295702],[103.62173,1.293712]]]},"properties":{"id":"c7_34","score":54.8,"land":100,"power":0,"fibre":0,"community":99,"dSub":15858,"dDc":5184,"cx":103.622718,"cy":1.294707}},{"type":"Feature","geometry":{"type":"Polygon","coordinates":[[[103.626222,1.3118],[103.628199,1.3118],[103.628199,1.313789],[103.626222,1.313789],[103.626222,1.3118]]]},"properties":{"id":"c9_42","score":49.7,"land":67,"power":0,"fibre":32,"community":99,"dSub":14969,"dDc":3396,"cx":103.627211,"cy":1.312794}},{"type":"Feature","geometry":{"type":"Polygon","coordinates":[[[103.630715,1.323104],[103.632692,1.323104],[103.632692,1.325094],[103.630715,1.325094],[103.630715,1.323104]]]},"properties":{"id":"c11_47","score":54.7,"land":69,"power":0,"fibre":53,"community":99,"dSub":14041,"dDc":2326,"cx":103.631704,"cy":1.324099}},{"type":"Feature","geometry":{"type":"Polygon","coordinates":[[[103.623976,1.307278],[103.625953,1.307278],[103.625953,1.309267],[103.623976,1.309267],[103.623976,1.307278]]]},"properties":{"id":"c8_40","score":45.3,"land":60,"power":0,"fibre":22,"community":100,"dSub":15402,"dDc":3909,"cx":103.624964,"cy":1.308273}},{"type":"Feature","geometry":{"type":"Polygon","coordinates":[[[103.619483,1.295973],[103.62146,1.295973],[103.62146,1.297963],[103.619483,1.297963],[103.619483,1.295973]]]},"properties":{"id":"c6_35","score":49.8,"land":86,"power":0,"fibre":0,"community":99,"dSub":16067,"dDc":5151,"cx":103.620472,"cy":1.296968}},{"type":"Feature","geometry":{"type":"Polygon","coordinates":[[[103.632962,1.302756],[103.634938,1.302756],[103.634938,1.304746],[103.632962,1.304746],[103.632962,1.302756]]]},"properties":{"id":"c12_38","score":41.4,"land":48,"power":0,"fibre":27,"community":96,"dSub":14485,"dDc":3649,"cx":103.63395,"cy":1.303751}},{"type":"Feature","geometry":{"type":"Polygon","coordinates":[[[103.628469,1.293712],[103.630446,1.293712],[103.630446,1.295702],[103.628469,1.295702],[103.628469,1.293712]]]},"properties":{"id":"c10_34","score":50.2,"land":84,"power":0,"fibre":5,"community":99,"dSub":15118,"dDc":4764,"cx":103.629457,"cy":1.294707}},{"type":"Feature","geometry":{"type":"Polygon","coordinates":[[[103.626222,1.291451],[103.628199,1.291451],[103.628199,1.293441],[103.626222,1.293441],[103.626222,1.291451]]]},"properties":{"id":"c9_33","score":52.5,"land":93,"power":0,"fibre":0,"community":100,"dSub":15408,"dDc":5107,"cx":103.627211,"cy":1.292446}},{"type":"Feature","geometry":{"type":"Polygon","coordinates":[[[103.637454,1.280147],[103.639431,1.280147],[103.639431,1.282136],[103.637454,1.282136],[103.637454,1.280147]]]},"properties":{"id":"c14_28","score":47.8,"land":81,"power":0,"fibre":0,"community":98,"dSub":14480,"dDc":5783,"cx":103.638443,"cy":1.281141}},{"type":"Feature","geometry":{"type":"Polygon","coordinates":[[[103.626222,1.28919],[103.628199,1.28919],[103.628199,1.29118],[103.626222,1.29118],[103.626222,1.28919]]]},"properties":{"id":"c9_32","score":54.3,"land":98,"power":0,"fibre":0,"community":99,"dSub":15456,"dDc":5322,"cx":103.627211,"cy":1.290185}},{"type":"Feature","geometry":{"type":"Polygon","coordinates":[[[103.632962,1.300495],[103.634938,1.300495],[103.634938,1.302485],[103.632962,1.302485],[103.632962,1.300495]]]},"properties":{"id":"c12_37","score":47.7,"land":67,"power":0,"fibre":23,"community":98,"dSub":14514,"dDc":3864,"cx":103.63395,"cy":1.30149}},{"type":"Feature","geometry":{"type":"Polygon","coordinates":[[[103.630715,1.28919],[103.632692,1.28919],[103.632692,1.29118],[103.630715,1.29118],[103.630715,1.28919]]]},"properties":{"id":"c11_32","score":46.8,"land":78,"power":0,"fibre":0,"community":98,"dSub":14966,"dDc":5090,"cx":103.631704,"cy":1.290185}},{"type":"Feature","geometry":{"type":"Polygon","coordinates":[[[103.62173,1.305017],[103.623706,1.305017],[103.623706,1.307007],[103.62173,1.307007],[103.62173,1.305017]]]},"properties":{"id":"c7_39","score":58.0,"land":100,"power":0,"fibre":15,"community":100,"dSub":15706,"dDc":4262,"cx":103.622718,"cy":1.306012}},{"type":"Feature","geometry":{"type":"Polygon","coordinates":[[[103.617237,1.293712],[103.619214,1.293712],[103.619214,1.295702],[103.617237,1.295702],[103.617237,1.293712]]]},"properties":{"id":"c5_34","score":54.6,"land":100,"power":0,"fibre":0,"community":98,"dSub":16352,"dDc":5503,"cx":103.618225,"cy":1.294707}},{"type":"Feature","geometry":{"type":"Polygon","coordinates":[[[103.639701,1.277886],[103.641678,1.277886],[103.641678,1.279875],[103.639701,1.279875],[103.639701,1.277886]]]},"properties":{"id":"c15_27","score":54.9,"land":100,"power":0,"fibre":0,"community":100,"dSub":14313,"dDc":5972,"cx":103.640689,"cy":1.278881}},{"type":"Feature","geometry":{"type":"Polygon","coordinates":[[[103.62173,1.307278],[103.623706,1.307278],[103.623706,1.309267],[103.62173,1.309267],[103.62173,1.307278]]]},"properties":{"id":"c7_40","score":58.6,"land":100,"power":0,"fibre":18,"community":100,"dSub":15629,"dDc":4099,"cx":103.622718,"cy":1.308273}},{"type":"Feature","geometry":{"type":"Polygon","coordinates":[[[103.630715,1.295973],[103.632692,1.295973],[103.632692,1.297963],[103.630715,1.297963],[103.630715,1.295973]]]},"properties":{"id":"c11_35","score":43.0,"land":59,"power":0,"fibre":12,"community":100,"dSub":14831,"dDc":4423,"cx":103.631704,"cy":1.296968}},{"type":"Feature","geometry":{"type":"Polygon","coordinates":[[[103.630715,1.293712],[103.632692,1.293712],[103.632692,1.295702],[103.630715,1.295702],[103.630715,1.293712]]]},"properties":{"id":"c11_34","score":55.3,"land":97,"power":0,"fibre":7,"community":99,"dSub":14872,"dDc":4642,"cx":103.631704,"cy":1.294707}},{"type":"Feature","geometry":{"type":"Polygon","coordinates":[[[103.628469,1.280147],[103.630446,1.280147],[103.630446,1.282136],[103.628469,1.282136],[103.628469,1.280147]]]},"properties":{"id":"c10_28","score":54.6,"land":100,"power":0,"fibre":0,"community":98,"dSub":15442,"dDc":6105,"cx":103.629457,"cy":1.281141}},{"type":"Feature","geometry":{"type":"Polygon","coordinates":[[[103.62173,1.295973],[103.623706,1.295973],[103.623706,1.297963],[103.62173,1.297963],[103.62173,1.295973]]]},"properties":{"id":"c7_35","score":49.3,"land":85,"power":0,"fibre":0,"community":98,"dSub":15820,"dDc":4988,"cx":103.622718,"cy":1.296968}},{"type":"Feature","geometry":{"type":"Polygon","coordinates":[[[103.630715,1.298234],[103.632692,1.298234],[103.632692,1.300224],[103.630715,1.300224],[103.630715,1.298234]]]},"properties":{"id":"c11_36","score":46.9,"land":68,"power":0,"fibre":16,"community":100,"dSub":14795,"dDc":4206,"cx":103.631704,"cy":1.299229}},{"type":"Feature","geometry":{"type":"Polygon","coordinates":[[[103.619483,1.293712],[103.62146,1.293712],[103.62146,1.295702],[103.619483,1.295702],[103.619483,1.293712]]]},"properties":{"id":"c6_34","score":40.6,"land":60,"power":0,"fibre":0,"community":98,"dSub":16105,"dDc":5340,"cx":103.620472,"cy":1.294707}},{"type":"Feature","geometry":{"type":"Polygon","coordinates":[[[103.639701,1.280147],[103.641678,1.280147],[103.641678,1.282136],[103.639701,1.282136],[103.639701,1.280147]]]},"properties":{"id":"c15_28","score":53.5,"land":97,"power":0,"fibre":0,"community":98,"dSub":14240,"dDc":5727,"cx":103.640689,"cy":1.281141}},{"type":"Feature","geometry":{"type":"Polygon","coordinates":[[[103.641947,1.293712],[103.643924,1.293712],[103.643924,1.295702],[103.641947,1.295702],[103.641947,1.293712]]]},"properties":{"id":"c16_34","score":58.1,"land":100,"power":0,"fibre":16,"community":100,"dSub":13642,"dDc":4208,"cx":103.642936,"cy":1.294707}},{"type":"Feature","geometry":{"type":"Polygon","coordinates":[[[103.626222,1.286929],[103.628199,1.286929],[103.628199,1.288919],[103.626222,1.288919],[103.626222,1.286929]]]},"properties":{"id":"c9_31","score":46.1,"land":75,"power":0,"fibre":0,"community":100,"dSub":15507,"dDc":5540,"cx":103.627211,"cy":1.287924}},{"type":"Feature","geometry":{"type":"Polygon","coordinates":[[[103.680136,1.275625],[103.682113,1.275625],[103.682113,1.277614],[103.680136,1.277614],[103.680136,1.275625]]]},"properties":{"id":"c33_26","score":55.1,"land":100,"power":0,"fibre":0,"community":100,"dSub":10220,"dDc":4977,"cx":103.681124,"cy":1.27662}},{"type":"Feature","geometry":{"type":"Polygon","coordinates":[[[103.691368,1.266581],[103.693345,1.266581],[103.693345,1.268571],[103.691368,1.268571],[103.691368,1.266581]]]},"properties":{"id":"c38_22","score":55.0,"land":100,"power":0,"fibre":0,"community":100,"dSub":9656,"dDc":5526,"cx":103.692356,"cy":1.267576}},{"type":"Feature","geometry":{"type":"Polygon","coordinates":[[[103.639701,1.286929],[103.641678,1.286929],[103.641678,1.288919],[103.639701,1.288919],[103.639701,1.286929]]]},"properties":{"id":"c15_31","score":54.9,"land":100,"power":0,"fibre":0,"community":99,"dSub":14045,"dDc":4995,"cx":103.640689,"cy":1.287924}},{"type":"Feature","geometry":{"type":"Polygon","coordinates":[[[103.630715,1.291451],[103.632692,1.291451],[103.632692,1.293441],[103.630715,1.293441],[103.630715,1.291451]]]},"properties":{"id":"c11_33","score":52.4,"land":92,"power":0,"fibre":3,"community":98,"dSub":14917,"dDc":4865,"cx":103.631704,"cy":1.292446}},{"type":"Feature","geometry":{"type":"Polygon","coordinates":[[[103.630715,1.286929],[103.632692,1.286929],[103.632692,1.288919],[103.630715,1.288919],[103.630715,1.286929]]]},"properties":{"id":"c11_31","score":43.6,"land":69,"power":0,"fibre":0,"community":98,"dSub":15019,"dDc":5317,"cx":103.631704,"cy":1.287924}},{"type":"Feature","geometry":{"type":"Polygon","coordinates":[[[103.632962,1.291451],[103.634938,1.291451],[103.634938,1.293441],[103.632962,1.293441],[103.632962,1.291451]]]},"properties":{"id":"c12_33","score":55.2,"land":99,"power":0,"fibre":5,"community":98,"dSub":14671,"dDc":4759,"cx":103.63395,"cy":1.292446}},{"type":"Feature","geometry":{"type":"Polygon","coordinates":[[[103.644194,1.3118],[103.64617,1.3118],[103.64617,1.313789],[103.644194,1.313789],[103.644194,1.3118]]]},"properties":{"id":"c17_42","score":65.1,"land":100,"power":0,"fibre":56,"community":95,"dSub":13161,"dDc":2209,"cx":103.645182,"cy":1.312794}},{"type":"Feature","geometry":{"type":"Polygon","coordinates":[[[103.650933,1.307278],[103.65291,1.307278],[103.65291,1.309267],[103.650933,1.309267],[103.650933,1.307278]]]},"properties":{"id":"c20_40","score":62.8,"land":97,"power":0,"fibre":48,"community":97,"dSub":12446,"dDc":2609,"cx":103.651921,"cy":1.308273}},{"type":"Feature","geometry":{"type":"Polygon","coordinates":[[[103.650933,1.305017],[103.65291,1.305017],[103.65291,1.307007],[103.650933,1.307007],[103.650933,1.305017]]]},"properties":{"id":"c20_39","score":62.8,"land":100,"power":0,"fibre":43,"community":96,"dSub":12470,"dDc":2859,"cx":103.651921,"cy":1.306012}},{"type":"Feature","geometry":{"type":"Polygon","coordinates":[[[103.648686,1.307278],[103.650663,1.307278],[103.650663,1.309267],[103.648686,1.309267],[103.648686,1.307278]]]},"properties":{"id":"c19_40","score":44.2,"land":44,"power":0,"fibre":48,"community":97,"dSub":12695,"dDc":2613,"cx":103.649675,"cy":1.308273}},{"type":"Feature","geometry":{"type":"Polygon","coordinates":[[[103.653179,1.309539],[103.655156,1.309539],[103.655156,1.311528],[103.653179,1.311528],[103.653179,1.309539]]]},"properties":{"id":"c21_41","score":62.2,"land":93,"power":0,"fibre":52,"community":96,"dSub":12178,"dDc":2382,"cx":103.654168,"cy":1.310534}},{"type":"Feature","geometry":{"type":"Polygon","coordinates":[[[103.64644,1.307278],[103.648417,1.307278],[103.648417,1.309267],[103.64644,1.309267],[103.64644,1.307278]]]},"properties":{"id":"c18_40","score":63.9,"land":100,"power":0,"fibre":47,"community":97,"dSub":12945,"dDc":2640,"cx":103.647428,"cy":1.308273}},{"type":"Feature","geometry":{"type":"Polygon","coordinates":[[[103.648686,1.309539],[103.650663,1.309539],[103.650663,1.311528],[103.648686,1.311528],[103.648686,1.309539]]]},"properties":{"id":"c19_41","score":63.6,"land":96,"power":0,"fibre":53,"community":97,"dSub":12677,"dDc":2363,"cx":103.649675,"cy":1.310534}},{"type":"Feature","geometry":{"type":"Polygon","coordinates":[[[103.673397,1.343453],[103.675374,1.343453],[103.675374,1.345442],[103.673397,1.345442],[103.673397,1.343453]]]},"properties":{"id":"c30_56","score":46.4,"land":54,"power":0,"fibre":41,"community":96,"dSub":8825,"dDc":2938,"cx":103.674385,"cy":1.344448}},{"type":"Feature","geometry":{"type":"Polygon","coordinates":[[[103.693614,1.309539],[103.695591,1.309539],[103.695591,1.311528],[103.693614,1.311528],[103.693614,1.309539]]]},"properties":{"id":"c39_41","score":69.4,"land":97,"power":0,"fibre":80,"community":98,"dSub":7694,"dDc":1025,"cx":103.694603,"cy":1.310534}},{"type":"Feature","geometry":{"type":"Polygon","coordinates":[[[103.644194,1.28919],[103.64617,1.28919],[103.64617,1.29118],[103.644194,1.29118],[103.644194,1.28919]]]},"properties":{"id":"c17_32","score":55.8,"land":100,"power":0,"fibre":7,"community":97,"dSub":13501,"dDc":4655,"cx":103.645182,"cy":1.290185}},{"type":"Feature","geometry":{"type":"Polygon","coordinates":[[[103.64644,1.28919],[103.648417,1.28919],[103.648417,1.29118],[103.64644,1.29118],[103.64644,1.28919]]]},"properties":{"id":"c18_32","score":51.8,"land":88,"power":0,"fibre":7,"community":98,"dSub":13257,"dDc":4626,"cx":103.647428,"cy":1.290185}},{"type":"Feature","geometry":{"type":"Polygon","coordinates":[[[103.644194,1.284669],[103.64617,1.284669],[103.64617,1.286658],[103.644194,1.286658],[103.644194,1.284669]]]},"properties":{"id":"c17_30","score":54.4,"land":98,"power":0,"fibre":0,"community":100,"dSub":13622,"dDc":5151,"cx":103.645182,"cy":1.285663}},{"type":"Feature","geometry":{"type":"Polygon","coordinates":[[[103.639701,1.28919],[103.641678,1.28919],[103.641678,1.29118],[103.639701,1.29118],[103.639701,1.28919]]]},"properties":{"id":"c15_32","score":53.5,"land":94,"power":0,"fibre":5,"community":98,"dSub":13988,"dDc":4752,"cx":103.640689,"cy":1.290185}},{"type":"Feature","geometry":{"type":"Polygon","coordinates":[[[103.641947,1.28919],[103.643924,1.28919],[103.643924,1.29118],[103.641947,1.29118],[103.641947,1.28919]]]},"properties":{"id":"c16_32","score":53.1,"land":92,"power":0,"fibre":6,"community":99,"dSub":13744,"dDc":4697,"cx":103.642936,"cy":1.290185}},{"type":"Feature","geometry":{"type":"Polygon","coordinates":[[[103.637454,1.291451],[103.639431,1.291451],[103.639431,1.293441],[103.637454,1.293441],[103.637454,1.291451]]]},"properties":{"id":"c14_33","score":40.1,"land":54,"power":0,"fibre":8,"community":98,"dSub":14181,"dDc":4581,"cx":103.638443,"cy":1.292446}},{"type":"Feature","geometry":{"type":"Polygon","coordinates":[[[103.639701,1.293712],[103.641678,1.293712],[103.641678,1.295702],[103.639701,1.295702],[103.639701,1.293712]]]},"properties":{"id":"c15_34","score":50.4,"land":80,"power":0,"fibre":15,"community":97,"dSub":13888,"dDc":4269,"cx":103.640689,"cy":1.294707}},{"type":"Feature","geometry":{"type":"Polygon","coordinates":[[[103.637454,1.284669],[103.639431,1.284669],[103.639431,1.286658],[103.637454,1.286658],[103.637454,1.284669]]]},"properties":{"id":"c14_30","score":54.8,"land":100,"power":0,"fibre":0,"community":99,"dSub":14348,"dDc":5300,"cx":103.638443,"cy":1.285663}},{"type":"Feature","geometry":{"type":"Polygon","coordinates":[[[103.639701,1.284669],[103.641678,1.284669],[103.641678,1.286658],[103.639701,1.286658],[103.639701,1.284669]]]},"properties":{"id":"c15_30","score":54.8,"land":100,"power":0,"fibre":0,"community":99,"dSub":14106,"dDc":5238,"cx":103.640689,"cy":1.285663}},{"type":"Feature","geometry":{"type":"Polygon","coordinates":[[[103.610498,1.248494],[103.612474,1.248494],[103.612474,1.250483],[103.610498,1.250483],[103.610498,1.248494]]]},"properties":{"id":"c2_14","score":54.6,"land":100,"power":0,"fibre":0,"community":98,"dSub":18511,"dDc":10120,"cx":103.611486,"cy":1.249488}},{"type":"Feature","geometry":{"type":"Polygon","coordinates":[[[103.612744,1.253016],[103.614721,1.253016],[103.614721,1.255005],[103.612744,1.255005],[103.612744,1.253016]]]},"properties":{"id":"c3_16","score":55.0,"land":100,"power":0,"fibre":0,"community":100,"dSub":18083,"dDc":9561,"cx":103.613732,"cy":1.25401}},{"type":"Feature","geometry":{"type":"Polygon","coordinates":[[[103.62173,1.275625],[103.623706,1.275625],[103.623706,1.277614],[103.62173,1.277614],[103.62173,1.275625]]]},"properties":{"id":"c7_26","score":53.8,"land":98,"power":0,"fibre":0,"community":98,"dSub":16300,"dDc":6878,"cx":103.622718,"cy":1.27662}},{"type":"Feature","geometry":{"type":"Polygon","coordinates":[[[103.623976,1.268842],[103.625953,1.268842],[103.625953,1.270832],[103.623976,1.270832],[103.623976,1.268842]]]},"properties":{"id":"c8_23","score":53.6,"land":100,"power":0,"fibre":0,"community":93,"dSub":16288,"dDc":7451,"cx":103.624964,"cy":1.269837}},{"type":"Feature","geometry":{"type":"Polygon","coordinates":[[[103.628469,1.266581],[103.630446,1.266581],[103.630446,1.268571],[103.628469,1.268571],[103.628469,1.266581]]]},"properties":{"id":"c10_22","score":47.2,"land":86,"power":0,"fibre":0,"community":86,"dSub":15902,"dDc":7506,"cx":103.629457,"cy":1.267576}},{"type":"Feature","geometry":{"type":"Polygon","coordinates":[[[103.628469,1.273364],[103.630446,1.273364],[103.630446,1.275354],[103.628469,1.275354],[103.628469,1.273364]]]},"properties":{"id":"c10_25","score":55.0,"land":100,"power":0,"fibre":0,"community":100,"dSub":15656,"dDc":6800,"cx":103.629457,"cy":1.274359}},{"type":"Feature","geometry":{"type":"Polygon","coordinates":[[[103.639701,1.282408],[103.641678,1.282408],[103.641678,1.284397],[103.639701,1.284397],[103.639701,1.282408]]]},"properties":{"id":"c15_29","score":41.5,"land":63,"power":0,"fibre":0,"community":98,"dSub":14171,"dDc":5482,"cx":103.640689,"cy":1.283402}},{"type":"Feature","geometry":{"type":"Polygon","coordinates":[[[103.635208,1.284669],[103.637185,1.284669],[103.637185,1.286658],[103.635208,1.286658],[103.635208,1.284669]]]},"properties":{"id":"c13_30","score":54.7,"land":100,"power":0,"fibre":0,"community":98,"dSub":14590,"dDc":5372,"cx":103.636196,"cy":1.285663}},{"type":"Feature","geometry":{"type":"Polygon","coordinates":[[[103.635208,1.273364],[103.637185,1.273364],[103.637185,1.275354],[103.635208,1.275354],[103.635208,1.273364]]]},"properties":{"id":"c13_25","score":54.1,"land":98,"power":0,"fibre":0,"community":99,"dSub":14944,"dDc":6572,"cx":103.636196,"cy":1.274359}},{"type":"Feature","geometry":{"type":"Polygon","coordinates":[[[103.632962,1.298234],[103.634938,1.298234],[103.634938,1.300224],[103.632962,1.300224],[103.632962,1.298234]]]},"properties":{"id":"c12_36","score":58.5,"land":100,"power":0,"fibre":18,"community":99,"dSub":14547,"dDc":4083,"cx":103.63395,"cy":1.299229}},{"type":"Feature","geometry":{"type":"Polygon","coordinates":[[[103.635208,1.298234],[103.637185,1.298234],[103.637185,1.300224],[103.635208,1.300224],[103.635208,1.298234]]]},"properties":{"id":"c13_36","score":48.2,"land":71,"power":0,"fibre":21,"community":97,"dSub":14300,"dDc":3972,"cx":103.636196,"cy":1.299229}},{"type":"Feature","geometry":{"type":"Polygon","coordinates":[[[103.635208,1.300495],[103.637185,1.300495],[103.637185,1.302485],[103.635208,1.302485],[103.635208,1.300495]]]},"properties":{"id":"c13_37","score":48.6,"land":70,"power":0,"fibre":25,"community":95,"dSub":14266,"dDc":3747,"cx":103.636196,"cy":1.30149}},{"type":"Feature","geometry":{"type":"Polygon","coordinates":[[[103.635208,1.305017],[103.637185,1.305017],[103.637185,1.307007],[103.635208,1.307007],[103.635208,1.305017]]]},"properties":{"id":"c13_39","score":48.4,"land":63,"power":0,"fibre":34,"community":97,"dSub":14211,"dDc":3306,"cx":103.636196,"cy":1.306012}},{"type":"Feature","geometry":{"type":"Polygon","coordinates":[[[103.637454,1.298234],[103.639431,1.298234],[103.639431,1.300224],[103.637454,1.300224],[103.637454,1.298234]]]},"properties":{"id":"c14_36","score":56.3,"land":93,"power":0,"fibre":23,"community":97,"dSub":14052,"dDc":3874,"cx":103.638443,"cy":1.299229}},{"type":"Feature","geometry":{"type":"Polygon","coordinates":[[[103.637454,1.300495],[103.639431,1.300495],[103.639431,1.302485],[103.637454,1.302485],[103.637454,1.300495]]]},"properties":{"id":"c14_37","score":46.6,"land":62,"power":0,"fibre":27,"community":98,"dSub":14018,"dDc":3643,"cx":103.638443,"cy":1.30149}},{"type":"Feature","geometry":{"type":"Polygon","coordinates":[[[103.632962,1.305017],[103.634938,1.305017],[103.634938,1.307007],[103.632962,1.307007],[103.632962,1.305017]]]},"properties":{"id":"c12_39","score":60.9,"land":100,"power":0,"fibre":31,"community":98,"dSub":14460,"dDc":3439,"cx":103.63395,"cy":1.306012}},{"type":"Feature","geometry":{"type":"Polygon","coordinates":[[[103.686875,1.302756],[103.688852,1.302756],[103.688852,1.304746],[103.686875,1.304746],[103.686875,1.302756]]]},"properties":{"id":"c36_38","score":44.9,"land":39,"power":0,"fibre":58,"community":98,"dSub":8544,"dDc":2085,"cx":103.687864,"cy":1.303751}},{"type":"Feature","geometry":{"type":"Polygon","coordinates":[[[103.680136,1.298234],[103.682113,1.298234],[103.682113,1.300224],[103.680136,1.300224],[103.680136,1.298234]]]},"properties":{"id":"c33_36","score":58.1,"land":91,"power":0,"fibre":40,"community":90,"dSub":9379,"dDc":2977,"cx":103.681124,"cy":1.299229}},{"type":"Feature","geometry":{"type":"Polygon","coordinates":[[[103.686875,1.298234],[103.688852,1.298234],[103.688852,1.300224],[103.686875,1.300224],[103.686875,1.298234]]]},"properties":{"id":"c36_36","score":65.2,"land":100,"power":0,"fibre":51,"community":100,"dSub":8648,"dDc":2455,"cx":103.687864,"cy":1.299229}},{"type":"Feature","geometry":{"type":"Polygon","coordinates":[[[103.650933,1.300495],[103.65291,1.300495],[103.65291,1.302485],[103.650933,1.302485],[103.650933,1.300495]]]},"properties":{"id":"c20_37","score":60.9,"land":100,"power":0,"fibre":33,"community":96,"dSub":12532,"dDc":3359,"cx":103.651921,"cy":1.30149}},{"type":"Feature","geometry":{"type":"Polygon","coordinates":[[[103.648686,1.300495],[103.650663,1.300495],[103.650663,1.302485],[103.648686,1.302485],[103.648686,1.300495]]]},"properties":{"id":"c19_37","score":54.1,"land":80,"power":0,"fibre":33,"community":97,"dSub":12779,"dDc":3362,"cx":103.649675,"cy":1.30149}},{"type":"Feature","geometry":{"type":"Polygon","coordinates":[[[103.67115,1.305017],[103.673127,1.305017],[103.673127,1.307007],[103.67115,1.307007],[103.67115,1.305017]]]},"properties":{"id":"c29_39","score":43.6,"land":51,"power":0,"fibre":31,"community":99,"dSub":10235,"dDc":3472,"cx":103.672139,"cy":1.306012}},{"type":"Feature","geometry":{"type":"Polygon","coordinates":[[[103.662165,1.295973],[103.664142,1.295973],[103.664142,1.297963],[103.662165,1.297963],[103.662165,1.295973]]]},"properties":{"id":"c25_35","score":47.5,"land":70,"power":0,"fibre":18,"community":97,"dSub":11386,"dDc":4083,"cx":103.663153,"cy":1.296968}},{"type":"Feature","geometry":{"type":"Polygon","coordinates":[[[103.668904,1.291451],[103.670881,1.291451],[103.670881,1.293441],[103.668904,1.293441],[103.668904,1.291451]]]},"properties":{"id":"c28_33","score":57.0,"land":100,"power":0,"fibre":12,"community":99,"dSub":10772,"dDc":4421,"cx":103.669892,"cy":1.292446}},{"type":"Feature","geometry":{"type":"Polygon","coordinates":[[[103.662165,1.293712],[103.664142,1.293712],[103.664142,1.295702],[103.662165,1.295702],[103.662165,1.293712]]]},"properties":{"id":"c25_34","score":40.2,"land":52,"power":0,"fibre":14,"community":97,"dSub":11440,"dDc":4320,"cx":103.663153,"cy":1.294707}},{"type":"Feature","geometry":{"type":"Polygon","coordinates":[[[103.664411,1.291451],[103.666388,1.291451],[103.666388,1.293441],[103.664411,1.293441],[103.664411,1.291451]]]},"properties":{"id":"c26_33","score":51.0,"land":86,"power":0,"fibre":7,"community":97,"dSub":11256,"dDc":4638,"cx":103.6654,"cy":1.292446}},{"type":"Feature","geometry":{"type":"Polygon","coordinates":[[[103.659918,1.293712],[103.661895,1.293712],[103.661895,1.295702],[103.659918,1.295702],[103.659918,1.293712]]]},"properties":{"id":"c24_34","score":45.9,"land":65,"power":0,"fibre":15,"community":100,"dSub":11683,"dDc":4249,"cx":103.660907,"cy":1.294707}},{"type":"Feature","geometry":{"type":"Polygon","coordinates":[[[103.632962,1.307278],[103.634938,1.307278],[103.634938,1.309267],[103.632962,1.309267],[103.632962,1.307278]]]},"properties":{"id":"c12_40","score":62.1,"land":100,"power":0,"fibre":35,"community":100,"dSub":14440,"dDc":3234,"cx":103.63395,"cy":1.308273}},{"type":"Feature","geometry":{"type":"Polygon","coordinates":[[[103.635208,1.307278],[103.637185,1.307278],[103.637185,1.309267],[103.635208,1.309267],[103.635208,1.307278]]]},"properties":{"id":"c13_40","score":62.6,"land":100,"power":0,"fibre":38,"community":100,"dSub":14191,"dDc":3093,"cx":103.636196,"cy":1.308273}},{"type":"Feature","geometry":{"type":"Polygon","coordinates":[[[103.632962,1.309539],[103.634938,1.309539],[103.634938,1.311528],[103.632962,1.311528],[103.632962,1.309539]]]},"properties":{"id":"c12_41","score":62.7,"land":100,"power":0,"fibre":39,"community":99,"dSub":14391,"dDc":3036,"cx":103.63395,"cy":1.310534}},{"type":"Feature","geometry":{"type":"Polygon","coordinates":[[[103.64644,1.309539],[103.648417,1.309539],[103.648417,1.311528],[103.64644,1.311528],[103.64644,1.309539]]]},"properties":{"id":"c18_41","score":65.1,"land":100,"power":0,"fibre":52,"community":98,"dSub":12927,"dDc":2394,"cx":103.647428,"cy":1.310534}},{"type":"Feature","geometry":{"type":"Polygon","coordinates":[[[103.666658,1.3118],[103.668634,1.3118],[103.668634,1.313789],[103.666658,1.313789],[103.666658,1.3118]]]},"properties":{"id":"c27_42","score":63.4,"land":100,"power":0,"fibre":44,"community":98,"dSub":10666,"dDc":2796,"cx":103.667646,"cy":1.312794}},{"type":"Feature","geometry":{"type":"Polygon","coordinates":[[[103.664411,1.338931],[103.666388,1.338931],[103.666388,1.34092],[103.664411,1.34092],[103.664411,1.338931]]]},"properties":{"id":"c26_54","score":51.5,"land":71,"power":0,"fibre":64,"community":69,"dSub":9928,"dDc":1821,"cx":103.6654,"cy":1.339926}},{"type":"Feature","geometry":{"type":"Polygon","coordinates":[[[103.664411,1.33667],[103.666388,1.33667],[103.666388,1.33866],[103.664411,1.33866],[103.664411,1.33667]]]},"properties":{"id":"c26_53","score":46.8,"land":58,"power":0,"fibre":66,"community":66,"dSub":10006,"dDc":1712,"cx":103.6654,"cy":1.337665}},{"type":"Feature","geometry":{"type":"Polygon","coordinates":[[[103.657672,1.33667],[103.659649,1.33667],[103.659649,1.33866],[103.657672,1.33866],[103.657672,1.33667]]]},"properties":{"id":"c23_53","score":41.8,"land":46,"power":0,"fibre":79,"community":50,"dSub":10718,"dDc":1055,"cx":103.65866,"cy":1.337665}},{"type":"Feature","geometry":{"type":"Polygon","coordinates":[[[103.659918,1.334409],[103.661895,1.334409],[103.661895,1.336399],[103.659918,1.336399],[103.659918,1.334409]]]},"properties":{"id":"c24_52","score":43.6,"land":46,"power":0,"fibre":77,"community":60,"dSub":10560,"dDc":1156,"cx":103.660907,"cy":1.335404}},{"type":"Feature","geometry":{"type":"Polygon","coordinates":[[[103.655426,1.329887],[103.657402,1.329887],[103.657402,1.331877],[103.655426,1.331877],[103.655426,1.329887]]]},"properties":{"id":"c22_50","score":71.7,"land":100,"power":0,"fibre":88,"community":96,"dSub":11202,"dDc":597,"cx":103.656414,"cy":1.330882}},{"type":"Feature","geometry":{"type":"Polygon","coordinates":[[[103.682382,1.314061],[103.684359,1.314061],[103.684359,1.31605],[103.682382,1.31605],[103.682382,1.314061]]]},"properties":{"id":"c34_43","score":58.5,"land":79,"power":0,"fibre":60,"community":94,"dSub":8907,"dDc":2023,"cx":103.683371,"cy":1.315055}},{"type":"Feature","geometry":{"type":"Polygon","coordinates":[[[103.684629,1.309539],[103.686606,1.309539],[103.686606,1.311528],[103.684629,1.311528],[103.684629,1.309539]]]},"properties":{"id":"c35_41","score":47.5,"land":48,"power":0,"fibre":62,"community":91,"dSub":8689,"dDc":1892,"cx":103.685617,"cy":1.310534}},{"type":"Feature","geometry":{"type":"Polygon","coordinates":[[[103.682382,1.309539],[103.684359,1.309539],[103.684359,1.311528],[103.682382,1.311528],[103.682382,1.309539]]]},"properties":{"id":"c34_41","score":64.6,"land":100,"power":0,"fibre":57,"community":91,"dSub":8938,"dDc":2127,"cx":103.683371,"cy":1.310534}},{"type":"Feature","geometry":{"type":"Polygon","coordinates":[[[103.686875,1.307278],[103.688852,1.307278],[103.688852,1.309267],[103.686875,1.309267],[103.686875,1.307278]]]},"properties":{"id":"c36_40","score":47.8,"land":46,"power":0,"fibre":64,"community":94,"dSub":8467,"dDc":1779,"cx":103.687864,"cy":1.308273}},{"type":"Feature","geometry":{"type":"Polygon","coordinates":[[[103.682382,1.3118],[103.684359,1.3118],[103.684359,1.313789],[103.682382,1.313789],[103.682382,1.3118]]]},"properties":{"id":"c34_42","score":56.7,"land":76,"power":0,"fibre":59,"community":91,"dSub":8919,"dDc":2061,"cx":103.683371,"cy":1.312794}},{"type":"Feature","geometry":{"type":"Polygon","coordinates":[[[103.686875,1.309539],[103.688852,1.309539],[103.688852,1.311528],[103.686875,1.311528],[103.686875,1.309539]]]},"properties":{"id":"c36_41","score":40.8,"land":24,"power":0,"fibre":67,"community":95,"dSub":8440,"dDc":1661,"cx":103.687864,"cy":1.310534}},{"type":"Feature","geometry":{"type":"Polygon","coordinates":[[[103.67115,1.33667],[103.673127,1.33667],[103.673127,1.33866],[103.67115,1.33866],[103.67115,1.33667]]]},"properties":{"id":"c29_53","score":61.9,"land":100,"power":0,"fibre":52,"community":83,"dSub":9300,"dDc":2424,"cx":103.672139,"cy":1.337665}},{"type":"Feature","geometry":{"type":"Polygon","coordinates":[[[103.668904,1.33667],[103.670881,1.33667],[103.670881,1.33866],[103.668904,1.33866],[103.668904,1.33667]]]},"properties":{"id":"c28_53","score":42.7,"land":39,"power":0,"fibre":56,"community":89,"dSub":9534,"dDc":2184,"cx":103.669892,"cy":1.337665}},{"type":"Feature","geometry":{"type":"Polygon","coordinates":[[[103.67115,1.329887],[103.673127,1.329887],[103.673127,1.331877],[103.67115,1.331877],[103.67115,1.329887]]]},"properties":{"id":"c29_50","score":57.3,"land":80,"power":0,"fibre":53,"community":92,"dSub":9588,"dDc":2340,"cx":103.672139,"cy":1.330882}},{"type":"Feature","geometry":{"type":"Polygon","coordinates":[[[103.684629,1.329887],[103.686606,1.329887],[103.686606,1.331877],[103.684629,1.331877],[103.684629,1.329887]]]},"properties":{"id":"c35_50","score":57.8,"land":79,"power":0,"fibre":59,"community":91,"dSub":8248,"dDc":2043,"cx":103.685617,"cy":1.330882}},{"type":"Feature","geometry":{"type":"Polygon","coordinates":[[[103.686875,1.329887],[103.688852,1.329887],[103.688852,1.331877],[103.686875,1.331877],[103.686875,1.329887]]]},"properties":{"id":"c36_50","score":52.4,"land":62,"power":0,"fibre":63,"community":91,"dSub":8031,"dDc":1833,"cx":103.687864,"cy":1.330882}},{"type":"Feature","geometry":{"type":"Polygon","coordinates":[[[103.668904,1.293712],[103.670881,1.293712],[103.670881,1.295702],[103.668904,1.295702],[103.668904,1.293712]]]},"properties":{"id":"c28_34","score":54.4,"land":90,"power":0,"fibre":15,"community":99,"dSub":10710,"dDc":4274,"cx":103.669892,"cy":1.294707}},{"type":"Feature","geometry":{"type":"Polygon","coordinates":[[[103.693614,1.302756],[103.695591,1.302756],[103.695591,1.304746],[103.693614,1.304746],[103.693614,1.302756]]]},"properties":{"id":"c39_38","score":68.2,"land":100,"power":0,"fibre":68,"community":98,"dSub":7807,"dDc":1623,"cx":103.694603,"cy":1.303751}},{"type":"Feature","geometry":{"type":"Polygon","coordinates":[[[103.655426,1.314061],[103.657402,1.314061],[103.657402,1.31605],[103.655426,1.31605],[103.655426,1.314061]]]},"properties":{"id":"c22_43","score":66.8,"land":100,"power":0,"fibre":61,"community":98,"dSub":11906,"dDc":1948,"cx":103.656414,"cy":1.315055}},{"type":"Feature","geometry":{"type":"Polygon","coordinates":[[[103.619483,1.273364],[103.62146,1.273364],[103.62146,1.275354],[103.619483,1.275354],[103.619483,1.273364]]]},"properties":{"id":"c6_25","score":54.6,"land":100,"power":0,"fibre":0,"community":98,"dSub":16610,"dDc":7216,"cx":103.620472,"cy":1.274359}},{"type":"Feature","geometry":{"type":"Polygon","coordinates":[[[103.664411,1.320843],[103.666388,1.320843],[103.666388,1.322833],[103.664411,1.322833],[103.664411,1.320843]]]},"properties":{"id":"c26_46","score":67.3,"land":100,"power":0,"fibre":61,"community":100,"dSub":10703,"dDc":1936,"cx":103.6654,"cy":1.321838}},{"type":"Feature","geometry":{"type":"Polygon","coordinates":[[[103.641947,1.33667],[103.643924,1.33667],[103.643924,1.33866],[103.641947,1.33866],[103.641947,1.33667]]]},"properties":{"id":"c16_53","score":70.0,"land":100,"power":0,"fibre":78,"community":98,"dSub":12397,"dDc":1116,"cx":103.642936,"cy":1.337665}},{"type":"Feature","geometry":{"type":"Polygon","coordinates":[[[103.630715,1.314061],[103.632692,1.314061],[103.632692,1.31605],[103.630715,1.31605],[103.630715,1.314061]]]},"properties":{"id":"c11_43","score":59.9,"land":100,"power":0,"fibre":43,"community":81,"dSub":14410,"dDc":2851,"cx":103.631704,"cy":1.315055}},{"type":"Feature","geometry":{"type":"Polygon","coordinates":[[[103.610498,1.241711],[103.612474,1.241711],[103.612474,1.2437],[103.610498,1.2437],[103.610498,1.241711]]]},"properties":{"id":"c2_11","score":55.0,"land":100,"power":0,"fibre":0,"community":100,"dSub":18830,"dDc":10800,"cx":103.611486,"cy":1.242706}},{"type":"Feature","geometry":{"type":"Polygon","coordinates":[[[103.608251,1.241711],[103.610228,1.241711],[103.610228,1.2437],[103.608251,1.2437],[103.608251,1.241711]]]},"properties":{"id":"c1_11","score":55.0,"land":100,"power":0,"fibre":0,"community":100,"dSub":19054,"dDc":10905,"cx":103.60924,"cy":1.242706}},{"type":"Feature","geometry":{"type":"Polygon","coordinates":[[[103.612744,1.241711],[103.614721,1.241711],[103.614721,1.2437],[103.612744,1.2437],[103.612744,1.241711]]]},"properties":{"id":"c3_11","score":54.8,"land":100,"power":0,"fibre":0,"community":99,"dSub":18605,"dDc":10701,"cx":103.613732,"cy":1.242706}},{"type":"Feature","geometry":{"type":"Polygon","coordinates":[[[103.612744,1.246233],[103.614721,1.246233],[103.614721,1.248222],[103.612744,1.248222],[103.612744,1.246233]]]},"properties":{"id":"c3_13","score":52.6,"land":94,"power":0,"fibre":0,"community":99,"dSub":18388,"dDc":10242,"cx":103.613732,"cy":1.247228}},{"type":"Feature","geometry":{"type":"Polygon","coordinates":[[[103.612744,1.250755],[103.614721,1.250755],[103.614721,1.252744],[103.612744,1.252744],[103.612744,1.250755]]]},"properties":{"id":"c3_15","score":55.0,"land":100,"power":0,"fibre":0,"community":100,"dSub":18181,"dDc":9787,"cx":103.613732,"cy":1.251749}},{"type":"Feature","geometry":{"type":"Polygon","coordinates":[[[103.610498,1.250755],[103.612474,1.250755],[103.612474,1.252744],[103.610498,1.252744],[103.610498,1.250755]]]},"properties":{"id":"c2_15","score":54.7,"land":100,"power":0,"fibre":0,"community":98,"dSub":18411,"dDc":9896,"cx":103.611486,"cy":1.251749}},{"type":"Feature","geometry":{"type":"Polygon","coordinates":[[[103.619483,1.268842],[103.62146,1.268842],[103.62146,1.270832],[103.619483,1.270832],[103.619483,1.268842]]]},"properties":{"id":"c6_23","score":54.6,"land":100,"power":0,"fibre":0,"community":98,"dSub":16762,"dDc":7660,"cx":103.620472,"cy":1.269837}},{"type":"Feature","geometry":{"type":"Polygon","coordinates":[[[103.617237,1.271103],[103.619214,1.271103],[103.619214,1.273093],[103.617237,1.273093],[103.617237,1.271103]]]},"properties":{"id":"c5_24","score":54.2,"land":100,"power":0,"fibre":0,"community":96,"dSub":16923,"dDc":7555,"cx":103.618225,"cy":1.272098}},{"type":"Feature","geometry":{"type":"Polygon","coordinates":[[[103.62173,1.268842],[103.623706,1.268842],[103.623706,1.270832],[103.62173,1.270832],[103.62173,1.268842]]]},"properties":{"id":"c7_23","score":54.4,"land":100,"power":0,"fibre":0,"community":97,"dSub":16525,"dDc":7552,"cx":103.622718,"cy":1.269837}},{"type":"Feature","geometry":{"type":"Polygon","coordinates":[[[103.619483,1.271103],[103.62146,1.271103],[103.62146,1.273093],[103.619483,1.273093],[103.619483,1.271103]]]},"properties":{"id":"c6_24","score":51.4,"land":90,"power":0,"fibre":0,"community":99,"dSub":16684,"dDc":7437,"cx":103.620472,"cy":1.272098}},{"type":"Feature","geometry":{"type":"Polygon","coordinates":[[[103.617237,1.273364],[103.619214,1.273364],[103.619214,1.275354],[103.617237,1.275354],[103.617237,1.273364]]]},"properties":{"id":"c5_25","score":54.3,"land":100,"power":0,"fibre":0,"community":96,"dSub":16850,"dDc":7337,"cx":103.618225,"cy":1.274359}},{"type":"Feature","geometry":{"type":"Polygon","coordinates":[[[103.619483,1.275625],[103.62146,1.275625],[103.62146,1.277614],[103.619483,1.277614],[103.619483,1.275625]]]},"properties":{"id":"c6_26","score":48.4,"land":82,"power":0,"fibre":0,"community":98,"dSub":16540,"dDc":6996,"cx":103.620472,"cy":1.27662}},{"type":"Feature","geometry":{"type":"Polygon","coordinates":[[[103.623976,1.280147],[103.625953,1.280147],[103.625953,1.282136],[103.623976,1.282136],[103.623976,1.280147]]]},"properties":{"id":"c8_28","score":54.2,"land":100,"power":0,"fibre":0,"community":96,"dSub":15925,"dDc":6319,"cx":103.624964,"cy":1.281141}},{"type":"Feature","geometry":{"type":"Polygon","coordinates":[[[103.623976,1.277886],[103.625953,1.277886],[103.625953,1.279875],[103.623976,1.279875],[103.623976,1.277886]]]},"properties":{"id":"c8_27","score":54.3,"land":100,"power":0,"fibre":0,"community":96,"dSub":15991,"dDc":6542,"cx":103.624964,"cy":1.278881}},{"type":"Feature","geometry":{"type":"Polygon","coordinates":[[[103.626222,1.277886],[103.628199,1.277886],[103.628199,1.279875],[103.626222,1.279875],[103.626222,1.277886]]]},"properties":{"id":"c9_27","score":53.5,"land":97,"power":0,"fibre":0,"community":97,"dSub":15750,"dDc":6435,"cx":103.627211,"cy":1.278881}},{"type":"Feature","geometry":{"type":"Polygon","coordinates":[[[103.628469,1.277886],[103.630446,1.277886],[103.630446,1.279875],[103.628469,1.279875],[103.628469,1.277886]]]},"properties":{"id":"c10_27","score":54.5,"land":100,"power":0,"fibre":0,"community":98,"dSub":15510,"dDc":6335,"cx":103.629457,"cy":1.278881}},{"type":"Feature","geometry":{"type":"Polygon","coordinates":[[[103.619483,1.280147],[103.62146,1.280147],[103.62146,1.282136],[103.619483,1.282136],[103.619483,1.280147]]]},"properties":{"id":"c6_28","score":48.0,"land":100,"power":0,"fibre":0,"community":65,"dSub":16409,"dDc":6565,"cx":103.620472,"cy":1.281141}},{"type":"Feature","geometry":{"type":"Polygon","coordinates":[[[103.630715,1.284669],[103.632692,1.284669],[103.632692,1.286658],[103.630715,1.286658],[103.630715,1.284669]]]},"properties":{"id":"c11_30","score":54.7,"land":100,"power":0,"fibre":0,"community":98,"dSub":15076,"dDc":5547,"cx":103.631704,"cy":1.285663}},{"type":"Feature","geometry":{"type":"Polygon","coordinates":[[[103.635208,1.286929],[103.637185,1.286929],[103.637185,1.288919],[103.635208,1.288919],[103.635208,1.286929]]]},"properties":{"id":"c13_31","score":54.7,"land":100,"power":0,"fibre":0,"community":98,"dSub":14531,"dDc":5134,"cx":103.636196,"cy":1.287924}},{"type":"Feature","geometry":{"type":"Polygon","coordinates":[[[103.632962,1.284669],[103.634938,1.284669],[103.634938,1.286658],[103.632962,1.286658],[103.632962,1.284669]]]},"properties":{"id":"c12_30","score":54.7,"land":100,"power":0,"fibre":0,"community":98,"dSub":14833,"dDc":5454,"cx":103.63395,"cy":1.285663}},{"type":"Feature","geometry":{"type":"Polygon","coordinates":[[[103.637454,1.28919],[103.639431,1.28919],[103.639431,1.29118],[103.637454,1.29118],[103.637454,1.28919]]]},"properties":{"id":"c14_32","score":55.4,"land":100,"power":0,"fibre":4,"community":98,"dSub":14232,"dDc":4819,"cx":103.638443,"cy":1.290185}},{"type":"Feature","geometry":{"type":"Polygon","coordinates":[[[103.644194,1.291451],[103.64617,1.291451],[103.64617,1.293441],[103.644194,1.293441],[103.644194,1.291451]]]},"properties":{"id":"c17_33","score":57.2,"land":100,"power":0,"fibre":12,"community":99,"dSub":13447,"dDc":4408,"cx":103.645182,"cy":1.292446}},{"type":"Feature","geometry":{"type":"Polygon","coordinates":[[[103.641947,1.291451],[103.643924,1.291451],[103.643924,1.293441],[103.641947,1.293441],[103.641947,1.291451]]]},"properties":{"id":"c16_33","score":57.0,"land":100,"power":0,"fibre":11,"community":99,"dSub":13691,"dDc":4452,"cx":103.642936,"cy":1.292446}},{"type":"Feature","geometry":{"type":"Polygon","coordinates":[[[103.644194,1.293712],[103.64617,1.293712],[103.64617,1.295702],[103.644194,1.295702],[103.644194,1.293712]]]},"properties":{"id":"c17_34","score":58.4,"land":100,"power":0,"fibre":17,"community":100,"dSub":13397,"dDc":4161,"cx":103.645182,"cy":1.294707}},{"type":"Feature","geometry":{"type":"Polygon","coordinates":[[[103.619483,1.300495],[103.62146,1.300495],[103.62146,1.302485],[103.619483,1.302485],[103.619483,1.300495]]]},"properties":{"id":"c6_37","score":55.7,"land":100,"power":0,"fibre":4,"community":99,"dSub":16003,"dDc":4787,"cx":103.620472,"cy":1.30149}},{"type":"Feature","geometry":{"type":"Polygon","coordinates":[[[103.62173,1.300495],[103.623706,1.300495],[103.623706,1.302485],[103.62173,1.302485],[103.62173,1.300495]]]},"properties":{"id":"c7_37","score":49.3,"land":81,"power":0,"fibre":8,"community":98,"dSub":15755,"dDc":4613,"cx":103.622718,"cy":1.30149}},{"type":"Feature","geometry":{"type":"Polygon","coordinates":[[[103.62173,1.298234],[103.623706,1.298234],[103.623706,1.300224],[103.62173,1.300224],[103.62173,1.298234]]]},"properties":{"id":"c7_36","score":54.6,"land":98,"power":0,"fibre":4,"community":97,"dSub":15786,"dDc":4798,"cx":103.622718,"cy":1.299229}},{"type":"Feature","geometry":{"type":"Polygon","coordinates":[[[103.675643,1.280147],[103.67762,1.280147],[103.67762,1.282136],[103.675643,1.282136],[103.675643,1.280147]]]},"properties":{"id":"c31_28","score":55.8,"land":100,"power":0,"fibre":4,"community":100,"dSub":10467,"dDc":4807,"cx":103.676632,"cy":1.281141}},{"type":"Feature","geometry":{"type":"Polygon","coordinates":[[[103.673397,1.282408],[103.675374,1.282408],[103.675374,1.284397],[103.673397,1.284397],[103.673397,1.282408]]]},"properties":{"id":"c30_29","score":56.0,"land":100,"power":0,"fibre":5,"community":100,"dSub":10606,"dDc":4759,"cx":103.674385,"cy":1.283402}},{"type":"Feature","geometry":{"type":"Polygon","coordinates":[[[103.675643,1.282408],[103.67762,1.282408],[103.67762,1.284397],[103.675643,1.284397],[103.675643,1.282408]]]},"properties":{"id":"c31_29","score":56.6,"land":100,"power":0,"fibre":8,"community":100,"dSub":10373,"dDc":4604,"cx":103.676632,"cy":1.283402}},{"type":"Feature","geometry":{"type":"Polygon","coordinates":[[[103.673397,1.280147],[103.675374,1.280147],[103.675374,1.282136],[103.673397,1.282136],[103.673397,1.280147]]]},"properties":{"id":"c30_28","score":55.2,"land":100,"power":0,"fibre":1,"community":100,"dSub":10698,"dDc":4955,"cx":103.674385,"cy":1.281141}},{"type":"Feature","geometry":{"type":"Polygon","coordinates":[[[103.680136,1.26432],[103.682113,1.26432],[103.682113,1.26631],[103.680136,1.26631],[103.680136,1.26432]]]},"properties":{"id":"c33_21","score":42.2,"land":69,"power":0,"fibre":0,"community":90,"dSub":10835,"dDc":6117,"cx":103.681124,"cy":1.265315}},{"type":"Feature","geometry":{"type":"Polygon","coordinates":[[[103.67789,1.26432],[103.679866,1.26432],[103.679866,1.26631],[103.67789,1.26631],[103.67789,1.26432]]]},"properties":{"id":"c32_21","score":48.3,"land":83,"power":0,"fibre":0,"community":97,"dSub":11047,"dDc":6213,"cx":103.678878,"cy":1.265315}},{"type":"Feature","geometry":{"type":"Polygon","coordinates":[[[103.608251,1.250755],[103.610228,1.250755],[103.610228,1.252744],[103.608251,1.252744],[103.608251,1.250755]]]},"properties":{"id":"c1_15","score":53.9,"land":100,"power":0,"fibre":0,"community":94,"dSub":18640,"dDc":10010,"cx":103.60924,"cy":1.251749}},{"type":"Feature","geometry":{"type":"Polygon","coordinates":[[[103.610498,1.255276],[103.612474,1.255276],[103.612474,1.257266],[103.610498,1.257266],[103.610498,1.255276]]]},"properties":{"id":"c2_17","score":55.0,"land":100,"power":0,"fibre":0,"community":100,"dSub":18218,"dDc":9451,"cx":103.611486,"cy":1.256271}},{"type":"Feature","geometry":{"type":"Polygon","coordinates":[[[103.610498,1.259798],[103.612474,1.259798],[103.612474,1.261788],[103.610498,1.261788],[103.610498,1.259798]]]},"properties":{"id":"c2_19","score":55.0,"land":100,"power":0,"fibre":0,"community":100,"dSub":18038,"dDc":9012,"cx":103.611486,"cy":1.260793}},{"type":"Feature","geometry":{"type":"Polygon","coordinates":[[[103.612744,1.255276],[103.614721,1.255276],[103.614721,1.257266],[103.612744,1.257266],[103.612744,1.255276]]]},"properties":{"id":"c3_17","score":55.0,"land":100,"power":0,"fibre":0,"community":100,"dSub":17987,"dDc":9337,"cx":103.613732,"cy":1.256271}},{"type":"Feature","geometry":{"type":"Polygon","coordinates":[[[103.639701,1.291451],[103.641678,1.291451],[103.641678,1.293441],[103.639701,1.293441],[103.639701,1.291451]]]},"properties":{"id":"c15_33","score":56.5,"land":100,"power":0,"fibre":10,"community":98,"dSub":13936,"dDc":4510,"cx":103.640689,"cy":1.292446}},{"type":"Feature","geometry":{"type":"Polygon","coordinates":[[[103.635208,1.345714],[103.637185,1.345714],[103.637185,1.347703],[103.635208,1.347703],[103.635208,1.345714]]]},"properties":{"id":"c13_57","score":65.7,"land":100,"power":0,"fibre":53,"community":100,"dSub":12911,"dDc":2337,"cx":103.636196,"cy":1.346708}},{"type":"Feature","geometry":{"type":"Polygon","coordinates":[[[103.668904,1.268842],[103.670881,1.268842],[103.670881,1.270832],[103.668904,1.270832],[103.668904,1.268842]]]},"properties":{"id":"c28_23","score":41.9,"land":63,"power":0,"fibre":0,"community":99,"dSub":11674,"dDc":6261,"cx":103.669892,"cy":1.269837}},{"type":"Feature","geometry":{"type":"Polygon","coordinates":[[[103.664411,1.26432],[103.666388,1.26432],[103.666388,1.26631],[103.664411,1.26631],[103.664411,1.26432]]]},"properties":{"id":"c26_21","score":54.1,"land":100,"power":0,"fibre":0,"community":96,"dSub":12348,"dDc":6957,"cx":103.6654,"cy":1.265315}},{"type":"Feature","geometry":{"type":"Polygon","coordinates":[[[103.673397,1.259798],[103.675374,1.259798],[103.675374,1.261788],[103.673397,1.261788],[103.673397,1.259798]]]},"properties":{"id":"c30_19","score":53.4,"land":97,"power":0,"fibre":0,"community":98,"dSub":11736,"dDc":6878,"cx":103.674385,"cy":1.260793}},{"type":"Feature","geometry":{"type":"Polygon","coordinates":[[[103.675643,1.262059],[103.67762,1.262059],[103.67762,1.264049],[103.675643,1.264049],[103.675643,1.262059]]]},"properties":{"id":"c31_20","score":49.6,"land":85,"power":0,"fibre":0,"community":99,"dSub":11391,"dDc":6544,"cx":103.676632,"cy":1.263054}},{"type":"Feature","geometry":{"type":"Polygon","coordinates":[[[103.675643,1.259798],[103.67762,1.259798],[103.67762,1.261788],[103.675643,1.261788],[103.675643,1.259798]]]},"properties":{"id":"c31_19","score":53.0,"land":95,"power":0,"fibre":0,"community":98,"dSub":11526,"dDc":6772,"cx":103.676632,"cy":1.260793}},{"type":"Feature","geometry":{"type":"Polygon","coordinates":[[[103.67115,1.237189],[103.673127,1.237189],[103.673127,1.239179],[103.67115,1.239179],[103.67115,1.237189]]]},"properties":{"id":"c29_9","score":52.4,"land":99,"power":0,"fibre":0,"community":89,"dSub":13435,"dDc":9275,"cx":103.672139,"cy":1.238184}},{"type":"Feature","geometry":{"type":"Polygon","coordinates":[[[103.686875,1.248494],[103.688852,1.248494],[103.688852,1.250483],[103.686875,1.250483],[103.686875,1.248494]]]},"properties":{"id":"c36_14","score":43.4,"land":67,"power":0,"fibre":0,"community":100,"dSub":11295,"dDc":7585,"cx":103.687864,"cy":1.249488}},{"type":"Feature","geometry":{"type":"Polygon","coordinates":[[[103.686875,1.241711],[103.688852,1.241711],[103.688852,1.2437],[103.686875,1.2437],[103.686875,1.241711]]]},"properties":{"id":"c36_11","score":43.2,"land":66,"power":0,"fibre":0,"community":99,"dSub":11810,"dDc":8321,"cx":103.687864,"cy":1.242706}},{"type":"Feature","geometry":{"type":"Polygon","coordinates":[[[103.686875,1.250755],[103.688852,1.250755],[103.688852,1.252744],[103.686875,1.252744],[103.686875,1.250755]]]},"properties":{"id":"c36_15","score":50.4,"land":89,"power":0,"fibre":0,"community":97,"dSub":11130,"dDc":7340,"cx":103.687864,"cy":1.251749}},{"type":"Feature","geometry":{"type":"Polygon","coordinates":[[[103.689122,1.241711],[103.691098,1.241711],[103.691098,1.2437],[103.689122,1.2437],[103.689122,1.241711]]]},"properties":{"id":"c37_11","score":44.0,"land":69,"power":0,"fibre":0,"community":99,"dSub":11633,"dDc":8279,"cx":103.69011,"cy":1.242706}},{"type":"Feature","geometry":{"type":"Polygon","coordinates":[[[103.682382,1.237189],[103.684359,1.237189],[103.684359,1.239179],[103.682382,1.239179],[103.682382,1.237189]]]},"properties":{"id":"c34_9","score":55.0,"land":100,"power":0,"fibre":0,"community":100,"dSub":12517,"dDc":8912,"cx":103.683371,"cy":1.238184}},{"type":"Feature","geometry":{"type":"Polygon","coordinates":[[[103.682382,1.23945],[103.684359,1.23945],[103.684359,1.24144],[103.682382,1.24144],[103.682382,1.23945]]]},"properties":{"id":"c34_10","score":55.0,"land":100,"power":0,"fibre":0,"community":100,"dSub":12342,"dDc":8669,"cx":103.683371,"cy":1.240445}},{"type":"Feature","geometry":{"type":"Polygon","coordinates":[[[103.684629,1.237189],[103.686606,1.237189],[103.686606,1.239179],[103.684629,1.239179],[103.684629,1.237189]]]},"properties":{"id":"c35_9","score":54.9,"land":100,"power":0,"fibre":0,"community":100,"dSub":12340,"dDc":8859,"cx":103.685617,"cy":1.238184}},{"type":"Feature","geometry":{"type":"Polygon","coordinates":[[[103.684629,1.23945],[103.686606,1.23945],[103.686606,1.24144],[103.684629,1.24144],[103.684629,1.23945]]]},"properties":{"id":"c35_10","score":53.4,"land":95,"power":0,"fibre":0,"community":100,"dSub":12163,"dDc":8614,"cx":103.685617,"cy":1.240445}},{"type":"Feature","geometry":{"type":"Polygon","coordinates":[[[103.684629,1.241711],[103.686606,1.241711],[103.686606,1.2437],[103.684629,1.2437],[103.684629,1.241711]]]},"properties":{"id":"c35_11","score":54.9,"land":100,"power":0,"fibre":0,"community":99,"dSub":11989,"dDc":8370,"cx":103.685617,"cy":1.242706}},{"type":"Feature","geometry":{"type":"Polygon","coordinates":[[[103.686875,1.23945],[103.688852,1.23945],[103.688852,1.24144],[103.686875,1.24144],[103.686875,1.23945]]]},"properties":{"id":"c36_10","score":55.0,"land":100,"power":0,"fibre":0,"community":100,"dSub":11987,"dDc":8567,"cx":103.687864,"cy":1.240445}},{"type":"Feature","geometry":{"type":"Polygon","coordinates":[[[103.689122,1.237189],[103.691098,1.237189],[103.691098,1.239179],[103.689122,1.239179],[103.689122,1.237189]]]},"properties":{"id":"c37_9","score":54.7,"land":100,"power":0,"fibre":0,"community":99,"dSub":11995,"dDc":8773,"cx":103.69011,"cy":1.238184}},{"type":"Feature","geometry":{"type":"Polygon","coordinates":[[[103.686875,1.237189],[103.688852,1.237189],[103.688852,1.239179],[103.686875,1.239179],[103.686875,1.237189]]]},"properties":{"id":"c36_9","score":54.9,"land":100,"power":0,"fibre":0,"community":99,"dSub":12166,"dDc":8813,"cx":103.687864,"cy":1.238184}},{"type":"Feature","geometry":{"type":"Polygon","coordinates":[[[103.680136,1.234928],[103.682113,1.234928],[103.682113,1.236918],[103.680136,1.236918],[103.680136,1.234928]]]},"properties":{"id":"c33_8","score":41.9,"land":63,"power":0,"fibre":0,"community":99,"dSub":12870,"dDc":9214,"cx":103.681124,"cy":1.235923}},{"type":"Feature","geometry":{"type":"Polygon","coordinates":[[[103.680136,1.237189],[103.682113,1.237189],[103.682113,1.239179],[103.680136,1.239179],[103.680136,1.237189]]]},"properties":{"id":"c33_9","score":55.0,"land":100,"power":0,"fibre":0,"community":100,"dSub":12696,"dDc":8972,"cx":103.681124,"cy":1.238184}},{"type":"Feature","geometry":{"type":"Polygon","coordinates":[[[103.680136,1.232667],[103.682113,1.232667],[103.682113,1.234657],[103.680136,1.234657],[103.680136,1.232667]]]},"properties":{"id":"c33_7","score":54.6,"land":100,"power":0,"fibre":0,"community":98,"dSub":13047,"dDc":9457,"cx":103.681124,"cy":1.233662}},{"type":"Feature","geometry":{"type":"Polygon","coordinates":[[[103.67115,1.234928],[103.673127,1.234928],[103.673127,1.236918],[103.67115,1.236918],[103.67115,1.234928]]]},"properties":{"id":"c29_8","score":49.6,"land":91,"power":0,"fibre":0,"community":90,"dSub":13600,"dDc":9510,"cx":103.672139,"cy":1.235923}},{"type":"Feature","geometry":{"type":"Polygon","coordinates":[[[103.675643,1.232667],[103.67762,1.232667],[103.67762,1.234657],[103.675643,1.234657],[103.675643,1.232667]]]},"properties":{"id":"c31_7","score":41.1,"land":71,"power":0,"fibre":0,"community":81,"dSub":13403,"dDc":9589,"cx":103.676632,"cy":1.233662}},{"type":"Feature","geometry":{"type":"Polygon","coordinates":[[[103.673397,1.232667],[103.675374,1.232667],[103.675374,1.234657],[103.673397,1.234657],[103.673397,1.232667]]]},"properties":{"id":"c30_7","score":46.4,"land":84,"power":0,"fibre":0,"community":85,"dSub":13584,"dDc":9664,"cx":103.674385,"cy":1.233662}},{"type":"Feature","geometry":{"type":"Polygon","coordinates":[[[103.67115,1.223623],[103.673127,1.223623],[103.673127,1.225613],[103.67115,1.225613],[103.67115,1.223623]]]},"properties":{"id":"c29_3","score":54.5,"land":100,"power":0,"fibre":0,"community":98,"dSub":14462,"dDc":10692,"cx":103.672139,"cy":1.224618}},{"type":"Feature","geometry":{"type":"Polygon","coordinates":[[[103.630715,1.302756],[103.632692,1.302756],[103.632692,1.304746],[103.630715,1.304746],[103.630715,1.302756]]]},"properties":{"id":"c11_38","score":59.6,"land":100,"power":0,"fibre":24,"community":99,"dSub":14734,"dDc":3786,"cx":103.631704,"cy":1.303751}},{"type":"Feature","geometry":{"type":"Polygon","coordinates":[[[103.630715,1.275625],[103.632692,1.275625],[103.632692,1.277614],[103.630715,1.277614],[103.630715,1.275625]]]},"properties":{"id":"c11_26","score":55.0,"land":100,"power":0,"fibre":0,"community":100,"dSub":15342,"dDc":6479,"cx":103.631704,"cy":1.27662}},{"type":"Feature","geometry":{"type":"Polygon","coordinates":[[[103.630715,1.277886],[103.632692,1.277886],[103.632692,1.279875],[103.630715,1.279875],[103.630715,1.277886]]]},"properties":{"id":"c11_27","score":55.0,"land":100,"power":0,"fibre":0,"community":100,"dSub":15270,"dDc":6244,"cx":103.631704,"cy":1.278881}},{"type":"Feature","geometry":{"type":"Polygon","coordinates":[[[103.637454,1.275625],[103.639431,1.275625],[103.639431,1.277614],[103.637454,1.277614],[103.637454,1.275625]]]},"properties":{"id":"c14_26","score":54.9,"land":100,"power":0,"fibre":0,"community":100,"dSub":14627,"dDc":6269,"cx":103.638443,"cy":1.27662}},{"type":"Feature","geometry":{"type":"Polygon","coordinates":[[[103.635208,1.275625],[103.637185,1.275625],[103.637185,1.277614],[103.635208,1.277614],[103.635208,1.275625]]]},"properties":{"id":"c13_26","score":54.9,"land":100,"power":0,"fibre":0,"community":100,"dSub":14865,"dDc":6330,"cx":103.636196,"cy":1.27662}},{"type":"Feature","geometry":{"type":"Polygon","coordinates":[[[103.632962,1.277886],[103.634938,1.277886],[103.634938,1.279875],[103.632962,1.279875],[103.632962,1.277886]]]},"properties":{"id":"c12_27","score":54.9,"land":100,"power":0,"fibre":0,"community":100,"dSub":15030,"dDc":6162,"cx":103.63395,"cy":1.278881}},{"type":"Feature","geometry":{"type":"Polygon","coordinates":[[[103.632962,1.275625],[103.634938,1.275625],[103.634938,1.277614],[103.632962,1.277614],[103.632962,1.275625]]]},"properties":{"id":"c12_26","score":55.0,"land":100,"power":0,"fibre":0,"community":100,"dSub":15103,"dDc":6400,"cx":103.63395,"cy":1.27662}},{"type":"Feature","geometry":{"type":"Polygon","coordinates":[[[103.630715,1.273364],[103.632692,1.273364],[103.632692,1.275354],[103.630715,1.275354],[103.630715,1.273364]]]},"properties":{"id":"c11_25","score":55.0,"land":100,"power":0,"fibre":0,"community":100,"dSub":15418,"dDc":6716,"cx":103.631704,"cy":1.274359}},{"type":"Feature","geometry":{"type":"Polygon","coordinates":[[[103.632962,1.273364],[103.634938,1.273364],[103.634938,1.275354],[103.632962,1.275354],[103.632962,1.273364]]]},"properties":{"id":"c12_25","score":54.9,"land":100,"power":0,"fibre":0,"community":99,"dSub":15181,"dDc":6639,"cx":103.63395,"cy":1.274359}},{"type":"Feature","geometry":{"type":"Polygon","coordinates":[[[103.635208,1.277886],[103.637185,1.277886],[103.637185,1.279875],[103.635208,1.279875],[103.635208,1.277886]]]},"properties":{"id":"c13_27","score":54.9,"land":100,"power":0,"fibre":0,"community":100,"dSub":14791,"dDc":6089,"cx":103.636196,"cy":1.278881}},{"type":"Feature","geometry":{"type":"Polygon","coordinates":[[[103.639701,1.273364],[103.641678,1.273364],[103.641678,1.275354],[103.639701,1.275354],[103.639701,1.273364]]]},"properties":{"id":"c15_25","score":55.0,"land":100,"power":0,"fibre":0,"community":100,"dSub":14471,"dDc":6463,"cx":103.640689,"cy":1.274359}},{"type":"Feature","geometry":{"type":"Polygon","coordinates":[[[103.637454,1.273364],[103.639431,1.273364],[103.639431,1.275354],[103.637454,1.275354],[103.637454,1.273364]]]},"properties":{"id":"c14_25","score":54.8,"land":100,"power":0,"fibre":0,"community":99,"dSub":14707,"dDc":6513,"cx":103.638443,"cy":1.274359}},{"type":"Feature","geometry":{"type":"Polygon","coordinates":[[[103.637454,1.271103],[103.639431,1.271103],[103.639431,1.273093],[103.637454,1.273093],[103.637454,1.271103]]]},"properties":{"id":"c14_24","score":50.6,"land":89,"power":0,"fibre":0,"community":97,"dSub":14790,"dDc":6757,"cx":103.638443,"cy":1.272098}},{"type":"Feature","geometry":{"type":"Polygon","coordinates":[[[103.628469,1.271103],[103.630446,1.271103],[103.630446,1.273093],[103.628469,1.273093],[103.628469,1.271103]]]},"properties":{"id":"c10_24","score":51.1,"land":92,"power":0,"fibre":0,"community":95,"dSub":15734,"dDc":7034,"cx":103.629457,"cy":1.272098}},{"type":"Feature","geometry":{"type":"Polygon","coordinates":[[[103.632962,1.271103],[103.634938,1.271103],[103.634938,1.273093],[103.632962,1.273093],[103.632962,1.271103]]]},"properties":{"id":"c12_24","score":47.2,"land":78,"power":0,"fibre":0,"community":99,"dSub":15261,"dDc":6879,"cx":103.63395,"cy":1.272098}},{"type":"Feature","geometry":{"type":"Polygon","coordinates":[[[103.632962,1.268842],[103.634938,1.268842],[103.634938,1.270832],[103.632962,1.270832],[103.632962,1.268842]]]},"properties":{"id":"c12_23","score":54.8,"land":100,"power":0,"fibre":0,"community":99,"dSub":15346,"dDc":7120,"cx":103.63395,"cy":1.269837}},{"type":"Feature","geometry":{"type":"Polygon","coordinates":[[[103.630715,1.268842],[103.632692,1.268842],[103.632692,1.270832],[103.630715,1.270832],[103.630715,1.268842]]]},"properties":{"id":"c11_23","score":54.4,"land":100,"power":0,"fibre":0,"community":97,"dSub":15581,"dDc":7191,"cx":103.631704,"cy":1.269837}},{"type":"Feature","geometry":{"type":"Polygon","coordinates":[[[103.628469,1.268842],[103.630446,1.268842],[103.630446,1.270832],[103.628469,1.270832],[103.628469,1.268842]]]},"properties":{"id":"c10_23","score":46.3,"land":79,"power":0,"fibre":0,"community":93,"dSub":15816,"dDc":7270,"cx":103.629457,"cy":1.269837}},{"type":"Feature","geometry":{"type":"Polygon","coordinates":[[[103.637454,1.295973],[103.639431,1.295973],[103.639431,1.297963],[103.637454,1.297963],[103.637454,1.295973]]]},"properties":{"id":"c14_35","score":43.8,"land":59,"power":0,"fibre":18,"community":98,"dSub":14091,"dDc":4108,"cx":103.638443,"cy":1.296968}},{"type":"Feature","geometry":{"type":"Polygon","coordinates":[[[103.62173,1.302756],[103.623706,1.302756],[103.623706,1.304746],[103.62173,1.304746],[103.62173,1.302756]]]},"properties":{"id":"c7_38","score":54.3,"land":92,"power":0,"fibre":11,"community":99,"dSub":15728,"dDc":4434,"cx":103.622718,"cy":1.303751}},{"type":"Feature","geometry":{"type":"Polygon","coordinates":[[[103.61499,1.232667],[103.616967,1.232667],[103.616967,1.234657],[103.61499,1.234657],[103.61499,1.232667]]]},"properties":{"id":"c4_7","score":54.9,"land":100,"power":0,"fibre":0,"community":100,"dSub":18855,"dDc":11541,"cx":103.615979,"cy":1.233662}},{"type":"Feature","geometry":{"type":"Polygon","coordinates":[[[103.617237,1.232667],[103.619214,1.232667],[103.619214,1.234657],[103.617237,1.234657],[103.617237,1.232667]]]},"properties":{"id":"c5_7","score":54.9,"land":100,"power":0,"fibre":0,"community":100,"dSub":18638,"dDc":11459,"cx":103.618225,"cy":1.233662}},{"type":"Feature","geometry":{"type":"Polygon","coordinates":[[[103.617237,1.230406],[103.619214,1.230406],[103.619214,1.232396],[103.617237,1.232396],[103.617237,1.230406]]]},"properties":{"id":"c5_6","score":53.8,"land":97,"power":0,"fibre":0,"community":99,"dSub":18764,"dDc":11696,"cx":103.618225,"cy":1.231401}},{"type":"Feature","geometry":{"type":"Polygon","coordinates":[[[103.675643,1.26432],[103.67762,1.26432],[103.67762,1.26631],[103.675643,1.26631],[103.675643,1.26432]]]},"properties":{"id":"c31_21","score":54.7,"land":100,"power":0,"fibre":0,"community":98,"dSub":11260,"dDc":6319,"cx":103.676632,"cy":1.265315}},{"type":"Feature","geometry":{"type":"Polygon","coordinates":[[[103.666658,1.262059],[103.668634,1.262059],[103.668634,1.264049],[103.666658,1.264049],[103.666658,1.262059]]]},"properties":{"id":"c27_20","score":51.8,"land":94,"power":0,"fibre":0,"community":94,"dSub":12250,"dDc":7026,"cx":103.667646,"cy":1.263054}},{"type":"Feature","geometry":{"type":"Polygon","coordinates":[[[103.666658,1.26432],[103.668634,1.26432],[103.668634,1.26631],[103.666658,1.26631],[103.666658,1.26432]]]},"properties":{"id":"c27_21","score":51.5,"land":94,"power":0,"fibre":0,"community":94,"dSub":12128,"dDc":6816,"cx":103.667646,"cy":1.265315}},{"type":"Feature","geometry":{"type":"Polygon","coordinates":[[[103.682382,1.268842],[103.684359,1.268842],[103.684359,1.270832],[103.682382,1.270832],[103.682382,1.268842]]]},"properties":{"id":"c34_23","score":43.4,"land":77,"power":0,"fibre":0,"community":81,"dSub":10360,"dDc":5560,"cx":103.683371,"cy":1.269837}},{"type":"Feature","geometry":{"type":"Polygon","coordinates":[[[103.666658,1.259798],[103.668634,1.259798],[103.668634,1.261788],[103.666658,1.261788],[103.666658,1.259798]]]},"properties":{"id":"c27_19","score":54.1,"land":100,"power":0,"fibre":0,"community":96,"dSub":12375,"dDc":7238,"cx":103.667646,"cy":1.260793}},{"type":"Feature","geometry":{"type":"Polygon","coordinates":[[[103.668904,1.259798],[103.670881,1.259798],[103.670881,1.261788],[103.668904,1.261788],[103.668904,1.259798]]]},"properties":{"id":"c28_19","score":54.3,"land":100,"power":0,"fibre":0,"community":97,"dSub":12161,"dDc":7111,"cx":103.669892,"cy":1.260793}},{"type":"Feature","geometry":{"type":"Polygon","coordinates":[[[103.668904,1.257537],[103.670881,1.257537],[103.670881,1.259527],[103.668904,1.259527],[103.668904,1.257537]]]},"properties":{"id":"c28_18","score":48.4,"land":85,"power":0,"fibre":0,"community":93,"dSub":12292,"dDc":7330,"cx":103.669892,"cy":1.258532}},{"type":"Feature","geometry":{"type":"Polygon","coordinates":[[[103.664411,1.255276],[103.666388,1.255276],[103.666388,1.257266],[103.664411,1.257266],[103.664411,1.255276]]]},"properties":{"id":"c26_17","score":43.8,"land":71,"power":0,"fibre":0,"community":95,"dSub":12848,"dDc":7795,"cx":103.6654,"cy":1.256271}},{"type":"Feature","geometry":{"type":"Polygon","coordinates":[[[103.666658,1.255276],[103.668634,1.255276],[103.668634,1.257266],[103.666658,1.257266],[103.666658,1.255276]]]},"properties":{"id":"c27_17","score":45.4,"land":76,"power":0,"fibre":0,"community":95,"dSub":12637,"dDc":7669,"cx":103.667646,"cy":1.256271}},{"type":"Feature","geometry":{"type":"Polygon","coordinates":[[[103.668904,1.250755],[103.670881,1.250755],[103.670881,1.252744],[103.668904,1.252744],[103.668904,1.250755]]]},"properties":{"id":"c28_15","score":52.2,"land":96,"power":0,"fibre":0,"community":93,"dSub":12707,"dDc":7996,"cx":103.669892,"cy":1.251749}},{"type":"Feature","geometry":{"type":"Polygon","coordinates":[[[103.664411,1.268842],[103.666388,1.268842],[103.666388,1.270832],[103.664411,1.270832],[103.664411,1.268842]]]},"properties":{"id":"c26_23","score":54.8,"land":100,"power":0,"fibre":0,"community":99,"dSub":12122,"dDc":6555,"cx":103.6654,"cy":1.269837}},{"type":"Feature","geometry":{"type":"Polygon","coordinates":[[[103.662165,1.271103],[103.664142,1.271103],[103.664142,1.273093],[103.662165,1.273093],[103.662165,1.271103]]]},"properties":{"id":"c25_24","score":48.1,"land":89,"power":0,"fibre":0,"community":85,"dSub":12242,"dDc":6520,"cx":103.663153,"cy":1.272098}},{"type":"Feature","geometry":{"type":"Polygon","coordinates":[[[103.664411,1.271103],[103.666388,1.271103],[103.666388,1.273093],[103.664411,1.273093],[103.664411,1.271103]]]},"properties":{"id":"c26_24","score":54.0,"land":100,"power":0,"fibre":0,"community":95,"dSub":12014,"dDc":6359,"cx":103.6654,"cy":1.272098}},{"type":"Feature","geometry":{"type":"Polygon","coordinates":[[[103.666658,1.273364],[103.668634,1.273364],[103.668634,1.275354],[103.666658,1.275354],[103.666658,1.273364]]]},"properties":{"id":"c27_25","score":54.2,"land":100,"power":0,"fibre":0,"community":96,"dSub":11683,"dDc":6008,"cx":103.667646,"cy":1.274359}},{"type":"Feature","geometry":{"type":"Polygon","coordinates":[[[103.666658,1.271103],[103.668634,1.271103],[103.668634,1.273093],[103.666658,1.273093],[103.666658,1.271103]]]},"properties":{"id":"c27_24","score":54.2,"land":100,"power":0,"fibre":0,"community":96,"dSub":11788,"dDc":6205,"cx":103.667646,"cy":1.272098}},{"type":"Feature","geometry":{"type":"Polygon","coordinates":[[[103.666658,1.266581],[103.668634,1.266581],[103.668634,1.268571],[103.666658,1.268571],[103.666658,1.266581]]]},"properties":{"id":"c27_22","score":43.9,"land":71,"power":0,"fibre":0,"community":94,"dSub":12011,"dDc":6609,"cx":103.667646,"cy":1.267576}},{"type":"Feature","geometry":{"type":"Polygon","coordinates":[[[103.668904,1.26432],[103.670881,1.26432],[103.670881,1.26631],[103.668904,1.26631],[103.668904,1.26432]]]},"properties":{"id":"c28_21","score":49.5,"land":88,"power":0,"fibre":0,"community":94,"dSub":11909,"dDc":6681,"cx":103.669892,"cy":1.265315}},{"type":"Feature","geometry":{"type":"Polygon","coordinates":[[[103.673397,1.257537],[103.675374,1.257537],[103.675374,1.259527],[103.673397,1.259527],[103.673397,1.257537]]]},"properties":{"id":"c30_18","score":53.9,"land":100,"power":0,"fibre":0,"community":95,"dSub":11872,"dDc":7103,"cx":103.674385,"cy":1.258532}},{"type":"Feature","geometry":{"type":"Polygon","coordinates":[[[103.682382,1.255276],[103.684359,1.255276],[103.684359,1.257266],[103.682382,1.257266],[103.682382,1.255276]]]},"properties":{"id":"c34_17","score":45.2,"land":74,"power":0,"fibre":0,"community":97,"dSub":11202,"dDc":6979,"cx":103.683371,"cy":1.256271}},{"type":"Feature","geometry":{"type":"Polygon","coordinates":[[[103.635208,1.291451],[103.637185,1.291451],[103.637185,1.293441],[103.635208,1.293441],[103.635208,1.291451]]]},"properties":{"id":"c13_33","score":55.8,"land":100,"power":0,"fibre":7,"community":97,"dSub":14426,"dDc":4664,"cx":103.636196,"cy":1.292446}},{"type":"Feature","geometry":{"type":"Polygon","coordinates":[[[103.666658,1.275625],[103.668634,1.275625],[103.668634,1.277614],[103.666658,1.277614],[103.666658,1.275625]]]},"properties":{"id":"c27_26","score":52.6,"land":100,"power":0,"fibre":0,"community":88,"dSub":11583,"dDc":5815,"cx":103.667646,"cy":1.27662}},{"type":"Feature","geometry":{"type":"Polygon","coordinates":[[[103.691368,1.271103],[103.693345,1.271103],[103.693345,1.273093],[103.691368,1.273093],[103.691368,1.271103]]]},"properties":{"id":"c38_24","score":55.0,"land":100,"power":0,"fibre":0,"community":100,"dSub":9377,"dDc":5035,"cx":103.692356,"cy":1.272098}},{"type":"Feature","geometry":{"type":"Polygon","coordinates":[[[103.673397,1.266581],[103.675374,1.266581],[103.675374,1.268571],[103.673397,1.268571],[103.673397,1.266581]]]},"properties":{"id":"c30_22","score":55.0,"land":100,"power":0,"fibre":0,"community":100,"dSub":11351,"dDc":6212,"cx":103.674385,"cy":1.267576}},{"type":"Feature","geometry":{"type":"Polygon","coordinates":[[[103.619483,1.230406],[103.62146,1.230406],[103.62146,1.232396],[103.619483,1.232396],[103.619483,1.230406]]]},"properties":{"id":"c6_6","score":52.0,"land":92,"power":0,"fibre":0,"community":99,"dSub":18549,"dDc":11620,"cx":103.620472,"cy":1.231401}},{"type":"Feature","geometry":{"type":"Polygon","coordinates":[[[103.682382,1.338931],[103.684359,1.338931],[103.684359,1.34092],[103.682382,1.34092],[103.682382,1.338931]]]},"properties":{"id":"c34_54","score":51.9,"land":82,"power":0,"fibre":43,"community":74,"dSub":8044,"dDc":2867,"cx":103.683371,"cy":1.339926}},{"type":"Feature","geometry":{"type":"Polygon","coordinates":[[[103.684629,1.33667],[103.686606,1.33667],[103.686606,1.33866],[103.684629,1.33866],[103.684629,1.33667]]]},"properties":{"id":"c35_53","score":43.3,"land":56,"power":0,"fibre":50,"community":69,"dSub":7912,"dDc":2513,"cx":103.685617,"cy":1.337665}},{"type":"Feature","geometry":{"type":"Polygon","coordinates":[[[103.648686,1.3118],[103.650663,1.3118],[103.650663,1.313789],[103.648686,1.313789],[103.648686,1.3118]]]},"properties":{"id":"c19_42","score":48.7,"land":51,"power":0,"fibre":58,"community":97,"dSub":12664,"dDc":2114,"cx":103.649675,"cy":1.312794}},{"type":"Feature","geometry":{"type":"Polygon","coordinates":[[[103.675643,1.273364],[103.67762,1.273364],[103.67762,1.275354],[103.675643,1.275354],[103.675643,1.273364]]]},"properties":{"id":"c31_25","score":55.0,"land":100,"power":0,"fibre":0,"community":100,"dSub":10779,"dDc":5437,"cx":103.676632,"cy":1.274359}},{"type":"Feature","geometry":{"type":"Polygon","coordinates":[[[103.612744,1.262059],[103.614721,1.262059],[103.614721,1.264049],[103.612744,1.264049],[103.612744,1.262059]]]},"properties":{"id":"c3_20","score":55.0,"land":100,"power":0,"fibre":0,"community":100,"dSub":17717,"dDc":8672,"cx":103.613732,"cy":1.263054}},{"type":"Feature","geometry":{"type":"Polygon","coordinates":[[[103.61499,1.243972],[103.616967,1.243972],[103.616967,1.245961],[103.61499,1.245961],[103.61499,1.243972]]]},"properties":{"id":"c4_12","score":54.7,"land":100,"power":0,"fibre":0,"community":99,"dSub":18271,"dDc":10374,"cx":103.615979,"cy":1.244967}},{"type":"Feature","geometry":{"type":"Polygon","coordinates":[[[103.610498,1.26432],[103.612474,1.26432],[103.612474,1.26631],[103.610498,1.26631],[103.610498,1.26432]]]},"properties":{"id":"c2_21","score":55.0,"land":100,"power":0,"fibre":0,"community":100,"dSub":17869,"dDc":8579,"cx":103.611486,"cy":1.265315}},{"type":"Feature","geometry":{"type":"Polygon","coordinates":[[[103.644194,1.282408],[103.64617,1.282408],[103.64617,1.284397],[103.644194,1.284397],[103.644194,1.282408]]]},"properties":{"id":"c17_29","score":55.0,"land":100,"power":0,"fibre":0,"community":100,"dSub":13690,"dDc":5399,"cx":103.645182,"cy":1.283402}},{"type":"Feature","geometry":{"type":"Polygon","coordinates":[[[103.644194,1.277886],[103.64617,1.277886],[103.64617,1.279875],[103.644194,1.279875],[103.644194,1.277886]]]},"properties":{"id":"c17_27","score":55.0,"land":100,"power":0,"fibre":0,"community":100,"dSub":13837,"dDc":5895,"cx":103.645182,"cy":1.278881}},{"type":"Feature","geometry":{"type":"Polygon","coordinates":[[[103.644194,1.280147],[103.64617,1.280147],[103.64617,1.282136],[103.644194,1.282136],[103.644194,1.280147]]]},"properties":{"id":"c17_28","score":55.0,"land":100,"power":0,"fibre":0,"community":100,"dSub":13761,"dDc":5647,"cx":103.645182,"cy":1.281141}},{"type":"Feature","geometry":{"type":"Polygon","coordinates":[[[103.64644,1.280147],[103.648417,1.280147],[103.648417,1.282136],[103.64644,1.282136],[103.64644,1.280147]]]},"properties":{"id":"c18_28","score":46.3,"land":75,"power":0,"fibre":0,"community":100,"dSub":13522,"dDc":5623,"cx":103.647428,"cy":1.281141}},{"type":"Feature","geometry":{"type":"Polygon","coordinates":[[[103.626222,1.266581],[103.628199,1.266581],[103.628199,1.268571],[103.626222,1.268571],[103.626222,1.266581]]]},"properties":{"id":"c9_22","score":52.0,"land":100,"power":0,"fibre":0,"community":85,"dSub":16136,"dDc":7590,"cx":103.627211,"cy":1.267576}},{"type":"Feature","geometry":{"type":"Polygon","coordinates":[[[103.628469,1.26432],[103.630446,1.26432],[103.630446,1.26631],[103.628469,1.26631],[103.628469,1.26432]]]},"properties":{"id":"c10_21","score":54.7,"land":100,"power":0,"fibre":0,"community":98,"dSub":15991,"dDc":7743,"cx":103.629457,"cy":1.265315}},{"type":"Feature","geometry":{"type":"Polygon","coordinates":[[[103.623976,1.26432],[103.625953,1.26432],[103.625953,1.26631],[103.623976,1.26631],[103.623976,1.26432]]]},"properties":{"id":"c8_21","score":51.6,"land":93,"power":0,"fibre":0,"community":96,"dSub":16458,"dDc":7913,"cx":103.624964,"cy":1.265315}},{"type":"Feature","geometry":{"type":"Polygon","coordinates":[[[103.612744,1.259798],[103.614721,1.259798],[103.614721,1.261788],[103.612744,1.261788],[103.612744,1.259798]]]},"properties":{"id":"c3_19","score":55.0,"land":100,"power":0,"fibre":0,"community":100,"dSub":17804,"dDc":8892,"cx":103.613732,"cy":1.260793}},{"type":"Feature","geometry":{"type":"Polygon","coordinates":[[[103.61499,1.253016],[103.616967,1.253016],[103.616967,1.255005],[103.61499,1.255005],[103.61499,1.253016]]]},"properties":{"id":"c4_16","score":55.0,"land":100,"power":0,"fibre":0,"community":100,"dSub":17853,"dDc":9455,"cx":103.615979,"cy":1.25401}},{"type":"Feature","geometry":{"type":"Polygon","coordinates":[[[103.61499,1.250755],[103.616967,1.250755],[103.616967,1.252744],[103.61499,1.252744],[103.61499,1.250755]]]},"properties":{"id":"c4_15","score":54.9,"land":100,"power":0,"fibre":0,"community":100,"dSub":17953,"dDc":9683,"cx":103.615979,"cy":1.251749}},{"type":"Feature","geometry":{"type":"Polygon","coordinates":[[[103.61499,1.248494],[103.616967,1.248494],[103.616967,1.250483],[103.61499,1.250483],[103.61499,1.248494]]]},"properties":{"id":"c4_14","score":54.8,"land":100,"power":0,"fibre":0,"community":99,"dSub":18056,"dDc":9913,"cx":103.615979,"cy":1.249488}},{"type":"Feature","geometry":{"type":"Polygon","coordinates":[[[103.608251,1.26432],[103.610228,1.26432],[103.610228,1.26631],[103.608251,1.26631],[103.608251,1.26432]]]},"properties":{"id":"c1_21","score":55.0,"land":100,"power":0,"fibre":0,"community":100,"dSub":18106,"dDc":8711,"cx":103.60924,"cy":1.265315}},{"type":"Feature","geometry":{"type":"Polygon","coordinates":[[[103.610498,1.262059],[103.612474,1.262059],[103.612474,1.264049],[103.610498,1.264049],[103.610498,1.262059]]]},"properties":{"id":"c2_20","score":55.0,"land":100,"power":0,"fibre":0,"community":100,"dSub":17952,"dDc":8795,"cx":103.611486,"cy":1.263054}},{"type":"Feature","geometry":{"type":"Polygon","coordinates":[[[103.61499,1.234928],[103.616967,1.234928],[103.616967,1.236918],[103.61499,1.236918],[103.61499,1.234928]]]},"properties":{"id":"c4_8","score":54.9,"land":100,"power":0,"fibre":0,"community":99,"dSub":18733,"dDc":11306,"cx":103.615979,"cy":1.235923}},{"type":"Feature","geometry":{"type":"Polygon","coordinates":[[[103.610498,1.23945],[103.612474,1.23945],[103.612474,1.24144],[103.610498,1.24144],[103.610498,1.23945]]]},"properties":{"id":"c2_10","score":55.0,"land":100,"power":0,"fibre":0,"community":100,"dSub":18941,"dDc":11029,"cx":103.611486,"cy":1.240445}},{"type":"Feature","geometry":{"type":"Polygon","coordinates":[[[103.612744,1.23945],[103.614721,1.23945],[103.614721,1.24144],[103.612744,1.24144],[103.612744,1.23945]]]},"properties":{"id":"c3_10","score":54.5,"land":100,"power":0,"fibre":0,"community":98,"dSub":18718,"dDc":10931,"cx":103.613732,"cy":1.240445}},{"type":"Feature","geometry":{"type":"Polygon","coordinates":[[[103.61499,1.241711],[103.616967,1.241711],[103.616967,1.2437],[103.61499,1.2437],[103.61499,1.241711]]]},"properties":{"id":"c4_11","score":54.8,"land":100,"power":0,"fibre":0,"community":99,"dSub":18382,"dDc":10606,"cx":103.615979,"cy":1.242706}},{"type":"Feature","geometry":{"type":"Polygon","coordinates":[[[103.606005,1.241711],[103.607982,1.241711],[103.607982,1.2437],[103.606005,1.2437],[103.606005,1.241711]]]},"properties":{"id":"c0_11","score":55.0,"land":100,"power":0,"fibre":0,"community":100,"dSub":19280,"dDc":11014,"cx":103.606993,"cy":1.242706}},{"type":"Feature","geometry":{"type":"Polygon","coordinates":[[[103.610498,1.246233],[103.612474,1.246233],[103.612474,1.248222],[103.610498,1.248222],[103.610498,1.246233]]]},"properties":{"id":"c2_13","score":54.5,"land":100,"power":0,"fibre":0,"community":97,"dSub":18615,"dDc":10346,"cx":103.611486,"cy":1.247228}},{"type":"Feature","geometry":{"type":"Polygon","coordinates":[[[103.608251,1.246233],[103.610228,1.246233],[103.610228,1.248222],[103.608251,1.248222],[103.608251,1.246233]]]},"properties":{"id":"c1_13","score":53.6,"land":100,"power":0,"fibre":0,"community":93,"dSub":18842,"dDc":10455,"cx":103.60924,"cy":1.247228}},{"type":"Feature","geometry":{"type":"Polygon","coordinates":[[[103.619483,1.232667],[103.62146,1.232667],[103.62146,1.234657],[103.619483,1.234657],[103.619483,1.232667]]]},"properties":{"id":"c6_7","score":54.8,"land":100,"power":0,"fibre":0,"community":99,"dSub":18421,"dDc":11381,"cx":103.620472,"cy":1.233662}},{"type":"Feature","geometry":{"type":"Polygon","coordinates":[[[103.668904,1.262059],[103.670881,1.262059],[103.670881,1.264049],[103.668904,1.264049],[103.668904,1.262059]]]},"properties":{"id":"c28_20","score":54.0,"land":100,"power":0,"fibre":0,"community":95,"dSub":12033,"dDc":6895,"cx":103.669892,"cy":1.263054}},{"type":"Feature","geometry":{"type":"Polygon","coordinates":[[[103.619483,1.298234],[103.62146,1.298234],[103.62146,1.300224],[103.619483,1.300224],[103.619483,1.298234]]]},"properties":{"id":"c6_36","score":54.9,"land":100,"power":0,"fibre":1,"community":99,"dSub":16033,"dDc":4966,"cx":103.620472,"cy":1.299229}},{"type":"Feature","geometry":{"type":"Polygon","coordinates":[[[103.641947,1.345714],[103.643924,1.345714],[103.643924,1.347703],[103.641947,1.347703],[103.641947,1.345714]]]},"properties":{"id":"c16_57","score":67.5,"land":100,"power":0,"fibre":62,"community":100,"dSub":12173,"dDc":1879,"cx":103.642936,"cy":1.346708}},{"type":"Feature","geometry":{"type":"Polygon","coordinates":[[[103.641947,1.343453],[103.643924,1.343453],[103.643924,1.345442],[103.641947,1.345442],[103.641947,1.343453]]]},"properties":{"id":"c16_56","score":68.1,"land":100,"power":0,"fibre":67,"community":99,"dSub":12222,"dDc":1665,"cx":103.642936,"cy":1.344448}},{"type":"Feature","geometry":{"type":"Polygon","coordinates":[[[103.673397,1.341192],[103.675374,1.341192],[103.675374,1.343181],[103.673397,1.343181],[103.673397,1.341192]]]},"properties":{"id":"c30_55","score":62.9,"land":100,"power":0,"fibre":43,"community":96,"dSub":8899,"dDc":2828,"cx":103.674385,"cy":1.342187}},{"type":"Feature","geometry":{"type":"Polygon","coordinates":[[[103.635208,1.280147],[103.637185,1.280147],[103.637185,1.282136],[103.635208,1.282136],[103.635208,1.280147]]]},"properties":{"id":"c13_28","score":50.9,"land":89,"power":0,"fibre":0,"community":98,"dSub":14720,"dDc":5849,"cx":103.636196,"cy":1.281141}},{"type":"Feature","geometry":{"type":"Polygon","coordinates":[[[103.682382,1.350235],[103.684359,1.350235],[103.684359,1.352225],[103.682382,1.352225],[103.682382,1.350235]]]},"properties":{"id":"c34_59","score":50.9,"land":100,"power":0,"fibre":23,"community":57,"dSub":7666,"dDc":3862,"cx":103.683371,"cy":1.35123}},{"type":"Feature","geometry":{"type":"Polygon","coordinates":[[[103.686875,1.370584],[103.688852,1.370584],[103.688852,1.372573],[103.686875,1.372573],[103.686875,1.370584]]]},"properties":{"id":"c36_68","score":40.7,"land":69,"power":0,"fibre":8,"community":74,"dSub":6981,"dDc":4602,"cx":103.687864,"cy":1.371579}},{"type":"Feature","geometry":{"type":"Polygon","coordinates":[[[103.691368,1.36154],[103.693345,1.36154],[103.693345,1.36353],[103.691368,1.36353],[103.691368,1.36154]]]},"properties":{"id":"c38_64","score":57.6,"land":100,"power":0,"fibre":22,"community":91,"dSub":6483,"dDc":3888,"cx":103.692356,"cy":1.362535}},{"type":"Feature","geometry":{"type":"Polygon","coordinates":[[[103.682382,1.359279],[103.684359,1.359279],[103.684359,1.361269],[103.682382,1.361269],[103.682382,1.359279]]]},"properties":{"id":"c34_63","score":43.1,"land":76,"power":0,"fibre":5,"community":76,"dSub":7501,"dDc":4745,"cx":103.683371,"cy":1.360274}},{"type":"Feature","geometry":{"type":"Polygon","coordinates":[[[103.689122,1.347975],[103.691098,1.347975],[103.691098,1.349964],[103.689122,1.349964],[103.689122,1.347975]]]},"properties":{"id":"c37_58","score":53.5,"land":100,"power":0,"fibre":34,"community":58,"dSub":7005,"dDc":3299,"cx":103.69011,"cy":1.348969}},{"type":"Feature","geometry":{"type":"Polygon","coordinates":[[[103.686875,1.379628],[103.688852,1.379628],[103.688852,1.381617],[103.686875,1.381617],[103.686875,1.379628]]]},"properties":{"id":"c36_72","score":55.0,"land":100,"power":0,"fibre":0,"community":100,"dSub":7123,"dDc":5014,"cx":103.687864,"cy":1.380622}},{"type":"Feature","geometry":{"type":"Polygon","coordinates":[[[103.686875,1.381888],[103.688852,1.381888],[103.688852,1.383878],[103.686875,1.383878],[103.686875,1.381888]]]},"properties":{"id":"c36_73","score":55.0,"land":100,"power":0,"fibre":0,"community":100,"dSub":7180,"dDc":5142,"cx":103.687864,"cy":1.382883}},{"type":"Feature","geometry":{"type":"Polygon","coordinates":[[[103.686875,1.377367],[103.688852,1.377367],[103.688852,1.379356],[103.686875,1.379356],[103.686875,1.377367]]]},"properties":{"id":"c36_71","score":55.4,"land":100,"power":0,"fibre":2,"community":100,"dSub":7075,"dDc":4895,"cx":103.687864,"cy":1.378361}},{"type":"Feature","geometry":{"type":"Polygon","coordinates":[[[103.693614,1.415802],[103.695591,1.415802],[103.695591,1.417792],[103.693614,1.417792],[103.693614,1.415802]]]},"properties":{"id":"c39_88","score":42.1,"land":80,"power":0,"fibre":0,"community":71,"dSub":8298,"dDc":7415,"cx":103.694603,"cy":1.416797}},{"type":"Feature","geometry":{"type":"Polygon","coordinates":[[[103.689122,1.429368],[103.691098,1.429368],[103.691098,1.431358],[103.689122,1.431358],[103.689122,1.429368]]]},"properties":{"id":"c37_94","score":41.7,"land":100,"power":0,"fibre":0,"community":34,"dSub":9699,"dDc":8974,"cx":103.69011,"cy":1.430363}},{"type":"Feature","geometry":{"type":"Polygon","coordinates":[[[103.691368,1.415802],[103.693345,1.415802],[103.693345,1.417792],[103.691368,1.417792],[103.691368,1.415802]]]},"properties":{"id":"c38_88","score":43.0,"land":81,"power":0,"fibre":0,"community":73,"dSub":8486,"dDc":7540,"cx":103.692356,"cy":1.416797}},{"type":"Feature","geometry":{"type":"Polygon","coordinates":[[[103.689122,1.418063],[103.691098,1.418063],[103.691098,1.420053],[103.689122,1.420053],[103.689122,1.418063]]]},"properties":{"id":"c37_89","score":50.5,"land":100,"power":0,"fibre":0,"community":77,"dSub":8839,"dDc":7883,"cx":103.69011,"cy":1.419058}},{"type":"Feature","geometry":{"type":"Polygon","coordinates":[[[103.691368,1.420324],[103.693345,1.420324],[103.693345,1.422314],[103.691368,1.422314],[103.691368,1.420324]]]},"properties":{"id":"c38_90","score":41.1,"land":71,"power":0,"fibre":0,"community":82,"dSub":8819,"dDc":7974,"cx":103.692356,"cy":1.421319}},{"type":"Feature","geometry":{"type":"Polygon","coordinates":[[[103.695861,1.415802],[103.697838,1.415802],[103.697838,1.417792],[103.695861,1.417792],[103.695861,1.415802]]]},"properties":{"id":"c40_88","score":48.5,"land":100,"power":0,"fibre":0,"community":67,"dSub":8112,"dDc":7297,"cx":103.696849,"cy":1.416797}},{"type":"Feature","geometry":{"type":"Polygon","coordinates":[[[103.693614,1.422585],[103.695591,1.422585],[103.695591,1.424575],[103.693614,1.424575],[103.693614,1.422585]]]},"properties":{"id":"c39_91","score":49.9,"land":93,"power":0,"fibre":0,"community":87,"dSub":8813,"dDc":8079,"cx":103.694603,"cy":1.42358}}]}